Customer ID,Age,Gender,Item Purchased,Category,Purchase Amount (USD),Location,Size,Color,Season,Review Rating,Subscription Status,Shipping Type,Discount Applied,Promo Code Used,Previous Purchases,Payment Method,Frequency of Purchases,promo_dependency_score,total_spend,satisfaction_flag,purchase_frequency,promo_independence,purchase_frequency_score,subscription_flag,engagement_score,value_score,value_tier,loyalty_def_A,loyalty_def_B,customer_segment
1,55,Male,Blouse,Clothing,53,Kentucky,L,Gray,Winter,3.1,Yes,Express,Yes,Yes,14,Venmo,Fortnightly,1.0,795,0,15,0.0,24,1,0.572095504868614,52.29074797372611,High Value,0,1,Deal Hunter
2,19,Male,Sweater,Clothing,64,Maine,L,Maroon,Winter,3.1,Yes,Express,Yes,Yes,2,Cash,Fortnightly,1.0,192,0,3,0.0,24,1,0.4904628518073896,44.47236621839812,High Value,0,1,Deal Hunter
3,50,Male,Jeans,Clothing,73,Massachusetts,S,Maroon,Spring,3.1,Yes,Free Shipping,Yes,Yes,23,Credit Card,Weekly,1.0,1752,0,24,0.0,52,1,0.8163265306122449,70.69343256051731,High Value,0,1,Deal Hunter
4,21,Male,Sandals,Footwear,90,Rhode Island,M,Maroon,Spring,3.5,Yes,Next Day Air,Yes,Yes,49,PayPal,Weekly,1.0,4500,0,50,0.0,52,1,0.9931972789115646,96.12254078547032,High Value,0,1,Deal Hunter
5,45,Male,Blouse,Clothing,49,Oregon,M,Turquoise,Spring,2.7,Yes,Free Shipping,Yes,Yes,31,PayPal,Annually,1.0,1568,0,32,0.0,1,1,0.5374149659863945,55.03023880360961,High Value,0,0,Deal Hunter
6,46,Male,Sneakers,Footwear,20,Wyoming,M,White,Summer,2.9,Yes,Standard,Yes,Yes,14,Venmo,Weekly,1.0,300,0,15,0.0,52,1,0.7551020408163265,58.94191903754409,High Value,0,1,Deal Hunter
7,63,Male,Shirt,Clothing,85,Montana,M,Gray,Fall,3.2,Yes,Free Shipping,Yes,Yes,49,Cash,Quarterly,1.0,4250,0,50,0.0,4,1,0.6794717887154862,78.25082693265941,High Value,0,0,Deal Hunter
8,27,Male,Shorts,Clothing,34,Louisiana,L,Charcoal,Winter,3.2,Yes,Free Shipping,Yes,Yes,19,Credit Card,Weekly,1.0,680,0,20,0.0,52,1,0.7891156462585034,62.957812538707145,High Value,0,1,Deal Hunter
9,26,Male,Coat,Outerwear,97,West Virginia,L,Silver,Summer,2.6,Yes,Express,Yes,Yes,8,Venmo,Annually,1.0,873,0,9,0.0,1,1,0.38095238095238093,42.75845577845012,Mid Value,0,0,Deal Hunter
10,57,Male,Handbag,Accessories,31,Missouri,M,Pink,Spring,4.8,Yes,2-Day Shipping,Yes,Yes,4,Cash,Quarterly,1.0,155,1,5,0.0,4,1,0.37334933973589435,38.421264903194825,Mid Value,0,0,Deal Hunter
11,53,Male,Shoes,Footwear,34,Arkansas,L,Purple,Fall,4.1,Yes,Store Pickup,Yes,Yes,26,Bank Transfer,Bi-Weekly,1.0,918,1,27,0.0,26,1,0.6668000533546752,58.254312029471954,High Value,0,1,Deal Hunter
12,30,Male,Shorts,Clothing,68,Hawaii,S,Olive,Winter,4.9,Yes,Store Pickup,Yes,Yes,10,Bank Transfer,Fortnightly,1.0,748,1,11,0.0,24,1,0.5448846205148725,50.880246593720315,High Value,0,1,Deal Hunter
13,61,Male,Coat,Outerwear,72,Delaware,M,Gold,Winter,4.5,Yes,Express,Yes,Yes,37,Venmo,Fortnightly,1.0,2736,1,38,0.0,24,1,0.7285580899026276,72.18916273159415,High Value,0,1,Deal Hunter
14,65,Male,Dress,Clothing,51,New Hampshire,M,Violet,Spring,4.7,Yes,Express,Yes,Yes,31,PayPal,Weekly,1.0,1632,1,32,0.0,52,1,0.8707482993197277,73.12021406954432,High Value,0,1,Deal Hunter
15,64,Male,Coat,Outerwear,53,New York,L,Teal,Winter,4.7,Yes,Free Shipping,Yes,Yes,34,Debit Card,Weekly,1.0,1855,1,35,0.0,52,1,0.8911564625850339,75.5003041727104,High Value,0,1,Deal Hunter
16,64,Male,Skirt,Clothing,81,Rhode Island,M,Teal,Winter,2.8,Yes,Store Pickup,Yes,Yes,8,PayPal,Monthly,1.0,729,0,9,0.0,12,1,0.4528478057889822,45.66861008575282,High Value,0,1,Deal Hunter
17,25,Male,Sunglasses,Accessories,36,Alabama,S,Gray,Spring,4.1,Yes,Next Day Air,Yes,Yes,44,Debit Card,Bi-Weekly,1.0,1620,1,45,0.0,26,1,0.7892490329465118,68.7893217624273,High Value,0,1,Deal Hunter
18,53,Male,Dress,Clothing,38,Mississippi,XL,Lavender,Winter,4.7,Yes,2-Day Shipping,Yes,Yes,36,Venmo,Quarterly,1.0,1406,1,37,0.0,4,1,0.5910364145658262,57.16783869363452,High Value,0,0,Deal Hunter
19,52,Male,Sweater,Clothing,48,Montana,S,Black,Summer,4.6,Yes,Free Shipping,Yes,Yes,17,Cash,Weekly,1.0,864,1,18,0.0,52,1,0.7755102040816326,63.61891532016851,High Value,0,1,Deal Hunter
20,66,Male,Pants,Clothing,90,Rhode Island,M,Green,Summer,3.3,Yes,Standard,Yes,Yes,46,Debit Card,Bi-Weekly,1.0,4230,0,47,0.0,26,1,0.8028544751233826,84.58264240171846,High Value,0,1,Deal Hunter
21,21,Male,Pants,Clothing,51,Louisiana,M,Black,Winter,2.8,Yes,Express,Yes,Yes,50,Cash,Every 3 Months,1.0,2601,0,51,0.0,4,1,0.6862745098039216,68.8951364844317,High Value,0,0,Deal Hunter
22,31,Male,Pants,Clothing,62,North Carolina,M,Charcoal,Winter,4.1,Yes,Store Pickup,Yes,Yes,22,Debit Card,Quarterly,1.0,1426,1,23,0.0,4,1,0.49579831932773105,52.3072291552655,High Value,0,0,Deal Hunter
23,56,Male,Pants,Clothing,37,California,M,Peach,Summer,3.2,Yes,Store Pickup,Yes,Yes,32,Debit Card,Annually,1.0,1221,0,33,0.0,1,1,0.5442176870748299,53.34228611265457,High Value,0,0,Deal Hunter
24,31,Male,Pants,Clothing,88,Oklahoma,XL,White,Winter,4.4,Yes,Express,Yes,Yes,40,Credit Card,Weekly,1.0,3608,1,41,0.0,52,1,0.9319727891156462,87.95766813384694,High Value,0,1,Deal Hunter
25,18,Male,Jacket,Outerwear,22,Florida,M,Green,Fall,2.9,Yes,Store Pickup,Yes,Yes,16,Debit Card,Weekly,1.0,374,0,17,0.0,52,1,0.7687074829931972,60.088918876513716,High Value,0,1,Deal Hunter
26,18,Male,Hoodie,Clothing,25,Texas,M,Silver,Summer,3.6,Yes,Express,Yes,Yes,14,PayPal,Annually,1.0,375,0,15,0.0,1,1,0.42176870748299317,41.959231650784254,Mid Value,0,0,Deal Hunter
27,38,Male,Jewelry,Accessories,20,Nevada,M,Red,Spring,3.6,Yes,Next Day Air,Yes,Yes,13,Credit Card,Annually,1.0,280,0,14,0.0,1,1,0.4149659863945578,41.04415815993093,Mid Value,0,0,Deal Hunter
28,56,Male,Shorts,Clothing,56,Kentucky,L,Cyan,Summer,5.0,Yes,Next Day Air,Yes,Yes,7,Bank Transfer,Every 3 Months,1.0,448,1,8,0.0,4,1,0.39375750300120044,41.213598971805645,Mid Value,0,0,Deal Hunter
29,54,Male,Handbag,Accessories,94,North Carolina,M,Gray,Fall,4.4,Yes,Free Shipping,Yes,Yes,41,PayPal,Every 3 Months,1.0,3948,1,42,0.0,4,1,0.6250500200080031,73.91618152753449,High Value,0,0,Deal Hunter
30,31,Male,Dress,Clothing,48,Wyoming,S,Black,Fall,4.1,Yes,Store Pickup,Yes,Yes,14,Credit Card,Weekly,1.0,720,1,15,0.0,52,1,0.7551020408163265,61.70407197800439,High Value,0,1,Deal Hunter
31,57,Male,Jewelry,Accessories,31,North Carolina,L,Black,Winter,4.7,Yes,Standard,Yes,Yes,16,Credit Card,Monthly,1.0,527,1,17,0.0,12,1,0.5072695744964653,47.612477235258844,High Value,0,1,Deal Hunter
32,33,Male,Dress,Clothing,79,West Virginia,L,Brown,Winter,4.7,Yes,Store Pickup,Yes,Yes,45,Venmo,Monthly,1.0,3634,1,46,0.0,12,1,0.7045484860610911,76.22260669624204,High Value,0,1,Deal Hunter
33,36,Male,Jacket,Outerwear,67,Kansas,M,Silver,Summer,4.9,Yes,Free Shipping,Yes,Yes,37,Venmo,Annually,1.0,2546,1,38,0.0,1,1,0.5782312925170068,63.212162295113686,High Value,0,0,Deal Hunter
34,54,Male,Pants,Clothing,38,Colorado,L,Green,Summer,3.3,Yes,Store Pickup,Yes,Yes,45,Cash,Quarterly,1.0,1748,0,46,0.0,4,1,0.6522609043617447,62.09365161676331,High Value,0,0,Deal Hunter
35,36,Male,T-shirt,Clothing,91,North Dakota,L,Violet,Spring,4.6,Yes,2-Day Shipping,Yes,Yes,38,PayPal,Quarterly,1.0,3549,1,39,0.0,4,1,0.604641856742697,70.49959231125015,High Value,0,0,Deal Hunter
36,54,Male,Blouse,Clothing,33,Massachusetts,M,Cyan,Summer,4.0,Yes,2-Day Shipping,Yes,Yes,48,Credit Card,Bi-Weekly,1.0,1617,1,49,0.0,26,1,0.8164599173002534,70.19405231490713,High Value,0,1,Deal Hunter
37,35,Male,T-shirt,Clothing,69,Illinois,M,Maroon,Winter,4.6,Yes,Free Shipping,Yes,Yes,44,PayPal,Fortnightly,1.0,3105,1,45,0.0,24,1,0.7761771375216753,76.85147411368676,High Value,0,1,Deal Hunter
38,35,Male,Jeans,Clothing,45,Indiana,S,Cyan,Summer,2.8,Yes,Store Pickup,Yes,Yes,10,PayPal,Weekly,1.0,495,0,11,0.0,52,1,0.727891156462585,58.66791479028419,High Value,0,1,Deal Hunter
39,29,Male,Dress,Clothing,37,Florida,M,Red,Winter,3.8,Yes,2-Day Shipping,Yes,Yes,44,Venmo,Every 3 Months,1.0,1665,0,45,0.0,4,1,0.6454581832733093,61.249248519986224,High Value,0,0,Deal Hunter
40,70,Male,Pants,Clothing,60,Arizona,S,Turquoise,Summer,4.2,Yes,Express,Yes,Yes,18,Credit Card,Monthly,1.0,1140,1,19,0.0,12,1,0.520875016673336,51.93375560815316,High Value,0,1,Deal Hunter
41,69,Male,Handbag,Accessories,76,Louisiana,L,Beige,Winter,4.6,Yes,Next Day Air,Yes,Yes,31,Debit Card,Quarterly,1.0,2432,1,32,0.0,4,1,0.5570228091236494,61.43215969840491,High Value,0,0,Deal Hunter
42,67,Male,Scarf,Accessories,39,Alaska,M,Orange,Spring,4.5,Yes,Standard,Yes,Yes,40,Venmo,Annually,1.0,1599,1,41,0.0,1,1,0.5986394557823129,58.7018889758458,High Value,0,0,Deal Hunter
43,20,Male,Coat,Outerwear,100,Tennessee,M,Beige,Spring,4.1,Yes,Free Shipping,Yes,Yes,15,PayPal,Annually,1.0,1600,1,16,0.0,1,1,0.42857142857142855,49.8177897316091,High Value,0,0,Deal Hunter
44,25,Male,Scarf,Accessories,69,Ohio,L,Lavender,Fall,3.7,Yes,Store Pickup,Yes,Yes,19,PayPal,Fortnightly,1.0,1380,0,20,0.0,24,1,0.606109110310791,57.5139273736917,High Value,0,1,Deal Hunter
45,39,Male,Hat,Accessories,53,Kentucky,S,Silver,Summer,4.6,Yes,Free Shipping,Yes,Yes,45,PayPal,Weekly,1.0,2438,1,46,0.0,52,1,0.9659863945578231,82.8453024001616,High Value,0,1,Deal Hunter
46,50,Male,Socks,Clothing,21,Tennessee,XL,Indigo,Fall,2.9,Yes,2-Day Shipping,Yes,Yes,25,PayPal,Annually,1.0,546,0,26,0.0,1,1,0.4965986394557823,46.8778796816177,High Value,0,0,Deal Hunter
47,57,Male,Shirt,Clothing,43,California,L,White,Summer,2.9,Yes,Store Pickup,Yes,Yes,45,Cash,Quarterly,1.0,1978,0,46,0.0,4,1,0.6522609043617447,63.448167503224695,High Value,0,0,Deal Hunter
48,55,Male,Jewelry,Accessories,54,Montana,M,Charcoal,Winter,4.5,Yes,Free Shipping,Yes,Yes,36,Cash,Weekly,1.0,1998,1,37,0.0,52,1,0.9047619047619047,77.05365877761842,High Value,0,1,Deal Hunter
49,42,Male,Shirt,Clothing,55,Nevada,M,Orange,Summer,2.7,Yes,Store Pickup,Yes,Yes,38,Cash,Monthly,1.0,2145,0,39,0.0,12,1,0.6569294384420434,64.67570271924146,High Value,0,1,Deal Hunter
50,68,Male,Hoodie,Clothing,30,New Jersey,S,Indigo,Spring,4.6,Yes,Next Day Air,Yes,Yes,34,Debit Card,Bi-Weekly,1.0,1050,1,35,0.0,26,1,0.7212218220621581,61.87648266630842,High Value,0,1,Deal Hunter
51,49,Male,Blouse,Clothing,28,Maryland,M,Red,Spring,3.8,Yes,Store Pickup,Yes,Yes,39,Debit Card,Bi-Weekly,1.0,1120,0,40,0.0,26,1,0.7552354275043349,63.77803517271009,High Value,0,1,Deal Hunter
52,59,Male,Skirt,Clothing,59,Vermont,XL,Gray,Winter,4.7,Yes,2-Day Shipping,Yes,Yes,7,Credit Card,Quarterly,1.0,472,1,8,0.0,4,1,0.39375750300120044,41.354939759958135,Mid Value,0,0,Deal Hunter
53,42,Male,T-shirt,Clothing,20,Alaska,M,Green,Summer,2.6,Yes,Free Shipping,Yes,Yes,26,Credit Card,Weekly,1.0,540,0,27,0.0,52,1,0.8367346938775511,64.62252137206568,High Value,0,1,Deal Hunter
54,29,Male,Skirt,Clothing,24,Mississippi,S,Peach,Winter,3.9,Yes,Next Day Air,Yes,Yes,35,Credit Card,Weekly,1.0,864,0,36,0.0,52,1,0.8979591836734693,69.73101785187178,High Value,0,1,Deal Hunter
55,47,Male,Coat,Outerwear,94,New Mexico,M,Brown,Summer,4.2,Yes,Next Day Air,Yes,Yes,35,Debit Card,Bi-Weekly,1.0,3384,1,36,0.0,26,1,0.7280245431505935,75.97747385188792,High Value,0,1,Deal Hunter
56,40,Male,Jacket,Outerwear,28,South Carolina,M,Lavender,Winter,3.0,Yes,2-Day Shipping,Yes,Yes,49,Credit Card,Annually,1.0,1400,0,50,0.0,1,1,0.6598639455782312,60.44164496603717,High Value,0,0,Deal Hunter
57,41,Male,Backpack,Accessories,73,Mississippi,XL,Brown,Summer,4.7,Yes,Store Pickup,Yes,Yes,46,Credit Card,Weekly,1.0,3431,1,47,0.0,52,1,0.9727891156462585,89.04887704772065,High Value,0,1,Deal Hunter
58,21,Male,Coat,Outerwear,64,West Virginia,M,White,Summer,4.4,Yes,Store Pickup,Yes,Yes,17,Debit Card,Fortnightly,1.0,1152,1,18,0.0,24,1,0.5925036681339202,55.748679958535305,High Value,0,1,Deal Hunter
59,69,Male,Hoodie,Clothing,54,Missouri,M,Charcoal,Summer,4.2,Yes,Free Shipping,Yes,Yes,29,Venmo,Monthly,1.0,1620,1,30,0.0,12,1,0.595704948646125,58.67216628644992,High Value,0,1,Deal Hunter
60,63,Male,Belt,Accessories,79,Louisiana,L,Yellow,Spring,4.6,Yes,Standard,Yes,Yes,4,Debit Card,Weekly,1.0,395,1,5,0.0,52,1,0.6870748299319728,56.234086760942205,High Value,0,1,Deal Hunter
61,50,Male,Sweater,Clothing,37,Idaho,L,Brown,Summer,4.0,Yes,Express,Yes,Yes,17,Cash,Weekly,1.0,666,1,18,0.0,52,1,0.7755102040816326,62.45285381791046,High Value,0,1,Deal Hunter
62,55,Male,Scarf,Accessories,68,Texas,M,Orange,Winter,4.7,Yes,Store Pickup,Yes,Yes,21,Credit Card,Every 3 Months,1.0,1496,1,22,0.0,4,1,0.48899559823929567,52.363873582960544,High Value,0,0,Deal Hunter
63,30,Male,Sneakers,Footwear,21,Mississippi,S,Magenta,Spring,3.8,Yes,Free Shipping,Yes,Yes,31,Credit Card,Fortnightly,1.0,672,0,32,0.0,24,1,0.6877417633720155,57.61156857618989,High Value,0,1,Deal Hunter
64,33,Male,Sunglasses,Accessories,79,Arizona,L,Lavender,Winter,2.7,Yes,2-Day Shipping,Yes,Yes,43,Credit Card,Weekly,1.0,3476,0,44,0.0,52,1,0.9523809523809523,87.9584032644657,High Value,0,1,Deal Hunter
65,65,Male,Boots,Footwear,83,Alabama,S,Green,Fall,4.8,Yes,Standard,Yes,Yes,18,Debit Card,Fortnightly,1.0,1577,1,19,0.0,24,1,0.5993063892223556,58.607189286485394,High Value,0,1,Deal Hunter
66,65,Male,Backpack,Accessories,36,New Jersey,M,Purple,Spring,4.8,Yes,2-Day Shipping,Yes,Yes,44,Venmo,Every 3 Months,1.0,1620,1,45,0.0,4,1,0.6454581832733093,61.27292368999201,High Value,0,0,Deal Hunter
67,31,Male,Blouse,Clothing,94,Pennsylvania,S,Magenta,Winter,4.7,Yes,2-Day Shipping,Yes,Yes,3,Venmo,Every 3 Months,1.0,376,1,4,0.0,4,1,0.36654661864745897,39.367178456349286,Mid Value,0,0,Deal Hunter
68,45,Male,Coat,Outerwear,33,Connecticut,L,Gray,Winter,4.4,Yes,Store Pickup,Yes,Yes,49,Debit Card,Monthly,1.0,1650,1,50,0.0,12,1,0.7317593704148326,65.96083302663499,High Value,0,1,Deal Hunter
69,57,Male,Handbag,Accessories,46,Utah,L,Silver,Summer,3.9,Yes,Next Day Air,Yes,Yes,21,Cash,Every 3 Months,1.0,1012,0,22,0.0,4,1,0.48899559823929567,49.22481187409359,High Value,0,0,Deal Hunter
70,48,Male,Belt,Accessories,70,Tennessee,S,Cyan,Summer,4.4,Yes,Express,Yes,Yes,5,Cash,Weekly,1.0,420,1,6,0.0,52,1,0.693877551020408,56.736916286350755,High Value,0,1,Deal Hunter
71,22,Male,Belt,Accessories,29,Alabama,M,Magenta,Fall,4.2,Yes,Express,Yes,Yes,32,Debit Card,Every 3 Months,1.0,957,1,33,0.0,4,1,0.5638255302120848,53.10118996428278,High Value,0,0,Deal Hunter
72,36,Male,Dress,Clothing,48,Virginia,L,Gold,Summer,2.9,Yes,Express,Yes,Yes,34,Bank Transfer,Annually,1.0,1680,0,35,0.0,1,1,0.5578231292517006,56.756627761570414,High Value,0,0,Deal Hunter
73,18,Male,Dress,Clothing,26,Georgia,M,Olive,Winter,2.9,Yes,Store Pickup,Yes,Yes,21,Bank Transfer,Every 3 Months,1.0,572,0,22,0.0,4,1,0.48899559823929567,46.63356409129791,High Value,0,0,Deal Hunter
74,48,Male,Pants,Clothing,85,Hawaii,M,Teal,Spring,2.7,Yes,Free Shipping,Yes,Yes,43,Bank Transfer,Bi-Weekly,1.0,3740,0,44,0.0,26,1,0.7824463118580764,80.63013603035593,High Value,0,1,Deal Hunter
75,49,Male,Gloves,Accessories,58,Indiana,L,Violet,Spring,4.5,Yes,Express,Yes,Yes,3,Cash,Monthly,1.0,232,1,4,0.0,12,1,0.41883420034680535,41.252369390138085,Mid Value,0,1,Deal Hunter
76,64,Male,Scarf,Accessories,85,Utah,M,Blue,Summer,2.7,Yes,Free Shipping,Yes,Yes,21,Credit Card,Annually,1.0,1870,0,22,0.0,1,1,0.4693877551020408,53.252781677031244,High Value,0,0,Deal Hunter
77,50,Male,Hat,Accessories,43,Delaware,S,Teal,Summer,4.2,Yes,Free Shipping,Yes,Yes,32,Venmo,Monthly,1.0,1419,1,33,0.0,12,1,0.6161131119114311,58.55523579892198,High Value,0,1,Deal Hunter
78,22,Male,Dress,Clothing,53,Delaware,L,Gold,Summer,3.3,Yes,Next Day Air,Yes,Yes,36,Debit Card,Fortnightly,1.0,1961,0,37,0.0,24,1,0.7217553688141922,66.98074442862853,High Value,0,1,Deal Hunter
79,50,Male,Skirt,Clothing,91,Nebraska,M,Maroon,Spring,4.7,Yes,Free Shipping,Yes,Yes,50,Venmo,Fortnightly,1.0,4641,1,51,0.0,24,1,0.8169934640522876,88.03088178194454,High Value,0,1,Deal Hunter
80,38,Male,Jacket,Outerwear,96,Iowa,M,Olive,Winter,2.6,Yes,2-Day Shipping,Yes,Yes,43,Bank Transfer,Every 3 Months,1.0,4224,0,44,0.0,4,1,0.6386554621848739,75.96411051899588,High Value,0,0,Deal Hunter
81,19,Male,Sandals,Footwear,72,New York,XL,Blue,Summer,3.8,Yes,Store Pickup,Yes,Yes,24,Credit Card,Every 3 Months,1.0,1800,0,25,0.0,4,1,0.5094037615046019,54.93229969834955,High Value,0,0,Deal Hunter
82,67,Male,Shoes,Footwear,96,Virginia,L,Maroon,Summer,2.6,Yes,Express,Yes,Yes,36,Credit Card,Every 3 Months,1.0,3552,0,37,0.0,4,1,0.5910364145658262,69.51737168647807,High Value,0,0,Deal Hunter
83,19,Male,Pants,Clothing,28,Georgia,S,Olive,Spring,4.0,Yes,2-Day Shipping,Yes,Yes,21,Credit Card,Every 3 Months,1.0,616,1,22,0.0,4,1,0.48899559823929567,47.18137801736919,High Value,0,0,Deal Hunter
84,36,Male,Dress,Clothing,40,Texas,M,Turquoise,Summer,4.1,Yes,Standard,Yes,Yes,34,Bank Transfer,Weekly,1.0,1400,1,35,0.0,52,1,0.8911564625850339,72.82071839731941,High Value,0,1,Deal Hunter
85,52,Male,Coat,Outerwear,32,Arizona,S,Peach,Spring,4.4,Yes,Standard,Yes,Yes,42,Bank Transfer,Every 3 Months,1.0,1376,1,43,0.0,4,1,0.6318527410964385,59.12475993494224,High Value,0,0,Deal Hunter
86,53,Male,Sunglasses,Accessories,95,New Mexico,M,Charcoal,Winter,4.5,Yes,Next Day Air,Yes,Yes,2,Debit Card,Bi-Weekly,1.0,285,1,3,0.0,26,1,0.5035347472322262,45.992059835956674,High Value,0,1,Deal Hunter
87,24,Male,Hoodie,Clothing,41,Nevada,L,Pink,Spring,3.7,Yes,2-Day Shipping,Yes,Yes,47,Cash,Bi-Weekly,1.0,1968,0,48,0.0,26,1,0.809657196211818,71.6168726560959,High Value,0,1,Deal Hunter
88,52,Male,Shoes,Footwear,53,Ohio,M,Green,Fall,3.7,Yes,2-Day Shipping,Yes,Yes,44,Debit Card,Fortnightly,1.0,2385,0,45,0.0,24,1,0.7761771375216753,72.32256132132031,High Value,0,1,Deal Hunter
89,33,Male,T-shirt,Clothing,47,Wyoming,M,Orange,Fall,3.5,Yes,Free Shipping,Yes,Yes,35,Credit Card,Monthly,1.0,1692,0,36,0.0,12,1,0.6365212751767373,60.94109672961402,High Value,0,1,Deal Hunter
90,47,Male,Jacket,Outerwear,83,California,XL,Pink,Fall,3.6,Yes,Next Day Air,Yes,Yes,15,Cash,Quarterly,1.0,1328,0,16,0.0,4,1,0.44817927170868344,48.95220169160306,High Value,0,0,Deal Hunter
91,25,Male,Hat,Accessories,48,South Carolina,L,Violet,Summer,2.9,Yes,Express,Yes,Yes,29,Credit Card,Monthly,1.0,1440,0,30,0.0,12,1,0.595704948646125,57.32342122751453,High Value,0,1,Deal Hunter
92,44,Male,Scarf,Accessories,99,South Carolina,S,Green,Winter,4.6,Yes,Standard,Yes,Yes,18,Credit Card,Every 3 Months,1.0,1881,1,19,0.0,4,1,0.4685874349739896,53.564416779657584,High Value,0,0,Deal Hunter
93,61,Male,Jacket,Outerwear,87,Texas,M,Olive,Winter,4.4,Yes,2-Day Shipping,Yes,Yes,13,Venmo,Every 3 Months,1.0,1218,1,14,0.0,4,1,0.43457382953181267,47.88187981819641,High Value,0,0,Deal Hunter
94,37,Male,Sweater,Clothing,62,Florida,M,Purple,Fall,4.5,Yes,Standard,Yes,Yes,46,Credit Card,Weekly,1.0,2914,1,47,0.0,52,1,0.9727891156462585,86.00416090293574,High Value,0,1,Deal Hunter
95,58,Male,Skirt,Clothing,76,Nevada,S,Silver,Spring,4.6,Yes,Free Shipping,Yes,Yes,28,Credit Card,Weekly,1.0,2204,1,29,0.0,52,1,0.8503401360544216,75.42203757392954,High Value,0,1,Deal Hunter
96,37,Male,Sneakers,Footwear,100,Missouri,L,Pink,Fall,3.8,Yes,Free Shipping,Yes,Yes,48,PayPal,Monthly,1.0,4900,0,49,0.0,12,1,0.7249566493263973,84.45644273674341,High Value,0,1,Deal Hunter
97,32,Male,Gloves,Accessories,73,Delaware,S,Gold,Spring,3.8,Yes,Express,Yes,Yes,43,Venmo,Every 3 Months,1.0,3212,0,44,0.0,4,1,0.6386554621848739,70.00424061856583,High Value,0,0,Deal Hunter
98,21,Male,Shoes,Footwear,92,Virginia,M,Teal,Winter,4.8,Yes,Store Pickup,Yes,Yes,37,Cash,Annually,1.0,3496,1,38,0.0,1,1,0.5782312925170068,68.8069018261498,High Value,0,0,Deal Hunter
99,20,Male,Jeans,Clothing,67,New York,XL,Teal,Spring,2.6,Yes,Next Day Air,Yes,Yes,20,Bank Transfer,Annually,1.0,1407,0,21,0.0,1,1,0.4625850340136054,50.17048276783971,High Value,0,0,Deal Hunter
100,26,Male,Hoodie,Clothing,40,Missouri,XL,Indigo,Summer,3.7,Yes,Express,Yes,Yes,33,Debit Card,Quarterly,1.0,1360,0,34,0.0,4,1,0.5706282513005201,55.54144775530136,High Value,0,0,Deal Hunter
101,62,Male,Sunglasses,Accessories,98,South Dakota,M,Maroon,Fall,2.7,Yes,Express,Yes,Yes,31,Cash,Fortnightly,1.0,3136,0,32,0.0,24,1,0.6877417633720155,72.12255615984564,High Value,0,1,Deal Hunter
102,27,Male,Coat,Outerwear,85,North Dakota,XL,White,Spring,4.6,Yes,Express,Yes,Yes,50,Credit Card,Bi-Weekly,1.0,4335,1,51,0.0,26,1,0.8300653594771241,86.91209564867621,High Value,0,1,Deal Hunter
103,51,Male,Socks,Clothing,67,Oklahoma,L,Violet,Winter,4.8,Yes,Next Day Air,Yes,Yes,35,Credit Card,Quarterly,1.0,2412,1,36,0.0,4,1,0.5842336934773908,62.73677385927672,High Value,0,0,Deal Hunter
104,54,Male,Boots,Footwear,89,West Virginia,L,Red,Winter,4.0,Yes,Next Day Air,Yes,Yes,22,Venmo,Bi-Weekly,1.0,2047,1,23,0.0,26,1,0.6395891690009337,63.4808201211465,High Value,0,1,Deal Hunter
105,55,Male,Sunglasses,Accessories,24,New Hampshire,L,Pink,Spring,4.4,Yes,2-Day Shipping,Yes,Yes,1,PayPal,Monthly,1.0,48,1,2,0.0,12,1,0.40522875816993464,39.457557605469546,Mid Value,0,1,Deal Hunter
106,69,Male,Backpack,Accessories,96,New York,M,Charcoal,Fall,3.6,Yes,Next Day Air,Yes,Yes,4,Bank Transfer,Annually,1.0,480,0,5,0.0,1,1,0.35374149659863946,39.021602221454195,Mid Value,0,0,Deal Hunter
107,64,Male,Jacket,Outerwear,35,Minnesota,L,White,Summer,3.7,Yes,Standard,Yes,Yes,31,Credit Card,Monthly,1.0,1120,0,32,0.0,12,1,0.6093103908229958,56.150076460980756,High Value,0,1,Deal Hunter
108,28,Male,Sneakers,Footwear,67,Maryland,L,Olive,Winter,3.1,Yes,Next Day Air,Yes,Yes,46,PayPal,Fortnightly,1.0,3149,0,47,0.0,24,1,0.789782579698546,77.53310881967406,High Value,0,1,Deal Hunter
109,70,Male,Socks,Clothing,79,Montana,L,Purple,Spring,3.4,Yes,Next Day Air,Yes,Yes,32,Bank Transfer,Bi-Weekly,1.0,2607,0,33,0.0,26,1,0.7076163798852875,70.04607807441013,High Value,0,1,Deal Hunter
110,58,Male,T-shirt,Clothing,85,Alabama,M,Violet,Spring,2.6,Yes,Next Day Air,Yes,Yes,43,Bank Transfer,Fortnightly,1.0,3740,0,44,0.0,24,1,0.7693744164332399,79.94682711467999,High Value,0,1,Deal Hunter
111,56,Male,Backpack,Accessories,26,New York,M,Black,Summer,4.0,Yes,Standard,Yes,Yes,26,Venmo,Fortnightly,1.0,702,1,27,0.0,24,1,0.6537281579298386,56.2989360204236,High Value,0,1,Deal Hunter
112,26,Male,Belt,Accessories,75,Massachusetts,L,Purple,Summer,5.0,Yes,Free Shipping,Yes,Yes,9,Credit Card,Annually,1.0,750,1,10,0.0,1,1,0.3877551020408163,42.67837292471004,Mid Value,0,0,Deal Hunter
113,37,Male,Gloves,Accessories,65,Florida,M,Red,Spring,4.3,Yes,Free Shipping,Yes,Yes,28,PayPal,Bi-Weekly,1.0,1885,1,29,0.0,26,1,0.680405495531546,64.66036702761552,High Value,0,1,Deal Hunter
114,44,Male,Hat,Accessories,54,New Jersey,L,Maroon,Winter,3.1,Yes,Next Day Air,Yes,Yes,20,PayPal,Quarterly,1.0,1134,0,21,0.0,4,1,0.4821928771508603,49.58769467611903,High Value,0,0,Deal Hunter
115,70,Male,Coat,Outerwear,95,Massachusetts,S,Blue,Summer,3.7,Yes,Store Pickup,Yes,Yes,9,Cash,Weekly,1.0,950,0,10,0.0,52,1,0.7210884353741496,60.99190102792546,High Value,0,1,Deal Hunter
116,53,Male,Skirt,Clothing,94,Wyoming,M,Gray,Spring,3.8,Yes,Standard,Yes,Yes,48,Debit Card,Every 3 Months,1.0,4606,0,49,0.0,4,1,0.6726690676270508,79.99178241917164,High Value,0,0,Deal Hunter
117,55,Male,Shoes,Footwear,86,Virginia,S,Blue,Spring,3.4,Yes,Free Shipping,Yes,Yes,12,Venmo,Annually,1.0,1118,0,13,0.0,1,1,0.40816326530612246,45.62370780850569,High Value,0,0,Deal Hunter
118,50,Male,Sandals,Footwear,32,South Dakota,L,Yellow,Summer,4.6,Yes,Express,Yes,Yes,29,Cash,Fortnightly,1.0,960,1,30,0.0,24,1,0.6741363211951448,58.88514810631204,High Value,0,1,Deal Hunter
119,50,Male,Sweater,Clothing,45,Kentucky,L,Orange,Fall,4.8,Yes,2-Day Shipping,Yes,Yes,27,Cash,Bi-Weekly,1.0,1260,1,28,0.0,26,1,0.6736027744431106,60.62401779839467,High Value,0,1,Deal Hunter
120,38,Male,Coat,Outerwear,76,Wyoming,M,Orange,Fall,4.3,Yes,Express,Yes,Yes,44,Cash,Annually,1.0,3420,1,45,0.0,1,1,0.6258503401360545,70.84851942791495,High Value,0,0,Deal Hunter
121,64,Male,Hat,Accessories,84,West Virginia,L,Red,Summer,4.0,Yes,Express,Yes,Yes,32,Bank Transfer,Annually,1.0,2772,1,33,0.0,1,1,0.5442176870748299,62.76512369480103,High Value,0,0,Deal Hunter
122,19,Male,Shorts,Clothing,72,Virginia,M,Olive,Winter,4.2,Yes,Standard,Yes,Yes,11,Cash,Fortnightly,1.0,864,1,12,0.0,24,1,0.5516873416033079,51.91899327420708,High Value,0,1,Deal Hunter
123,40,Male,Backpack,Accessories,40,Washington,L,Brown,Spring,4.8,Yes,2-Day Shipping,Yes,Yes,44,Cash,Fortnightly,1.0,1800,1,45,0.0,24,1,0.7761771375216753,69.16606875789505,High Value,0,1,Deal Hunter
124,57,Male,Sweater,Clothing,89,Louisiana,L,Brown,Fall,3.1,Yes,Free Shipping,Yes,Yes,46,Cash,Weekly,1.0,4183,0,47,0.0,52,1,0.9727891156462585,93.188865928707,High Value,0,1,Deal Hunter
125,44,Male,Sweater,Clothing,86,Nevada,M,Gray,Spring,3.1,Yes,Next Day Air,Yes,Yes,50,PayPal,Annually,1.0,4386,0,51,0.0,1,1,0.6666666666666666,78.38239422975934,High Value,0,0,Deal Hunter
126,49,Male,Shorts,Clothing,54,California,M,Indigo,Winter,3.6,Yes,Next Day Air,Yes,Yes,45,Venmo,Every 3 Months,1.0,2484,0,46,0.0,4,1,0.6522609043617447,66.42810245343969,High Value,0,0,Deal Hunter
127,43,Male,Shorts,Clothing,36,Mississippi,L,Pink,Spring,3.9,Yes,Store Pickup,Yes,Yes,48,Cash,Every 3 Months,1.0,1764,0,49,0.0,4,1,0.6726690676270508,63.254677422114135,High Value,0,0,Deal Hunter
128,24,Male,Sweater,Clothing,89,Mississippi,M,Gray,Winter,4.8,Yes,Next Day Air,Yes,Yes,26,Credit Card,Weekly,1.0,2403,1,27,0.0,52,1,0.8367346938775511,75.88278920019451,High Value,0,1,Deal Hunter
129,20,Male,Scarf,Accessories,32,California,M,Gold,Spring,4.7,Yes,Standard,Yes,Yes,21,Credit Card,Fortnightly,1.0,704,1,22,0.0,24,1,0.6197145524876617,54.53271673068769,High Value,0,1,Deal Hunter
130,24,Male,Dress,Clothing,67,Pennsylvania,XL,Olive,Summer,4.2,Yes,2-Day Shipping,Yes,Yes,49,PayPal,Bi-Weekly,1.0,3350,1,50,0.0,26,1,0.8232626383886887,80.755634597168,High Value,0,1,Deal Hunter
131,44,Male,Scarf,Accessories,39,Kentucky,L,Violet,Fall,3.7,Yes,Next Day Air,Yes,Yes,13,PayPal,Fortnightly,1.0,546,0,14,0.0,24,1,0.5652927837801787,50.46873775889429,High Value,0,1,Deal Hunter
132,28,Male,Skirt,Clothing,29,Maine,L,Indigo,Summer,3.9,Yes,Standard,Yes,Yes,46,Credit Card,Weekly,1.0,1363,0,47,0.0,52,1,0.9727891156462585,76.58132332078927,High Value,0,1,Deal Hunter
133,30,Male,Backpack,Accessories,58,New Mexico,M,Orange,Fall,4.7,Yes,2-Day Shipping,Yes,Yes,42,PayPal,Weekly,1.0,2494,1,43,0.0,52,1,0.945578231292517,82.10829895926825,High Value,0,1,Deal Hunter
134,52,Male,Sweater,Clothing,65,Montana,M,Violet,Winter,2.5,Yes,Next Day Air,Yes,Yes,25,Venmo,Annually,1.0,1690,0,26,0.0,1,1,0.4965986394557823,53.61512391688645,High Value,0,0,Deal Hunter
135,43,Male,Hat,Accessories,94,Texas,L,Gray,Fall,4.9,Yes,Store Pickup,Yes,Yes,25,Cash,Monthly,1.0,2444,1,26,0.0,12,1,0.5684940642923836,62.10246852868657,High Value,0,1,Deal Hunter
136,43,Male,Sandals,Footwear,81,Kansas,M,Purple,Fall,4.1,Yes,Express,Yes,Yes,12,PayPal,Quarterly,1.0,1053,1,13,0.0,4,1,0.42777110844337735,46.55456236189831,High Value,0,0,Deal Hunter
137,39,Male,Blouse,Clothing,86,South Carolina,M,White,Winter,3.3,Yes,Free Shipping,Yes,Yes,4,Debit Card,Quarterly,1.0,430,0,5,0.0,4,1,0.37334933973589435,39.75210561965041,Mid Value,0,0,Deal Hunter
138,68,Male,Sneakers,Footwear,43,Colorado,M,Turquoise,Spring,4.7,Yes,Free Shipping,Yes,Yes,38,PayPal,Weekly,1.0,1677,1,39,0.0,52,1,0.9183673469387754,75.87442481157831,High Value,0,1,Deal Hunter
139,68,Male,Skirt,Clothing,29,Georgia,M,Maroon,Winter,4.4,Yes,Store Pickup,Yes,Yes,42,Bank Transfer,Weekly,1.0,1247,1,43,0.0,52,1,0.945578231292517,74.76446717484507,High Value,0,1,Deal Hunter
140,49,Male,Coat,Outerwear,95,Florida,M,White,Fall,3.8,Yes,Store Pickup,Yes,Yes,30,Venmo,Annually,1.0,2945,0,31,0.0,1,1,0.5306122448979591,62.784066986109075,High Value,0,0,Deal Hunter
141,63,Male,Shirt,Clothing,28,North Carolina,L,Yellow,Fall,3.9,Yes,2-Day Shipping,Yes,Yes,50,Credit Card,Weekly,1.0,1428,0,51,0.0,52,1,1.0,78.38651943970115,High Value,0,1,Deal Hunter
142,56,Male,Gloves,Accessories,46,Virginia,M,Turquoise,Fall,4.9,Yes,Free Shipping,Yes,Yes,45,PayPal,Weekly,1.0,2116,1,46,0.0,52,1,0.9659863945578231,80.94898015911568,High Value,0,1,Deal Hunter
143,37,Male,Jacket,Outerwear,58,Nebraska,L,Violet,Fall,3.1,Yes,Free Shipping,Yes,Yes,33,Credit Card,Fortnightly,1.0,1972,0,34,0.0,24,1,0.7013472055488861,65.97872700994925,High Value,0,1,Deal Hunter
144,30,Male,Coat,Outerwear,48,Missouri,M,Beige,Fall,2.7,Yes,Store Pickup,Yes,Yes,25,PayPal,Quarterly,1.0,1248,0,26,0.0,4,1,0.5162064825930373,52.03706110859198,High Value,0,0,Deal Hunter
145,19,Male,Shoes,Footwear,43,New Jersey,M,Silver,Fall,3.2,Yes,Express,Yes,Yes,25,Cash,Monthly,1.0,1118,0,26,0.0,12,1,0.5684940642923836,54.00470083546972,High Value,0,1,Deal Hunter
146,24,Male,Jewelry,Accessories,95,Missouri,M,Teal,Fall,4.5,Yes,Standard,Yes,Yes,44,Debit Card,Quarterly,1.0,4275,1,45,0.0,4,1,0.6454581832733093,76.90874837936134,High Value,0,0,Deal Hunter
147,52,Male,Skirt,Clothing,30,Colorado,S,Black,Fall,4.0,Yes,Standard,Yes,Yes,21,Venmo,Fortnightly,1.0,660,1,22,0.0,24,1,0.6197145524876617,54.27359195240812,High Value,0,1,Deal Hunter
148,63,Male,Shoes,Footwear,64,Idaho,M,Purple,Summer,3.5,Yes,2-Day Shipping,Yes,Yes,31,Bank Transfer,Fortnightly,1.0,2048,0,32,0.0,24,1,0.6877417633720155,65.7151070969327,High Value,0,1,Deal Hunter
149,37,Male,Gloves,Accessories,90,Wyoming,M,Gray,Fall,2.6,Yes,Store Pickup,Yes,Yes,47,Debit Card,Annually,1.0,4320,0,48,0.0,1,1,0.6462585034013606,76.92690844909083,High Value,0,0,Deal Hunter
150,38,Male,Pants,Clothing,76,Delaware,M,White,Summer,3.2,Yes,Free Shipping,Yes,Yes,14,PayPal,Monthly,1.0,1140,0,15,0.0,12,1,0.4936641323195945,50.22266830936256,High Value,0,1,Deal Hunter
151,35,Male,Boots,Footwear,96,California,L,Cyan,Fall,4.9,Yes,Standard,Yes,Yes,17,Debit Card,Every 3 Months,1.0,1728,1,18,0.0,4,1,0.4617847138855542,52.30776971743574,High Value,0,0,Deal Hunter
152,28,Male,Sunglasses,Accessories,47,North Dakota,L,Turquoise,Fall,4.5,Yes,Next Day Air,Yes,Yes,3,Venmo,Annually,1.0,188,1,4,0.0,1,1,0.3469387755102041,37.235045575640875,Mid Value,0,0,Deal Hunter
153,30,Male,Shirt,Clothing,85,South Carolina,S,Brown,Summer,4.3,Yes,Express,Yes,Yes,42,Venmo,Annually,1.0,3655,1,43,0.0,1,1,0.6122448979591837,71.52128223640865,High Value,0,0,Deal Hunter
154,69,Male,Hoodie,Clothing,55,North Carolina,M,Maroon,Winter,3.2,Yes,Standard,Yes,Yes,22,Debit Card,Annually,1.0,1265,0,23,0.0,1,1,0.47619047619047616,50.04541551343692,High Value,0,0,Deal Hunter
155,41,Male,Dress,Clothing,98,Oklahoma,M,Charcoal,Fall,3.6,Yes,Next Day Air,Yes,Yes,21,Venmo,Quarterly,1.0,2156,0,22,0.0,4,1,0.48899559823929567,55.962056109362344,High Value,0,0,Deal Hunter
156,63,Male,Socks,Clothing,77,Maine,S,Olive,Spring,4.3,Yes,Free Shipping,Yes,Yes,21,Bank Transfer,Quarterly,1.0,1694,1,22,0.0,4,1,0.48899559823929567,53.5299350852186,High Value,0,0,Deal Hunter
157,35,Male,Shorts,Clothing,26,Missouri,M,Lavender,Fall,4.0,Yes,Standard,Yes,Yes,40,Debit Card,Annually,1.0,1066,1,41,0.0,1,1,0.5986394557823129,55.562945638959214,High Value,0,0,Deal Hunter
158,36,Male,Hat,Accessories,68,Vermont,S,Yellow,Fall,3.0,Yes,Next Day Air,Yes,Yes,1,Bank Transfer,Fortnightly,1.0,136,0,2,0.0,24,1,0.4836601307189542,43.78697150829258,Mid Value,0,1,Deal Hunter
159,25,Male,Shirt,Clothing,73,Connecticut,XL,Teal,Fall,4.1,Yes,Standard,Yes,Yes,50,Bank Transfer,Monthly,1.0,3723,1,51,0.0,12,1,0.738562091503268,78.52474314105613,High Value,0,1,Deal Hunter
160,58,Male,Gloves,Accessories,27,New Hampshire,M,Charcoal,Fall,3.8,Yes,Store Pickup,Yes,Yes,39,Bank Transfer,Every 3 Months,1.0,1080,0,40,0.0,4,1,0.6114445778311324,56.02606912002064,High Value,0,0,Deal Hunter
161,27,Male,Gloves,Accessories,23,Texas,M,Orange,Summer,4.6,Yes,Free Shipping,Yes,Yes,34,Venmo,Monthly,1.0,805,1,35,0.0,12,1,0.6297185540883019,55.65046637752019,High Value,0,1,Deal Hunter
162,65,Male,Backpack,Accessories,49,North Dakota,M,Olive,Fall,3.0,Yes,Express,Yes,Yes,29,Venmo,Fortnightly,1.0,1470,0,30,0.0,24,1,0.6741363211951448,61.599950706760765,High Value,0,1,Deal Hunter
163,54,Male,Sunglasses,Accessories,74,California,M,Turquoise,Summer,3.0,Yes,Store Pickup,Yes,Yes,31,PayPal,Bi-Weekly,1.0,2368,0,32,0.0,26,1,0.7008136587968521,68.28295985464186,High Value,0,1,Deal Hunter
164,54,Male,Skirt,Clothing,67,Virginia,M,Purple,Summer,3.4,Yes,Standard,Yes,Yes,8,Debit Card,Weekly,1.0,603,0,9,0.0,52,1,0.7142857142857142,58.592749261470956,High Value,0,1,Deal Hunter
165,59,Male,Handbag,Accessories,65,Delaware,S,Purple,Spring,2.6,Yes,Free Shipping,Yes,Yes,5,Credit Card,Fortnightly,1.0,390,0,6,0.0,24,1,0.5108710150726957,46.70522633390533,High Value,0,1,Deal Hunter
166,42,Male,Handbag,Accessories,60,Kentucky,S,Yellow,Winter,2.8,Yes,Store Pickup,Yes,Yes,7,Cash,Monthly,1.0,480,0,8,0.0,12,1,0.4460450847005468,43.846599870921,Mid Value,0,1,Deal Hunter
167,46,Male,Sneakers,Footwear,31,Delaware,XL,Indigo,Fall,4.0,Yes,Store Pickup,Yes,Yes,30,Cash,Monthly,1.0,961,1,31,0.0,12,1,0.6025076697345604,55.146783349512496,High Value,0,1,Deal Hunter
168,33,Male,Gloves,Accessories,27,Arkansas,M,Green,Fall,4.0,Yes,Express,Yes,Yes,14,Credit Card,Every 3 Months,1.0,405,1,15,0.0,4,1,0.44137655062024805,43.449560157280494,Mid Value,0,0,Deal Hunter
169,34,Male,Shoes,Footwear,80,Louisiana,M,Magenta,Summer,3.0,Yes,Express,Yes,Yes,5,Cash,Fortnightly,1.0,480,0,6,0.0,24,1,0.5108710150726957,47.235254289477176,High Value,0,1,Deal Hunter
170,27,Male,Jacket,Outerwear,30,Nevada,S,Gold,Summer,3.3,Yes,Standard,Yes,Yes,3,PayPal,Every 3 Months,1.0,120,0,4,0.0,4,1,0.36654661864745897,37.570854234931,Mid Value,0,0,Deal Hunter
171,52,Male,Shirt,Clothing,25,Wyoming,M,Maroon,Fall,2.6,Yes,Store Pickup,Yes,Yes,46,Venmo,Bi-Weekly,1.0,1175,0,47,0.0,26,1,0.8028544751233826,66.5911379098076,High Value,0,1,Deal Hunter
172,29,Male,Shorts,Clothing,35,Virginia,M,Blue,Summer,3.6,Yes,Store Pickup,Yes,Yes,4,Credit Card,Weekly,1.0,175,0,5,0.0,52,1,0.6870748299319728,54.649773721752645,High Value,0,1,Deal Hunter
173,54,Male,Jewelry,Accessories,67,Nebraska,M,Violet,Summer,3.9,Yes,Next Day Air,Yes,Yes,42,Credit Card,Bi-Weekly,1.0,2881,0,43,0.0,26,1,0.7756435907696411,75.21571411664829,High Value,0,1,Deal Hunter
174,25,Male,Hat,Accessories,46,Hawaii,M,Turquoise,Fall,3.4,Yes,Standard,Yes,Yes,30,Cash,Annually,1.0,1426,0,31,0.0,1,1,0.5306122448979591,53.83837293595764,High Value,0,0,Deal Hunter
175,41,Male,Shoes,Footwear,35,Vermont,L,Brown,Winter,3.5,Yes,Express,Yes,Yes,37,Venmo,Annually,1.0,1330,0,38,0.0,1,1,0.5782312925170068,55.76220654759574,High Value,0,0,Deal Hunter
176,53,Male,Coat,Outerwear,86,Oklahoma,L,Violet,Fall,2.8,Yes,Next Day Air,Yes,Yes,2,Bank Transfer,Annually,1.0,258,0,3,0.0,1,1,0.3401360544217687,37.0030008555442,Mid Value,0,0,Deal Hunter
177,53,Male,Backpack,Accessories,81,New Hampshire,L,Black,Spring,2.7,Yes,Next Day Air,Yes,Yes,30,Credit Card,Quarterly,1.0,2511,0,31,0.0,4,1,0.550220088035214,61.253117773865426,High Value,0,0,Deal Hunter
178,21,Male,Hoodie,Clothing,42,Kansas,L,Magenta,Fall,3.7,Yes,Next Day Air,Yes,Yes,47,Bank Transfer,Monthly,1.0,2016,0,48,0.0,12,1,0.7181539282379619,67.11639182266931,High Value,0,1,Deal Hunter
179,61,Male,Skirt,Clothing,43,Idaho,L,Lavender,Fall,4.3,Yes,2-Day Shipping,Yes,Yes,21,PayPal,Quarterly,1.0,946,1,22,0.0,4,1,0.48899559823929567,49.12481385446595,High Value,0,0,Deal Hunter
180,64,Male,Boots,Footwear,31,Illinois,M,Violet,Fall,4.9,Yes,Store Pickup,Yes,Yes,9,Bank Transfer,Fortnightly,1.0,310,1,10,0.0,24,1,0.5380818994264371,47.945177672187626,High Value,0,1,Deal Hunter
181,51,Male,Sandals,Footwear,81,South Dakota,L,Green,Fall,3.3,Yes,Store Pickup,Yes,Yes,12,Debit Card,Fortnightly,1.0,1053,0,13,0.0,24,1,0.5584900626917433,53.098962370865955,High Value,0,1,Deal Hunter
182,32,Male,Pants,Clothing,61,Massachusetts,M,Beige,Summer,4.7,Yes,Next Day Air,Yes,Yes,4,Bank Transfer,Weekly,1.0,305,1,5,0.0,52,1,0.6870748299319728,55.70405880537036,High Value,0,1,Deal Hunter
183,38,Male,Gloves,Accessories,96,Alabama,XL,Purple,Summer,2.8,Yes,Store Pickup,Yes,Yes,10,Debit Card,Annually,1.0,1056,0,11,0.0,1,1,0.3945578231292517,44.54737836361232,High Value,0,0,Deal Hunter
184,58,Male,Skirt,Clothing,29,Ohio,XL,Beige,Spring,3.6,Yes,2-Day Shipping,Yes,Yes,26,Credit Card,Weekly,1.0,783,0,27,0.0,52,1,0.8367346938775511,66.05359685210964,High Value,0,1,Deal Hunter
185,32,Male,Sneakers,Footwear,33,Hawaii,L,Cyan,Spring,3.0,Yes,Express,Yes,Yes,40,Cash,Fortnightly,1.0,1353,0,41,0.0,24,1,0.7489662531679337,64.82250927976432,High Value,0,1,Deal Hunter
186,46,Male,T-shirt,Clothing,32,Wisconsin,XL,Silver,Summer,4.5,Yes,Store Pickup,Yes,Yes,34,Bank Transfer,Fortnightly,1.0,1120,1,35,0.0,24,1,0.7081499266373215,61.60541771607724,High Value,0,1,Deal Hunter
187,39,Male,Backpack,Accessories,56,Minnesota,S,Lavender,Summer,2.9,Yes,Standard,Yes,Yes,31,Debit Card,Annually,1.0,1792,0,32,0.0,1,1,0.5374149659863945,56.34941949303286,High Value,0,0,Deal Hunter
188,19,Male,Shoes,Footwear,94,Georgia,S,Purple,Spring,3.3,Yes,Store Pickup,Yes,Yes,1,Bank Transfer,Bi-Weekly,1.0,188,0,2,0.0,26,1,0.4967320261437908,44.776518798298916,High Value,0,1,Deal Hunter
189,50,Male,Hoodie,Clothing,53,Arkansas,M,Pink,Spring,3.1,Yes,Express,Yes,Yes,5,Bank Transfer,Bi-Weekly,1.0,318,0,6,0.0,26,1,0.5239429104975323,46.96451288512379,High Value,0,1,Deal Hunter
190,36,Male,Blouse,Clothing,82,West Virginia,M,Maroon,Fall,4.4,Yes,Next Day Air,Yes,Yes,4,Credit Card,Weekly,1.0,410,1,5,0.0,52,1,0.6870748299319728,56.322424753537504,High Value,0,1,Deal Hunter
191,65,Male,Coat,Outerwear,70,Indiana,XL,Beige,Fall,3.0,Yes,Free Shipping,Yes,Yes,48,Venmo,Quarterly,1.0,3430,0,49,0.0,4,1,0.6726690676270508,73.06608379969957,High Value,0,0,Deal Hunter
192,64,Male,Hat,Accessories,76,Utah,M,Gray,Fall,3.9,Yes,Free Shipping,Yes,Yes,29,Cash,Every 3 Months,1.0,2280,0,30,0.0,4,1,0.5434173669467787,59.53711315014799,High Value,0,0,Deal Hunter
193,46,Male,Shoes,Footwear,29,Nebraska,L,Turquoise,Summer,2.9,Yes,Express,Yes,Yes,12,PayPal,Bi-Weekly,1.0,377,0,13,0.0,26,1,0.57156195811658,49.80117242024672,High Value,0,1,Deal Hunter
194,36,Male,Belt,Accessories,100,North Dakota,S,Silver,Fall,3.0,Yes,Standard,Yes,Yes,29,Venmo,Annually,1.0,3000,0,30,0.0,1,1,0.5238095238095237,62.75237342120881,High Value,0,0,Deal Hunter
195,51,Male,Backpack,Accessories,94,Missouri,M,Olive,Spring,3.1,Yes,Express,Yes,Yes,15,Debit Card,Quarterly,1.0,1504,0,16,0.0,4,1,0.44817927170868344,49.988700804721326,High Value,0,0,Deal Hunter
196,51,Male,Jacket,Outerwear,25,New York,M,Magenta,Fall,4.3,Yes,Free Shipping,Yes,Yes,34,Credit Card,Monthly,1.0,875,1,35,0.0,12,1,0.6297185540883019,56.06271034296495,High Value,0,1,Deal Hunter
197,38,Male,Boots,Footwear,88,Washington,M,Lavender,Summer,3.9,Yes,Next Day Air,Yes,Yes,41,Credit Card,Fortnightly,1.0,3696,0,42,0.0,24,1,0.7557689742563691,78.97650326090098,High Value,0,1,Deal Hunter
198,59,Male,Scarf,Accessories,78,South Carolina,M,Black,Fall,3.2,Yes,2-Day Shipping,Yes,Yes,41,Credit Card,Monthly,1.0,3276,0,42,0.0,12,1,0.6773376017073496,72.40318597417678,High Value,0,1,Deal Hunter
199,57,Male,Jewelry,Accessories,45,Utah,M,Turquoise,Winter,4.8,Yes,Standard,Yes,Yes,39,Credit Card,Fortnightly,1.0,1800,1,40,0.0,24,1,0.7421635320794984,67.38807106914643,High Value,0,1,Deal Hunter
200,54,Male,Hat,Accessories,73,Idaho,XL,Green,Summer,3.8,Yes,Express,Yes,Yes,32,Cash,Weekly,1.0,2409,0,33,0.0,52,1,0.8775510204081631,77.76303247593924,High Value,0,1,Deal Hunter
201,25,Male,Dress,Clothing,61,Pennsylvania,S,Teal,Summer,3.3,Yes,Next Day Air,Yes,Yes,29,Venmo,Monthly,1.0,1830,0,30,0.0,12,1,0.595704948646125,59.62020903499251,High Value,0,1,Deal Hunter
202,69,Male,Blouse,Clothing,22,Missouri,S,Beige,Fall,4.3,Yes,Free Shipping,Yes,Yes,15,Bank Transfer,Annually,1.0,352,1,16,0.0,1,1,0.42857142857142855,42.46806874767955,Mid Value,0,0,Deal Hunter
203,57,Male,Hat,Accessories,38,Nebraska,L,Magenta,Spring,2.7,Yes,Express,Yes,Yes,33,Venmo,Annually,1.0,1292,0,34,0.0,1,1,0.5510204081632653,54.1160188153554,High Value,0,0,Deal Hunter
204,70,Male,Scarf,Accessories,38,Indiana,S,Yellow,Fall,3.2,Yes,Next Day Air,Yes,Yes,18,Bank Transfer,Weekly,1.0,722,0,19,0.0,52,1,0.782312925170068,62.849559380224285,High Value,0,1,Deal Hunter
205,24,Male,Sneakers,Footwear,100,Arizona,M,Yellow,Fall,4.0,Yes,Store Pickup,Yes,Yes,35,Cash,Bi-Weekly,1.0,3600,1,36,0.0,26,1,0.7280245431505935,77.24954094526034,High Value,0,1,Deal Hunter
206,67,Male,Shirt,Clothing,64,Hawaii,M,Silver,Winter,3.0,Yes,Standard,Yes,Yes,25,PayPal,Weekly,1.0,1664,0,26,0.0,52,1,0.8299319727891157,70.8863820794576,High Value,0,1,Deal Hunter
207,24,Male,T-shirt,Clothing,55,Wisconsin,L,Silver,Summer,4.2,Yes,Free Shipping,Yes,Yes,6,Venmo,Fortnightly,1.0,385,1,7,0.0,24,1,0.5176737361611311,47.320069021915,High Value,0,1,Deal Hunter
208,62,Male,Gloves,Accessories,91,Rhode Island,M,Silver,Summer,2.9,Yes,Express,Yes,Yes,17,Bank Transfer,Bi-Weekly,1.0,1638,0,18,0.0,26,1,0.6055755635587567,59.005450686507466,High Value,0,1,Deal Hunter
209,57,Male,Skirt,Clothing,38,Wisconsin,M,Gold,Spring,4.1,Yes,Store Pickup,Yes,Yes,17,Credit Card,Monthly,1.0,684,1,18,0.0,12,1,0.5140722955849006,48.892681095506106,High Value,0,1,Deal Hunter
210,55,Male,Sandals,Footwear,97,Minnesota,S,Olive,Winter,3.2,Yes,Store Pickup,Yes,Yes,44,Cash,Every 3 Months,1.0,4365,0,45,0.0,4,1,0.6454581832733093,77.15008718714148,High Value,0,0,Deal Hunter
211,45,Male,Jacket,Outerwear,22,Vermont,L,Teal,Fall,3.0,Yes,2-Day Shipping,Yes,Yes,6,PayPal,Fortnightly,1.0,154,0,7,0.0,24,1,0.5176737361611311,45.670974788155554,High Value,0,1,Deal Hunter
212,69,Male,Skirt,Clothing,92,South Dakota,L,Maroon,Fall,4.2,Yes,2-Day Shipping,Yes,Yes,45,Debit Card,Fortnightly,1.0,4232,1,46,0.0,24,1,0.7829798586101107,83.84420149509721,High Value,0,1,Deal Hunter
213,67,Male,Handbag,Accessories,84,Virginia,L,Blue,Fall,4.2,Yes,Express,Yes,Yes,7,Debit Card,Annually,1.0,672,1,8,0.0,1,1,0.37414965986394555,41.507816287714995,Mid Value,0,0,Deal Hunter
214,30,Male,Handbag,Accessories,93,Nevada,L,Peach,Fall,4.4,Yes,Store Pickup,Yes,Yes,11,Debit Card,Every 3 Months,1.0,1116,1,12,0.0,4,1,0.42096838735494196,46.569982393048875,High Value,0,0,Deal Hunter
215,24,Male,Jacket,Outerwear,50,Hawaii,L,Blue,Summer,4.2,Yes,Next Day Air,Yes,Yes,41,Cash,Every 3 Months,1.0,2100,1,42,0.0,4,1,0.6250500200080031,63.03294083979267,High Value,0,0,Deal Hunter
216,62,Male,Scarf,Accessories,64,New Jersey,S,Orange,Spring,2.8,Yes,2-Day Shipping,Yes,Yes,24,PayPal,Bi-Weekly,1.0,1600,0,25,0.0,26,1,0.6531946111778044,61.27085786951408,High Value,0,1,Deal Hunter
217,43,Male,Shorts,Clothing,61,Massachusetts,L,Yellow,Spring,3.7,Yes,Free Shipping,Yes,Yes,21,Venmo,Weekly,1.0,1342,0,22,0.0,52,1,0.8027210884353742,67.56766168741281,High Value,0,1,Deal Hunter
218,35,Male,Sunglasses,Accessories,48,Oklahoma,M,Purple,Winter,3.5,Yes,Next Day Air,Yes,Yes,24,Bank Transfer,Annually,1.0,1200,0,25,0.0,1,1,0.4897959183673469,50.37381662102336,High Value,0,0,Deal Hunter
219,28,Male,T-shirt,Clothing,45,California,S,Magenta,Spring,2.9,Yes,Store Pickup,Yes,Yes,8,Credit Card,Quarterly,1.0,405,0,9,0.0,4,1,0.4005602240896358,41.02727378299044,Mid Value,0,0,Deal Hunter
220,32,Male,Belt,Accessories,88,Nevada,M,Cyan,Spring,3.0,Yes,Free Shipping,Yes,Yes,12,Cash,Fortnightly,1.0,1144,0,13,0.0,24,1,0.5584900626917433,53.63487952594416,High Value,0,1,Deal Hunter
221,39,Male,Sneakers,Footwear,57,Arizona,S,Indigo,Spring,3.7,Yes,Express,Yes,Yes,48,Debit Card,Fortnightly,1.0,2793,0,49,0.0,24,1,0.8033880218754168,76.14775287091156,High Value,0,1,Deal Hunter
222,28,Male,Hat,Accessories,68,North Carolina,XL,Magenta,Summer,4.4,Yes,Store Pickup,Yes,Yes,6,Bank Transfer,Quarterly,1.0,476,1,7,0.0,4,1,0.3869547819127651,41.02289702023384,Mid Value,0,0,Deal Hunter
223,47,Male,Gloves,Accessories,94,New York,XL,Gray,Spring,4.5,Yes,2-Day Shipping,Yes,Yes,14,PayPal,Fortnightly,1.0,1410,1,15,0.0,24,1,0.572095504868614,56.201294817925415,High Value,0,1,Deal Hunter
224,20,Male,Pants,Clothing,41,Wyoming,M,Turquoise,Spring,4.8,Yes,Free Shipping,Yes,Yes,34,PayPal,Annually,1.0,1435,1,35,0.0,1,1,0.5578231292517006,55.60246303030544,High Value,0,0,Deal Hunter
225,63,Male,Socks,Clothing,83,South Dakota,S,Beige,Summer,2.9,Yes,Free Shipping,Yes,Yes,12,Cash,Every 3 Months,1.0,1079,0,13,0.0,4,1,0.42777110844337735,46.418992401271794,High Value,0,0,Deal Hunter
226,25,Male,Jacket,Outerwear,22,Arkansas,M,Olive,Spring,3.2,Yes,Next Day Air,Yes,Yes,11,Bank Transfer,Annually,1.0,264,0,12,0.0,1,1,0.4013605442176871,40.238731892329824,Mid Value,0,0,Deal Hunter
227,29,Male,Shoes,Footwear,74,Texas,L,Violet,Spring,3.3,Yes,Free Shipping,Yes,Yes,5,PayPal,Monthly,1.0,444,0,6,0.0,12,1,0.4324396425236761,42.923389613192825,Mid Value,0,1,Deal Hunter
228,50,Male,Jeans,Clothing,90,Rhode Island,M,Turquoise,Winter,4.2,Yes,Standard,Yes,Yes,25,Venmo,Fortnightly,1.0,2340,1,26,0.0,24,1,0.6469254368414032,65.5898452740814,High Value,0,1,Deal Hunter
229,18,Male,Socks,Clothing,79,New Hampshire,M,White,Spring,2.9,Yes,Store Pickup,Yes,Yes,11,Credit Card,Annually,1.0,948,0,12,0.0,1,1,0.4013605442176871,44.26694435467583,High Value,0,0,Deal Hunter
230,70,Male,Sandals,Footwear,28,Ohio,S,Silver,Spring,4.6,Yes,Next Day Air,Yes,Yes,27,PayPal,Every 3 Months,1.0,784,1,28,0.0,4,1,0.529811924769908,50.30436076093496,High Value,0,0,Deal Hunter
231,66,Male,Scarf,Accessories,88,Utah,L,Olive,Fall,4.1,Yes,Standard,Yes,Yes,43,Credit Card,Annually,1.0,3872,1,44,0.0,1,1,0.6190476190476191,73.15483806703715,High Value,0,0,Deal Hunter
232,28,Male,Blouse,Clothing,26,Tennessee,M,Blue,Spring,3.1,Yes,2-Day Shipping,Yes,Yes,18,Debit Card,Every 3 Months,1.0,494,0,19,0.0,4,1,0.4685874349739896,45.10740791655315,High Value,0,0,Deal Hunter
233,54,Male,Jewelry,Accessories,27,Hawaii,L,Purple,Winter,4.2,Yes,Express,Yes,Yes,32,Bank Transfer,Bi-Weekly,1.0,891,1,33,0.0,26,1,0.7076163798852875,60.22890086929873,High Value,0,1,Deal Hunter
234,19,Male,Sweater,Clothing,83,Arizona,XL,Yellow,Fall,4.5,Yes,Next Day Air,Yes,Yes,27,Bank Transfer,Every 3 Months,1.0,2324,1,28,0.0,4,1,0.529811924769908,59.373728000719815,High Value,0,0,Deal Hunter
235,20,Male,Gloves,Accessories,39,South Dakota,S,Silver,Summer,3.7,Yes,Next Day Air,Yes,Yes,24,Credit Card,Weekly,1.0,975,0,25,0.0,52,1,0.8231292517006803,66.47312408183012,High Value,0,1,Deal Hunter
236,43,Male,Sunglasses,Accessories,89,New Jersey,M,Cyan,Winter,3.7,Yes,Free Shipping,Yes,Yes,31,Debit Card,Quarterly,1.0,2848,0,32,0.0,4,1,0.5570228091236494,63.59337754525638,High Value,0,0,Deal Hunter
237,38,Male,Coat,Outerwear,68,North Dakota,L,Green,Winter,3.4,Yes,Next Day Air,Yes,Yes,39,PayPal,Fortnightly,1.0,2720,0,40,0.0,24,1,0.7421635320794984,72.51744546720022,High Value,0,1,Deal Hunter
238,50,Male,Dress,Clothing,90,Iowa,M,Beige,Summer,3.0,Yes,Store Pickup,Yes,Yes,36,Debit Card,Fortnightly,1.0,3330,0,37,0.0,24,1,0.7217553688141922,75.04305855282686,High Value,0,1,Deal Hunter
239,64,Male,Skirt,Clothing,34,Ohio,M,Peach,Fall,4.2,Yes,Free Shipping,Yes,Yes,5,Cash,Annually,1.0,204,1,6,0.0,1,1,0.3605442176870748,38.040471843241974,Mid Value,0,0,Deal Hunter
240,49,Male,Pants,Clothing,51,Vermont,L,Yellow,Summer,2.9,Yes,Express,Yes,Yes,47,Credit Card,Bi-Weekly,1.0,2448,0,48,0.0,26,1,0.809657196211818,74.4436884191457,High Value,0,1,Deal Hunter
241,47,Male,Sweater,Clothing,45,Montana,XL,Turquoise,Winter,3.5,Yes,Free Shipping,Yes,Yes,29,Bank Transfer,Fortnightly,1.0,1350,0,30,0.0,24,1,0.6741363211951448,60.89324676599831,High Value,0,1,Deal Hunter
242,36,Male,Hoodie,Clothing,88,Delaware,M,Peach,Winter,4.1,Yes,Free Shipping,Yes,Yes,43,Venmo,Bi-Weekly,1.0,3872,1,44,0.0,26,1,0.7824463118580764,81.69619951298634,High Value,0,1,Deal Hunter
243,55,Male,Coat,Outerwear,85,New York,L,Gray,Summer,4.3,Yes,Store Pickup,Yes,Yes,40,Debit Card,Every 3 Months,1.0,3485,1,41,0.0,4,1,0.6182472989195678,70.83388261834295,High Value,0,0,Deal Hunter
244,25,Male,Jewelry,Accessories,100,Kentucky,M,Olive,Winter,2.8,Yes,2-Day Shipping,Yes,Yes,4,Debit Card,Monthly,1.0,500,0,5,0.0,12,1,0.42563692143524073,42.897585247798915,Mid Value,0,1,Deal Hunter
245,53,Male,Belt,Accessories,42,Oregon,S,Indigo,Spring,4.9,Yes,2-Day Shipping,Yes,Yes,39,PayPal,Weekly,1.0,1680,1,40,0.0,52,1,0.9251700680272108,76.24769194784709,High Value,0,1,Deal Hunter
246,49,Male,Sandals,Footwear,53,Rhode Island,L,Charcoal,Summer,3.3,Yes,Next Day Air,Yes,Yes,45,Venmo,Fortnightly,1.0,2438,0,46,0.0,24,1,0.7829798586101107,72.9902884329068,High Value,0,1,Deal Hunter
247,35,Male,Sunglasses,Accessories,86,Nevada,XL,Beige,Spring,3.2,Yes,Express,Yes,Yes,20,Venmo,Bi-Weekly,1.0,1806,0,21,0.0,26,1,0.6259837268240629,61.06163481682408,High Value,0,1,Deal Hunter
248,29,Male,Sweater,Clothing,66,Montana,XL,Brown,Spring,4.4,Yes,Standard,Yes,Yes,14,Debit Card,Weekly,1.0,990,1,15,0.0,52,1,0.7551020408163265,63.294155844719924,High Value,0,1,Deal Hunter
249,47,Male,Belt,Accessories,100,Pennsylvania,M,Blue,Winter,4.8,Yes,Express,Yes,Yes,33,PayPal,Weekly,1.0,3400,1,34,0.0,52,1,0.8843537414965985,84.24351787227728,High Value,0,1,Deal Hunter
250,53,Male,Handbag,Accessories,47,Alaska,S,Teal,Fall,4.2,Yes,Standard,Yes,Yes,18,Credit Card,Annually,1.0,893,1,19,0.0,1,1,0.44897959183673464,46.720924293866126,High Value,0,0,Deal Hunter
251,33,Male,Skirt,Clothing,25,Mississippi,L,Black,Fall,4.0,Yes,Express,Yes,Yes,9,Bank Transfer,Weekly,1.0,250,1,10,0.0,52,1,0.7210884353741496,57.158150521269505,High Value,0,1,Deal Hunter
252,21,Male,Handbag,Accessories,51,Wyoming,XL,Gold,Winter,2.5,Yes,Standard,Yes,Yes,34,PayPal,Annually,1.0,1785,0,35,0.0,1,1,0.5578231292517006,57.37499370973755,High Value,0,0,Deal Hunter
253,32,Male,Shorts,Clothing,41,Delaware,M,Violet,Summer,3.9,Yes,Free Shipping,Yes,Yes,33,Venmo,Fortnightly,1.0,1394,0,34,0.0,24,1,0.7013472055488861,62.57476969527676,High Value,0,1,Deal Hunter
254,52,Male,Boots,Footwear,73,Oklahoma,L,Cyan,Winter,4.9,Yes,2-Day Shipping,Yes,Yes,15,Bank Transfer,Bi-Weekly,1.0,1168,1,16,0.0,26,1,0.591970121381886,55.81501699081346,High Value,0,1,Deal Hunter
255,67,Male,Sunglasses,Accessories,42,Indiana,M,White,Winter,3.5,Yes,Store Pickup,Yes,Yes,4,PayPal,Bi-Weekly,1.0,210,0,5,0.0,26,1,0.5171401894090969,45.97287980068786,High Value,0,1,Deal Hunter
256,43,Male,Scarf,Accessories,20,Maryland,M,Charcoal,Spring,4.2,Yes,Free Shipping,Yes,Yes,25,Debit Card,Annually,1.0,520,1,26,0.0,1,1,0.4965986394557823,47.01344964224421,High Value,0,0,Deal Hunter
257,58,Male,Jewelry,Accessories,30,South Dakota,XL,Violet,Spring,4.7,Yes,Express,Yes,Yes,20,Credit Card,Every 3 Months,1.0,630,1,21,0.0,4,1,0.4821928771508603,46.90822727270842,High Value,0,0,Deal Hunter
258,20,Male,Handbag,Accessories,53,West Virginia,M,Red,Summer,4.5,Yes,Express,Yes,Yes,5,Credit Card,Quarterly,1.0,318,1,6,0.0,4,1,0.38015206082432973,39.736803960480216,Mid Value,0,0,Deal Hunter
259,61,Male,Gloves,Accessories,74,Alabama,S,Lavender,Spring,2.8,Yes,Express,Yes,Yes,16,Cash,Quarterly,1.0,1258,0,17,0.0,4,1,0.4549819927971188,48.89555726390801,High Value,0,0,Deal Hunter
260,32,Male,Jeans,Clothing,57,Louisiana,M,Gold,Fall,2.9,Yes,Standard,Yes,Yes,13,Debit Card,Annually,1.0,798,0,14,0.0,1,1,0.4149659863945578,44.09476350422219,High Value,0,0,Deal Hunter
261,38,Male,Hat,Accessories,57,Montana,S,Red,Winter,3.2,Yes,2-Day Shipping,Yes,Yes,11,Credit Card,Every 3 Months,1.0,684,0,12,0.0,4,1,0.42096838735494196,43.737159058512326,Mid Value,0,0,Deal Hunter
262,21,Male,Jeans,Clothing,77,California,L,Magenta,Winter,4.9,Yes,Standard,Yes,Yes,21,Credit Card,Annually,1.0,1694,1,22,0.0,1,1,0.4693877551020408,52.5049717117047,High Value,0,0,Deal Hunter
263,37,Male,Pants,Clothing,40,Hawaii,M,Teal,Summer,3.8,Yes,Next Day Air,Yes,Yes,6,Debit Card,Annually,1.0,280,0,7,0.0,1,1,0.36734693877551017,38.55496139568287,Mid Value,0,0,Deal Hunter
264,27,Male,Shorts,Clothing,46,Iowa,M,Purple,Summer,4.3,Yes,Store Pickup,Yes,Yes,29,Venmo,Monthly,1.0,1380,1,30,0.0,12,1,0.595704948646125,57.25875840492501,High Value,0,1,Deal Hunter
265,36,Male,Pants,Clothing,78,Colorado,S,Charcoal,Fall,3.9,Yes,Store Pickup,Yes,Yes,15,Cash,Annually,1.0,1248,0,16,0.0,1,1,0.42857142857142855,47.456102357580846,High Value,0,0,Deal Hunter
266,32,Male,Backpack,Accessories,59,Michigan,M,Gray,Spring,3.2,Yes,2-Day Shipping,Yes,Yes,17,Bank Transfer,Bi-Weekly,1.0,1062,0,18,0.0,26,1,0.6055755635587567,55.61327177084768,High Value,0,1,Deal Hunter
267,51,Male,Jewelry,Accessories,75,Louisiana,L,White,Summer,3.1,Yes,Express,Yes,Yes,32,Credit Card,Weekly,1.0,2475,0,33,0.0,52,1,0.8775510204081631,78.1517196433586,High Value,0,1,Deal Hunter
268,64,Male,Sweater,Clothing,54,Maryland,M,Olive,Spring,3.9,Yes,2-Day Shipping,Yes,Yes,42,Venmo,Annually,1.0,2322,0,43,0.0,1,1,0.6122448979591837,63.382290146647314,High Value,0,0,Deal Hunter
269,68,Male,Shoes,Footwear,42,Georgia,M,Charcoal,Spring,2.6,Yes,Store Pickup,Yes,Yes,21,Cash,Monthly,1.0,924,0,22,0.0,12,1,0.5412831799386421,51.4397979802382,High Value,0,1,Deal Hunter
270,68,Male,Blouse,Clothing,44,Georgia,M,Charcoal,Winter,3.3,Yes,Next Day Air,Yes,Yes,9,Cash,Bi-Weekly,1.0,440,0,10,0.0,26,1,0.5511537948512738,49.10539337589785,High Value,0,1,Deal Hunter
271,33,Male,Jeans,Clothing,52,North Dakota,XL,Orange,Fall,4.6,Yes,Free Shipping,Yes,Yes,16,Bank Transfer,Annually,1.0,884,1,17,0.0,1,1,0.43537414965986393,45.956722422809506,High Value,0,0,Deal Hunter
272,65,Male,Sunglasses,Accessories,69,Maryland,XL,Yellow,Summer,4.6,Yes,Express,Yes,Yes,42,Credit Card,Fortnightly,1.0,2967,1,43,0.0,24,1,0.7625716953448045,75.32756550631049,High Value,0,1,Deal Hunter
273,48,Male,Jewelry,Accessories,26,Oregon,M,Beige,Summer,4.4,Yes,2-Day Shipping,Yes,Yes,37,Debit Card,Bi-Weekly,1.0,988,1,38,0.0,26,1,0.7416299853274643,62.57815091016366,High Value,0,1,Deal Hunter
274,69,Male,Coat,Outerwear,33,North Dakota,S,Silver,Spring,4.2,Yes,Express,Yes,Yes,32,Debit Card,Quarterly,1.0,1089,1,33,0.0,4,1,0.5638255302120848,53.87856429912149,High Value,0,0,Deal Hunter
275,59,Male,Jewelry,Accessories,32,Maryland,M,Indigo,Spring,3.0,Yes,Express,Yes,Yes,28,Cash,Bi-Weekly,1.0,928,0,29,0.0,26,1,0.680405495531546,58.735713952243216,High Value,0,1,Deal Hunter
276,48,Male,Backpack,Accessories,85,Virginia,XL,Lavender,Winter,4.0,Yes,Express,Yes,Yes,13,Credit Card,Weekly,1.0,1190,1,14,0.0,52,1,0.7482993197278911,64.11639620824097,High Value,0,1,Deal Hunter
277,25,Male,Skirt,Clothing,30,South Dakota,XL,Turquoise,Fall,3.5,Yes,Express,Yes,Yes,11,Bank Transfer,Fortnightly,1.0,360,0,12,0.0,24,1,0.5516873416033079,48.66214757521305,High Value,0,1,Deal Hunter
278,29,Male,Shirt,Clothing,29,Georgia,M,Green,Winter,3.0,Yes,Store Pickup,Yes,Yes,36,Bank Transfer,Bi-Weekly,1.0,1073,0,37,0.0,26,1,0.7348272642390289,62.4344441826623,High Value,0,1,Deal Hunter
279,57,Male,Sweater,Clothing,95,Hawaii,M,Orange,Spring,3.7,Yes,Express,Yes,Yes,23,Debit Card,Annually,1.0,2280,0,24,0.0,1,1,0.48299319727891155,56.378552550135744,High Value,0,0,Deal Hunter
280,23,Male,Sneakers,Footwear,69,Arkansas,L,Turquoise,Summer,4.0,Yes,Standard,Yes,Yes,37,Bank Transfer,Monthly,1.0,2622,1,38,0.0,12,1,0.650126717353608,67.41794049381421,High Value,0,1,Deal Hunter
281,45,Male,Sandals,Footwear,69,Montana,S,Cyan,Fall,4.2,Yes,2-Day Shipping,Yes,Yes,21,Cash,Bi-Weekly,1.0,1518,1,22,0.0,26,1,0.6327864479124983,60.009834044535616,High Value,0,1,Deal Hunter
282,38,Male,Belt,Accessories,61,Oklahoma,XL,Charcoal,Spring,2.5,Yes,Standard,Yes,Yes,22,Debit Card,Bi-Weekly,1.0,1403,0,23,0.0,26,1,0.6395891690009337,59.39948649126294,High Value,0,1,Deal Hunter
283,21,Male,Skirt,Clothing,94,Minnesota,M,Teal,Summer,3.0,Yes,2-Day Shipping,Yes,Yes,9,Cash,Monthly,1.0,940,0,10,0.0,12,1,0.4596505268774176,47.2668307193432,High Value,0,1,Deal Hunter
284,32,Male,Sweater,Clothing,30,Montana,S,Maroon,Fall,3.2,Yes,Next Day Air,Yes,Yes,16,Venmo,Annually,1.0,510,0,17,0.0,1,1,0.43537414965986393,43.46547265964146,Mid Value,0,0,Deal Hunter
285,63,Male,Skirt,Clothing,45,Ohio,M,Red,Summer,3.5,Yes,Standard,Yes,Yes,4,PayPal,Quarterly,1.0,225,0,5,0.0,4,1,0.37334933973589435,38.544819720847876,Mid Value,0,0,Deal Hunter
286,29,Male,Handbag,Accessories,39,Kentucky,XL,Yellow,Summer,4.8,Yes,Express,Yes,Yes,3,Debit Card,Bi-Weekly,1.0,156,1,4,0.0,26,1,0.5103374683206615,45.58795263738675,High Value,0,1,Deal Hunter
287,27,Male,Jewelry,Accessories,51,Nebraska,L,Gray,Summer,2.6,Yes,Store Pickup,Yes,Yes,6,Debit Card,Annually,1.0,357,0,7,0.0,1,1,0.36734693877551017,39.00842975767211,Mid Value,0,0,Deal Hunter
288,56,Male,Scarf,Accessories,37,Delaware,L,Blue,Spring,3.4,Yes,2-Day Shipping,Yes,Yes,18,Venmo,Fortnightly,1.0,703,0,19,0.0,24,1,0.5993063892223556,53.171339770140456,High Value,0,1,Deal Hunter
289,30,Male,T-shirt,Clothing,62,North Carolina,M,Lavender,Winter,3.7,Yes,2-Day Shipping,Yes,Yes,34,Venmo,Bi-Weekly,1.0,2170,0,35,0.0,26,1,0.7212218220621581,68.18369696563296,High Value,0,1,Deal Hunter
290,49,Male,Coat,Outerwear,85,New York,M,Yellow,Fall,4.5,Yes,2-Day Shipping,Yes,Yes,26,Credit Card,Monthly,1.0,2295,1,27,0.0,12,1,0.575296785380819,61.580577339989574,High Value,0,1,Deal Hunter
291,58,Male,T-shirt,Clothing,33,Colorado,M,Indigo,Winter,3.7,Yes,Standard,Yes,Yes,50,PayPal,Weekly,1.0,1683,0,51,0.0,52,1,1.0,79.88826531382138,High Value,0,1,Deal Hunter
292,57,Male,Dress,Clothing,26,Delaware,XL,Violet,Fall,3.3,Yes,Next Day Air,Yes,Yes,40,Bank Transfer,Monthly,1.0,1066,0,41,0.0,12,1,0.6705348806189142,59.03245552738514,High Value,0,1,Deal Hunter
293,60,Male,Shoes,Footwear,99,Utah,M,Green,Spring,4.7,Yes,Free Shipping,Yes,Yes,24,Cash,Quarterly,1.0,2475,1,25,0.0,4,1,0.5094037615046019,59.19619851293009,High Value,0,0,Deal Hunter
294,69,Male,Handbag,Accessories,39,Connecticut,M,White,Spring,2.7,Yes,Express,Yes,Yes,33,PayPal,Annually,1.0,1326,0,34,0.0,1,1,0.5510204081632653,54.31625159857144,High Value,0,0,Deal Hunter
295,70,Male,Skirt,Clothing,20,New Jersey,M,Gold,Spring,4.6,Yes,Store Pickup,Yes,Yes,19,Credit Card,Every 3 Months,1.0,400,1,20,0.0,4,1,0.47539015606242496,45.198111848497334,High Value,0,0,Deal Hunter
296,53,Male,Sunglasses,Accessories,42,West Virginia,M,Indigo,Winter,2.7,Yes,Store Pickup,Yes,Yes,24,Credit Card,Quarterly,1.0,1050,0,25,0.0,4,1,0.5094037615046019,50.515400068584206,High Value,0,0,Deal Hunter
297,25,Male,Sandals,Footwear,74,Indiana,S,Lavender,Spring,4.8,Yes,2-Day Shipping,Yes,Yes,19,Credit Card,Weekly,1.0,1480,1,20,0.0,52,1,0.7891156462585034,67.9578612915819,High Value,0,1,Deal Hunter
298,48,Male,Shoes,Footwear,26,Delaware,XL,Purple,Summer,4.4,Yes,Standard,Yes,Yes,4,Credit Card,Bi-Weekly,1.0,130,1,5,0.0,26,1,0.5171401894090969,45.79043298797127,High Value,0,1,Deal Hunter
299,69,Male,T-shirt,Clothing,53,Maryland,M,Lavender,Winter,4.0,Yes,Standard,Yes,Yes,11,Venmo,Every 3 Months,1.0,636,1,12,0.0,4,1,0.42096838735494196,43.743166629999045,Mid Value,0,0,Deal Hunter
300,25,Male,Sneakers,Footwear,80,Pennsylvania,M,Maroon,Summer,3.2,Yes,Next Day Air,Yes,Yes,28,PayPal,Fortnightly,1.0,2320,0,29,0.0,24,1,0.6673336001067094,66.25017074941178,High Value,0,1,Deal Hunter
301,29,Male,Hat,Accessories,98,Iowa,M,Teal,Spring,4.4,Yes,Store Pickup,Yes,Yes,24,PayPal,Weekly,1.0,2450,1,25,0.0,52,1,0.8231292517006803,75.44838250149371,High Value,0,1,Deal Hunter
302,46,Male,Skirt,Clothing,95,Pennsylvania,M,Green,Spring,3.8,Yes,Standard,Yes,Yes,25,Credit Card,Every 3 Months,1.0,2470,0,26,0.0,4,1,0.5162064825930373,59.23366290535632,High Value,0,0,Deal Hunter
303,37,Male,Sweater,Clothing,44,Delaware,L,Olive,Summer,3.6,Yes,Express,Yes,Yes,27,Bank Transfer,Every 3 Months,1.0,1232,0,28,0.0,4,1,0.529811924769908,52.654032991989766,High Value,0,0,Deal Hunter
304,20,Male,Sandals,Footwear,60,Oregon,M,Turquoise,Summer,3.3,Yes,Next Day Air,Yes,Yes,49,Venmo,Weekly,1.0,3000,0,50,0.0,52,1,0.9931972789115646,87.28874152593961,High Value,0,1,Deal Hunter
305,40,Male,Dress,Clothing,84,Oregon,M,Green,Winter,3.4,Yes,Next Day Air,Yes,Yes,45,Credit Card,Bi-Weekly,1.0,3864,0,46,0.0,26,1,0.7960517540349472,82.07159584464324,High Value,0,1,Deal Hunter
306,60,Male,Sweater,Clothing,59,Utah,M,Teal,Fall,3.5,Yes,2-Day Shipping,Yes,Yes,26,PayPal,Annually,1.0,1593,0,27,0.0,1,1,0.5034013605442177,53.399471102519854,High Value,0,0,Deal Hunter
307,26,Male,Jacket,Outerwear,49,North Dakota,S,White,Summer,3.6,Yes,Express,Yes,Yes,4,Cash,Annually,1.0,245,0,5,0.0,1,1,0.35374149659863946,37.63764033746105,Mid Value,0,0,Deal Hunter
308,29,Male,Gloves,Accessories,32,Florida,M,Orange,Winter,3.2,Yes,Free Shipping,Yes,Yes,3,Credit Card,Every 3 Months,1.0,128,0,4,0.0,4,1,0.36654661864745897,37.61796783098183,Mid Value,0,0,Deal Hunter
309,66,Male,Handbag,Accessories,29,Maryland,M,Beige,Fall,3.7,Yes,Standard,Yes,Yes,45,Venmo,Bi-Weekly,1.0,1334,0,46,0.0,26,1,0.7960517540349472,67.17192109356812,High Value,0,1,Deal Hunter
310,66,Male,Dress,Clothing,22,Minnesota,M,Yellow,Spring,4.5,Yes,Standard,Yes,Yes,21,Cash,Fortnightly,1.0,484,1,22,0.0,24,1,0.6197145524876617,53.23709283928984,High Value,0,1,Deal Hunter
311,56,Male,Pants,Clothing,85,Montana,M,Charcoal,Winter,4.6,Yes,Standard,Yes,Yes,50,Cash,Fortnightly,1.0,4335,1,51,0.0,24,1,0.8169934640522876,86.22878673300028,High Value,0,1,Deal Hunter
312,69,Male,Jeans,Clothing,52,Rhode Island,L,Silver,Winter,4.1,Yes,Store Pickup,Yes,Yes,19,Bank Transfer,Monthly,1.0,1040,1,20,0.0,12,1,0.5276777377617714,51.7004351952675,High Value,0,1,Deal Hunter
313,38,Male,Pants,Clothing,89,Massachusetts,L,Green,Spring,3.4,Yes,Next Day Air,Yes,Yes,6,PayPal,Annually,1.0,623,0,7,0.0,1,1,0.36734693877551017,40.574956826362225,Mid Value,0,0,Deal Hunter
314,42,Male,Dress,Clothing,77,Vermont,M,Pink,Spring,3.7,Yes,Express,Yes,Yes,50,Credit Card,Every 3 Months,1.0,3927,0,51,0.0,4,1,0.6862745098039216,76.70421502985685,High Value,0,0,Deal Hunter
315,30,Male,Pants,Clothing,24,New Jersey,M,Purple,Summer,3.3,Yes,Store Pickup,Yes,Yes,17,Debit Card,Every 3 Months,1.0,432,0,18,0.0,4,1,0.4617847138855542,44.38667800940949,High Value,0,0,Deal Hunter
316,66,Male,Jewelry,Accessories,24,Wisconsin,XL,Orange,Spring,4.5,Yes,Express,Yes,Yes,24,Debit Card,Annually,1.0,600,1,25,0.0,1,1,0.4897959183673469,47.1289860650028,High Value,0,0,Deal Hunter
317,36,Male,Handbag,Accessories,22,California,M,Charcoal,Fall,3.3,Yes,Free Shipping,Yes,Yes,46,Venmo,Monthly,1.0,1034,0,47,0.0,12,1,0.7113512071495265,60.977598369680166,High Value,0,1,Deal Hunter
318,58,Male,Sweater,Clothing,82,West Virginia,L,Teal,Fall,4.3,Yes,Standard,Yes,Yes,42,Cash,Every 3 Months,1.0,3526,1,43,0.0,4,1,0.6318527410964385,71.78653887360291,High Value,0,0,Deal Hunter
319,45,Male,Backpack,Accessories,67,South Dakota,M,Beige,Winter,2.5,Yes,Standard,Yes,Yes,10,Cash,Annually,1.0,737,0,11,0.0,1,1,0.3945578231292517,42.66872372108545,Mid Value,0,0,Deal Hunter
320,47,Male,Shorts,Clothing,74,Maine,XL,White,Spring,2.6,Yes,Standard,Yes,Yes,1,Cash,Every 3 Months,1.0,148,0,2,0.0,4,1,0.3529411764705882,37.02455274560946,Mid Value,0,0,Deal Hunter
321,66,Male,Jewelry,Accessories,72,Kansas,L,White,Summer,4.9,Yes,Standard,Yes,Yes,28,Debit Card,Quarterly,1.0,2088,1,29,0.0,4,1,0.5366146458583433,58.33947645497004,High Value,0,0,Deal Hunter
322,41,Male,Sneakers,Footwear,36,Vermont,L,Orange,Summer,4.7,Yes,Free Shipping,Yes,Yes,48,Debit Card,Quarterly,1.0,1764,1,49,0.0,4,1,0.6726690676270508,63.54336656990586,High Value,0,0,Deal Hunter
323,41,Male,Belt,Accessories,95,Tennessee,S,Cyan,Winter,3.0,Yes,Standard,Yes,Yes,47,Credit Card,Monthly,1.0,4560,0,48,0.0,12,1,0.7181539282379619,82.0985153668334,High Value,0,1,Deal Hunter
324,66,Male,Hoodie,Clothing,78,Tennessee,M,Orange,Winter,3.5,Yes,Next Day Air,Yes,Yes,29,PayPal,Bi-Weekly,1.0,2340,0,30,0.0,26,1,0.6872082166199813,67.40686319296451,High Value,0,1,Deal Hunter
325,37,Male,Shirt,Clothing,82,Wyoming,M,Olive,Summer,4.8,Yes,Standard,Yes,Yes,37,Venmo,Quarterly,1.0,3116,1,38,0.0,4,1,0.5978391356542616,67.59396938724925,High Value,0,0,Deal Hunter
326,70,Male,Pants,Clothing,70,Vermont,M,Charcoal,Winter,4.3,Yes,Free Shipping,Yes,Yes,38,Debit Card,Annually,1.0,2730,1,39,0.0,1,1,0.5850340136054422,64.6513745420325,High Value,0,0,Deal Hunter
327,62,Male,Scarf,Accessories,41,New Jersey,M,White,Fall,3.2,Yes,Store Pickup,Yes,Yes,48,Bank Transfer,Weekly,1.0,2009,0,49,0.0,52,1,0.9863945578231292,81.09694527739327,High Value,0,1,Deal Hunter
328,61,Male,Coat,Outerwear,42,Iowa,M,Teal,Summer,3.1,Yes,Free Shipping,Yes,Yes,36,PayPal,Weekly,1.0,1554,0,37,0.0,52,1,0.9047619047619047,74.15016504900562,High Value,0,1,Deal Hunter
329,48,Male,Coat,Outerwear,50,Florida,M,Yellow,Fall,2.8,Yes,Free Shipping,Yes,Yes,9,Credit Card,Weekly,1.0,500,0,10,0.0,52,1,0.7210884353741496,58.34176125006625,High Value,0,1,Deal Hunter
330,70,Male,Socks,Clothing,31,Nevada,S,White,Summer,2.9,Yes,2-Day Shipping,Yes,Yes,34,Bank Transfer,Monthly,1.0,1085,0,35,0.0,12,1,0.6297185540883019,57.01075309150754,High Value,0,1,Deal Hunter
331,46,Male,Sweater,Clothing,51,North Dakota,M,Beige,Winter,3.8,Yes,Express,Yes,Yes,43,Venmo,Bi-Weekly,1.0,2244,0,44,0.0,26,1,0.7824463118580764,71.81989356885065,High Value,0,1,Deal Hunter
332,31,Male,Shirt,Clothing,98,Florida,L,Beige,Fall,3.3,Yes,Store Pickup,Yes,Yes,46,PayPal,Quarterly,1.0,4606,0,47,0.0,4,1,0.65906362545018,79.28058334367219,High Value,0,0,Deal Hunter
333,19,Male,Shirt,Clothing,86,New York,M,Maroon,Winter,2.8,Yes,2-Day Shipping,Yes,Yes,5,Credit Card,Monthly,1.0,516,0,6,0.0,12,1,0.4324396425236761,43.347411977650296,Mid Value,0,1,Deal Hunter
334,39,Male,Sweater,Clothing,64,Alaska,M,Teal,Winter,4.5,Yes,Standard,Yes,Yes,15,Bank Transfer,Bi-Weekly,1.0,1024,1,16,0.0,26,1,0.591970121381886,54.966972261898505,High Value,0,1,Deal Hunter
335,41,Male,Blouse,Clothing,46,Kansas,M,Lavender,Fall,2.6,Yes,Next Day Air,Yes,Yes,30,Credit Card,Annually,1.0,1426,0,31,0.0,1,1,0.5306122448979591,53.83837293595764,High Value,0,0,Deal Hunter
336,20,Male,Sweater,Clothing,85,Oregon,L,Maroon,Spring,3.7,Yes,Standard,Yes,Yes,44,Venmo,Every 3 Months,1.0,3825,0,45,0.0,4,1,0.6454581832733093,73.96991945371043,High Value,0,0,Deal Hunter
337,36,Male,Hat,Accessories,81,Rhode Island,S,Orange,Fall,4.4,Yes,Express,Yes,Yes,16,PayPal,Annually,1.0,1377,1,17,0.0,1,1,0.43537414965986393,48.86009777944193,High Value,0,0,Deal Hunter
338,32,Male,Sweater,Clothing,59,New Mexico,M,Cyan,Winter,4.3,Yes,2-Day Shipping,Yes,Yes,16,Bank Transfer,Annually,1.0,1003,1,17,0.0,1,1,0.43537414965986393,46.6575371640656,High Value,0,0,Deal Hunter
339,69,Male,Hoodie,Clothing,79,Massachusetts,M,Silver,Winter,3.5,Yes,Express,Yes,Yes,16,Cash,Weekly,1.0,1343,0,17,0.0,52,1,0.7687074829931972,65.79555319817055,High Value,0,1,Deal Hunter
340,40,Male,Shorts,Clothing,33,Pennsylvania,M,Teal,Spring,3.8,Yes,2-Day Shipping,Yes,Yes,21,Credit Card,Every 3 Months,1.0,726,0,22,0.0,4,1,0.48899559823929567,47.540500815276395,High Value,0,0,Deal Hunter
341,40,Male,Shorts,Clothing,47,New Jersey,L,Blue,Summer,3.5,Yes,Express,Yes,Yes,39,Venmo,Every 3 Months,1.0,1880,0,40,0.0,4,1,0.6114445778311324,60.73742872510367,High Value,0,0,Deal Hunter
342,20,Male,Hat,Accessories,20,Utah,S,Blue,Summer,4.6,Yes,Store Pickup,Yes,Yes,40,Debit Card,Bi-Weekly,1.0,820,1,41,0.0,26,1,0.7620381485927703,62.65556400634538,High Value,0,1,Deal Hunter
343,64,Male,Coat,Outerwear,36,Kentucky,M,Olive,Spring,2.6,Yes,Next Day Air,Yes,Yes,48,Credit Card,Every 3 Months,1.0,1764,0,49,0.0,4,1,0.6726690676270508,63.254677422114135,High Value,0,0,Deal Hunter
344,27,Male,Sandals,Footwear,39,Nebraska,M,Purple,Summer,4.4,Yes,Next Day Air,Yes,Yes,26,Venmo,Monthly,1.0,1053,1,27,0.0,12,1,0.575296785380819,54.26619155309817,High Value,0,1,Deal Hunter
345,24,Male,Skirt,Clothing,71,Virginia,M,Charcoal,Winter,4.0,Yes,Standard,Yes,Yes,46,Debit Card,Monthly,1.0,3337,1,47,0.0,12,1,0.7113512071495265,74.82911398060466,High Value,0,1,Deal Hunter
346,48,Male,Shoes,Footwear,59,Wyoming,S,Olive,Winter,4.4,Yes,Next Day Air,Yes,Yes,27,Bank Transfer,Annually,1.0,1652,1,28,0.0,1,1,0.5102040816326531,54.39122255893616,High Value,0,0,Deal Hunter
347,49,Male,Jeans,Clothing,50,New Mexico,L,Violet,Spring,4.7,Yes,Next Day Air,Yes,Yes,5,Cash,Weekly,1.0,300,1,6,0.0,52,1,0.693877551020408,56.0302123455883,High Value,0,1,Deal Hunter
348,36,Male,Sandals,Footwear,41,Oregon,L,Red,Fall,3.9,Yes,Store Pickup,Yes,Yes,43,PayPal,Fortnightly,1.0,1804,0,44,0.0,24,1,0.7693744164332399,68.54533687037903,High Value,0,1,Deal Hunter
349,56,Male,Blouse,Clothing,59,South Carolina,M,Beige,Fall,2.7,Yes,Free Shipping,Yes,Yes,17,PayPal,Fortnightly,1.0,1062,0,18,0.0,24,1,0.5925036681339202,54.92996285517175,High Value,0,1,Deal Hunter
350,37,Male,Hat,Accessories,87,Arizona,M,Green,Winter,3.7,Yes,2-Day Shipping,Yes,Yes,3,Bank Transfer,Bi-Weekly,1.0,348,0,4,0.0,26,1,0.5103374683206615,46.429989794814965,High Value,0,1,Deal Hunter
351,42,Male,Sweater,Clothing,68,Kentucky,M,Violet,Spring,2.6,Yes,2-Day Shipping,Yes,Yes,47,Bank Transfer,Fortnightly,1.0,3264,0,48,0.0,24,1,0.7965853007869814,78.56596630065447,High Value,0,1,Deal Hunter
352,28,Male,Skirt,Clothing,90,New York,M,Teal,Winter,3.9,Yes,Standard,Yes,Yes,24,Debit Card,Bi-Weekly,1.0,2250,0,25,0.0,26,1,0.6531946111778044,65.09883754864406,High Value,0,1,Deal Hunter
353,27,Male,Jeans,Clothing,71,Texas,XL,Yellow,Fall,4.9,Yes,Next Day Air,Yes,Yes,12,Cash,Every 3 Months,1.0,923,1,13,0.0,4,1,0.42777110844337735,45.788966426072314,High Value,0,0,Deal Hunter
354,63,Male,Sneakers,Footwear,64,Missouri,L,Yellow,Fall,4.1,Yes,Store Pickup,Yes,Yes,35,Debit Card,Monthly,1.0,2304,1,36,0.0,12,1,0.6365212751767373,64.83397597529427,High Value,0,1,Deal Hunter
355,58,Male,Jewelry,Accessories,76,Pennsylvania,S,Olive,Fall,3.0,Yes,Free Shipping,Yes,Yes,42,Venmo,Weekly,1.0,3268,0,43,0.0,52,1,0.945578231292517,86.37785022939438,High Value,0,1,Deal Hunter
356,37,Male,Jewelry,Accessories,42,Oregon,XL,Magenta,Fall,4.1,Yes,2-Day Shipping,Yes,Yes,1,PayPal,Every 3 Months,1.0,84,1,2,0.0,4,1,0.3529411764705882,36.93633312499453,Mid Value,0,0,Deal Hunter
357,56,Male,Pants,Clothing,80,Nevada,L,Black,Spring,3.8,Yes,Standard,Yes,Yes,27,Cash,Weekly,1.0,2240,0,28,0.0,52,1,0.8435374149659864,74.98976007061685,High Value,0,1,Deal Hunter
358,18,Male,Belt,Accessories,56,Arkansas,M,Olive,Spring,4.0,Yes,Standard,Yes,Yes,16,Credit Card,Bi-Weekly,1.0,952,1,17,0.0,26,1,0.5987728424703214,54.898549435190745,High Value,0,1,Deal Hunter
359,48,Male,Hat,Accessories,25,Minnesota,XL,Magenta,Summer,3.6,Yes,Express,Yes,Yes,36,Credit Card,Every 3 Months,1.0,925,0,37,0.0,4,1,0.5910364145658262,54.046444583286636,High Value,0,0,Deal Hunter
360,31,Male,Sneakers,Footwear,74,Georgia,M,Olive,Winter,3.0,Yes,Store Pickup,Yes,Yes,30,Credit Card,Every 3 Months,1.0,2294,0,31,0.0,4,1,0.550220088035214,59.975161480986664,High Value,0,0,Deal Hunter
361,51,Male,Pants,Clothing,30,Rhode Island,M,Teal,Summer,3.0,Yes,Standard,Yes,Yes,18,Debit Card,Fortnightly,1.0,570,0,19,0.0,24,1,0.5993063892223556,52.3880762357954,High Value,0,1,Deal Hunter
362,65,Male,T-shirt,Clothing,96,Nevada,M,White,Spring,2.6,Yes,Free Shipping,Yes,Yes,45,Cash,Annually,1.0,4416,0,46,0.0,1,1,0.6326530612244898,76.78107252620136,High Value,0,0,Deal Hunter
363,53,Male,Sneakers,Footwear,64,Texas,M,Charcoal,Fall,3.4,Yes,Free Shipping,Yes,Yes,1,Venmo,Fortnightly,1.0,128,0,2,0.0,24,1,0.4836601307189542,43.73985791224175,Mid Value,0,1,Deal Hunter
364,55,Male,Shorts,Clothing,88,Florida,L,Yellow,Winter,3.1,Yes,Free Shipping,Yes,Yes,42,Bank Transfer,Fortnightly,1.0,3784,0,43,0.0,24,1,0.7625716953448045,79.85035235520984,High Value,0,1,Deal Hunter
365,62,Male,Shoes,Footwear,88,North Dakota,L,Charcoal,Summer,3.0,Yes,Free Shipping,Yes,Yes,7,Venmo,Every 3 Months,1.0,704,0,8,0.0,4,1,0.39375750300120044,42.43254489764051,Mid Value,0,0,Deal Hunter
366,55,Male,Gloves,Accessories,88,West Virginia,XL,Gray,Summer,3.7,Yes,Standard,Yes,Yes,50,PayPal,Quarterly,1.0,4488,0,51,0.0,4,1,0.6862745098039216,80.00805595292132,High Value,0,0,Deal Hunter
367,64,Male,Socks,Clothing,36,Nebraska,M,Turquoise,Spring,3.5,Yes,Store Pickup,Yes,Yes,37,Venmo,Fortnightly,1.0,1368,0,38,0.0,24,1,0.7285580899026276,63.84404865911044,High Value,0,1,Deal Hunter
368,52,Male,Dress,Clothing,40,Tennessee,XL,Cyan,Spring,2.8,Yes,Store Pickup,Yes,Yes,18,Bank Transfer,Monthly,1.0,760,0,19,0.0,12,1,0.520875016673336,49.40717064794701,High Value,0,1,Deal Hunter
369,24,Male,Handbag,Accessories,39,Oklahoma,M,Charcoal,Spring,4.5,Yes,Standard,Yes,Yes,29,Cash,Monthly,1.0,1170,1,30,0.0,12,1,0.595704948646125,56.02202650859071,High Value,0,1,Deal Hunter
370,38,Male,Belt,Accessories,40,Wisconsin,M,Silver,Summer,3.3,Yes,Store Pickup,Yes,Yes,45,PayPal,Quarterly,1.0,1840,0,46,0.0,4,1,0.6522609043617447,62.635457971347854,High Value,0,0,Deal Hunter
371,59,Male,Scarf,Accessories,34,Oregon,M,Olive,Winter,3.4,Yes,Express,Yes,Yes,13,PayPal,Weekly,1.0,476,0,14,0.0,52,1,0.7482993197278911,59.62281861291263,High Value,0,1,Deal Hunter
372,27,Male,Sneakers,Footwear,83,North Carolina,S,Pink,Winter,3.2,Yes,2-Day Shipping,Yes,Yes,47,PayPal,Monthly,1.0,3984,0,48,0.0,12,1,0.7181539282379619,78.70633645117358,High Value,0,1,Deal Hunter
373,24,Male,Sweater,Clothing,85,Pennsylvania,L,Orange,Summer,3.7,Yes,Standard,Yes,Yes,7,Debit Card,Weekly,1.0,680,0,8,0.0,52,1,0.7074829931972788,58.690618085710476,High Value,0,1,Deal Hunter
374,23,Male,Coat,Outerwear,27,North Dakota,L,White,Summer,4.6,Yes,Express,Yes,Yes,11,Venmo,Bi-Weekly,1.0,324,1,12,0.0,26,1,0.5647592370281446,49.42213445645196,High Value,0,1,Deal Hunter
375,69,Male,Jewelry,Accessories,78,Ohio,S,Purple,Spring,5.0,Yes,Store Pickup,Yes,Yes,39,Bank Transfer,Monthly,1.0,3120,1,40,0.0,12,1,0.6637321595304788,71.06196092347786,High Value,0,1,Deal Hunter
376,59,Male,Sunglasses,Accessories,32,Oklahoma,M,Olive,Summer,4.4,Yes,Standard,Yes,Yes,6,Debit Card,Quarterly,1.0,224,1,7,0.0,4,1,0.3869547819127651,39.53881874463268,Mid Value,0,0,Deal Hunter
377,51,Male,Shoes,Footwear,51,South Carolina,S,Gray,Fall,4.9,Yes,Express,Yes,Yes,2,Venmo,Bi-Weekly,1.0,153,1,3,0.0,26,1,0.5035347472322262,45.21468550111797,High Value,0,1,Deal Hunter
378,63,Male,Scarf,Accessories,32,Maine,M,Silver,Spring,4.1,Yes,Standard,Yes,Yes,39,Credit Card,Every 3 Months,1.0,1280,1,40,0.0,4,1,0.6114445778311324,57.49259816908311,High Value,0,0,Deal Hunter
379,54,Male,Dress,Clothing,62,Nevada,L,Orange,Winter,4.9,Yes,Next Day Air,Yes,Yes,23,Credit Card,Monthly,1.0,1488,1,24,0.0,12,1,0.5548886221155128,55.761194725112894,High Value,0,1,Deal Hunter
380,32,Male,T-shirt,Clothing,29,Montana,S,Magenta,Fall,4.7,Yes,2-Day Shipping,Yes,Yes,46,Debit Card,Bi-Weekly,1.0,1363,1,47,0.0,26,1,0.8028544751233826,67.98699656479383,High Value,0,1,Deal Hunter
381,39,Male,Backpack,Accessories,69,New Hampshire,XL,Beige,Fall,3.0,Yes,Store Pickup,Yes,Yes,19,Bank Transfer,Weekly,1.0,1380,0,20,0.0,52,1,0.7891156462585034,67.0802521931548,High Value,0,1,Deal Hunter
382,66,Male,Jewelry,Accessories,25,Maine,L,Lavender,Winter,3.4,Yes,Store Pickup,Yes,Yes,3,Credit Card,Every 3 Months,1.0,100,0,4,0.0,4,1,0.36654661864745897,37.453070244803925,Mid Value,0,0,Deal Hunter
383,28,Male,Jeans,Clothing,76,California,M,Peach,Winter,3.2,Yes,Store Pickup,Yes,Yes,47,PayPal,Quarterly,1.0,3648,0,48,0.0,4,1,0.6658663465386154,73.99432975433497,High Value,0,0,Deal Hunter
384,50,Male,Sunglasses,Accessories,77,West Virginia,S,Magenta,Fall,3.8,Yes,Standard,Yes,Yes,6,PayPal,Quarterly,1.0,539,0,7,0.0,4,1,0.3869547819127651,41.105227441342414,Mid Value,0,0,Deal Hunter
385,70,Male,Sweater,Clothing,33,California,M,Beige,Fall,4.5,Yes,2-Day Shipping,Yes,Yes,6,Venmo,Annually,1.0,231,1,7,0.0,1,1,0.36734693877551017,38.55507976766325,Mid Value,0,0,Deal Hunter
386,67,Male,Shorts,Clothing,93,West Virginia,S,Yellow,Fall,2.7,Yes,Next Day Air,Yes,Yes,12,Credit Card,Bi-Weekly,1.0,1209,0,13,0.0,26,1,0.57156195811658,54.700986409533094,High Value,0,1,Deal Hunter
387,64,Male,Jewelry,Accessories,39,Louisiana,L,Brown,Spring,3.4,Yes,Express,Yes,Yes,40,PayPal,Quarterly,1.0,1599,0,41,0.0,4,1,0.6182472989195678,59.438163201567974,High Value,0,0,Deal Hunter
388,45,Male,Coat,Outerwear,93,Georgia,L,Silver,Summer,4.6,Yes,Store Pickup,Yes,Yes,38,PayPal,Fortnightly,1.0,3627,1,39,0.0,24,1,0.735360810991063,77.7920390295051,High Value,0,1,Deal Hunter
389,22,Male,Handbag,Accessories,82,Washington,M,Orange,Summer,2.7,Yes,Store Pickup,Yes,Yes,10,PayPal,Quarterly,1.0,902,0,11,0.0,4,1,0.4141656662665066,44.66540501314773,High Value,0,0,Deal Hunter
390,27,Male,Boots,Footwear,42,Virginia,L,Purple,Spring,4.2,Yes,Standard,Yes,Yes,28,Bank Transfer,Monthly,1.0,1218,1,29,0.0,12,1,0.5889022275576896,55.94910854714597,High Value,0,1,Deal Hunter
391,25,Male,Gloves,Accessories,71,Indiana,M,Indigo,Winter,3.2,Yes,2-Day Shipping,Yes,Yes,19,PayPal,Annually,1.0,1420,0,20,0.0,1,1,0.45578231292517,49.89144282367259,High Value,0,0,Deal Hunter
392,37,Male,Sweater,Clothing,86,Minnesota,L,Gray,Spring,4.8,Yes,Standard,Yes,Yes,25,Cash,Fortnightly,1.0,2236,1,26,0.0,24,1,0.6469254368414032,64.9773685254206,High Value,0,1,Deal Hunter
393,26,Male,T-shirt,Clothing,82,Idaho,XL,Black,Spring,3.3,Yes,Next Day Air,Yes,Yes,38,Credit Card,Annually,1.0,3198,0,39,0.0,1,1,0.5850340136054422,67.11883076321438,High Value,0,0,Deal Hunter
394,33,Male,Shoes,Footwear,65,Vermont,L,Maroon,Fall,4.2,Yes,Standard,Yes,Yes,6,PayPal,Fortnightly,1.0,455,1,7,0.0,24,1,0.5176737361611311,47.73231298735976,High Value,0,1,Deal Hunter
395,43,Male,Scarf,Accessories,29,North Dakota,M,Beige,Spring,4.8,Yes,Store Pickup,Yes,Yes,7,Debit Card,Bi-Weekly,1.0,232,1,8,0.0,26,1,0.537548352674403,47.457929950868525,High Value,0,1,Deal Hunter
396,37,Male,Sneakers,Footwear,65,Rhode Island,L,Brown,Winter,4.9,Yes,Store Pickup,Yes,Yes,2,PayPal,Annually,1.0,195,1,3,0.0,1,1,0.3401360544217687,36.92067043443563,Mid Value,0,0,Deal Hunter
397,46,Male,Dress,Clothing,88,South Carolina,S,Black,Fall,3.9,Yes,Standard,Yes,Yes,24,Bank Transfer,Annually,1.0,2200,0,25,0.0,1,1,0.4897959183673469,56.26301612737718,High Value,0,0,Deal Hunter
398,22,Male,Belt,Accessories,46,Mississippi,M,Indigo,Fall,3.0,Yes,Free Shipping,Yes,Yes,26,Cash,Annually,1.0,1242,0,27,0.0,1,1,0.5034013605442177,51.332362075789675,High Value,0,0,Deal Hunter
399,20,Male,Boots,Footwear,67,Montana,S,Silver,Winter,4.6,Yes,Free Shipping,Yes,Yes,25,Debit Card,Every 3 Months,1.0,1742,1,26,0.0,4,1,0.5162064825930373,55.235014812522465,High Value,0,0,Deal Hunter
400,60,Male,Scarf,Accessories,35,Idaho,L,Blue,Fall,3.5,Yes,2-Day Shipping,Yes,Yes,10,Debit Card,Monthly,1.0,385,0,11,0.0,12,1,0.46645324796585297,44.35392453106656,High Value,0,1,Deal Hunter
401,39,Male,Boots,Footwear,66,Utah,M,Green,Winter,4.8,Yes,Free Shipping,Yes,Yes,14,PayPal,Fortnightly,1.0,990,1,15,0.0,24,1,0.572095504868614,53.72783102525682,High Value,0,1,Deal Hunter
402,43,Male,T-shirt,Clothing,91,Oklahoma,L,Orange,Fall,4.8,Yes,Standard,Yes,Yes,21,Cash,Quarterly,1.0,2002,1,22,0.0,4,1,0.48899559823929567,55.34380853317556,High Value,0,0,Deal Hunter
403,31,Male,Backpack,Accessories,78,California,L,Cyan,Fall,3.0,Yes,Express,Yes,Yes,26,PayPal,Monthly,1.0,2106,0,27,0.0,12,1,0.575296785380819,60.178829485497,High Value,0,1,Deal Hunter
404,19,Male,Sneakers,Footwear,45,Nevada,M,Orange,Winter,4.5,Yes,Next Day Air,Yes,Yes,12,Bank Transfer,Annually,1.0,585,1,13,0.0,1,1,0.40816326530612246,42.77345361941082,Mid Value,0,0,Deal Hunter
405,35,Male,T-shirt,Clothing,93,Delaware,M,Indigo,Spring,4.8,Yes,Store Pickup,Yes,Yes,11,Credit Card,Monthly,1.0,1116,1,12,0.0,12,1,0.47325596905428835,49.303218055752616,High Value,0,1,Deal Hunter
406,41,Male,Jeans,Clothing,74,South Carolina,S,Silver,Summer,3.8,Yes,Standard,Yes,Yes,15,Cash,Annually,1.0,1184,0,16,0.0,1,1,0.42857142857142855,47.07919358917421,High Value,0,0,Deal Hunter
407,52,Male,Gloves,Accessories,55,Maryland,M,Peach,Spring,4.6,Yes,Express,Yes,Yes,13,Cash,Monthly,1.0,770,1,14,0.0,12,1,0.4868614112311591,47.97675410205365,High Value,0,1,Deal Hunter
408,45,Male,Hoodie,Clothing,76,North Carolina,XL,Teal,Spring,3.1,Yes,Next Day Air,Yes,Yes,5,Credit Card,Bi-Weekly,1.0,456,0,6,0.0,26,1,0.5239429104975323,47.77722241700062,High Value,0,1,Deal Hunter
409,34,Male,Sneakers,Footwear,66,Alabama,L,White,Spring,3.4,Yes,Express,Yes,Yes,36,Cash,Fortnightly,1.0,2442,0,37,0.0,24,1,0.7217553688141922,69.81344939118472,High Value,0,1,Deal Hunter
410,35,Male,Shorts,Clothing,51,Minnesota,M,Brown,Winter,3.3,Yes,2-Day Shipping,Yes,Yes,32,Bank Transfer,Monthly,1.0,1683,0,33,0.0,12,1,0.6161131119114311,59.821295320807664,High Value,0,1,Deal Hunter
411,29,Male,Sweater,Clothing,26,Virginia,L,Lavender,Spring,4.8,Yes,2-Day Shipping,Yes,Yes,1,Credit Card,Quarterly,1.0,52,1,2,0.0,4,1,0.3529411764705882,36.747878740791215,Mid Value,0,0,Deal Hunter
412,59,Male,Jeans,Clothing,29,Michigan,M,Indigo,Summer,2.8,Yes,Express,Yes,Yes,15,PayPal,Annually,1.0,464,0,16,0.0,1,1,0.42857142857142855,42.83896994459947,Mid Value,0,0,Deal Hunter
413,24,Male,Jacket,Outerwear,74,Maine,M,Yellow,Summer,3.1,Yes,Store Pickup,Yes,Yes,3,Bank Transfer,Weekly,1.0,296,0,4,0.0,52,1,0.6802721088435374,55.006767324271735,High Value,0,1,Deal Hunter
414,70,Male,Jewelry,Accessories,99,Nevada,S,White,Summer,4.6,Yes,Free Shipping,Yes,Yes,48,Cash,Monthly,1.0,4851,1,49,0.0,12,1,0.7249566493263973,84.45656110872378,High Value,0,1,Deal Hunter
415,29,Male,Backpack,Accessories,88,Wyoming,L,Violet,Winter,2.6,Yes,Store Pickup,Yes,Yes,30,Debit Card,Weekly,1.0,2728,0,31,0.0,52,1,0.8639455782312924,78.93048804296666,High Value,0,1,Deal Hunter
416,67,Male,Coat,Outerwear,31,Connecticut,M,Lavender,Winter,2.6,Yes,Express,Yes,Yes,40,Bank Transfer,Monthly,1.0,1271,0,41,0.0,12,1,0.6705348806189142,60.239741426187685,High Value,0,1,Deal Hunter
417,36,Male,Belt,Accessories,55,Oregon,L,Olive,Spring,3.8,Yes,Free Shipping,Yes,Yes,24,Bank Transfer,Fortnightly,1.0,1375,0,25,0.0,24,1,0.6401227157529679,59.26247906490855,High Value,0,1,Deal Hunter
418,23,Male,Sandals,Footwear,81,Mississippi,L,Beige,Fall,4.5,Yes,Free Shipping,Yes,Yes,48,Debit Card,Quarterly,1.0,3969,1,49,0.0,4,1,0.6726690676270508,76.52905148141598,High Value,0,0,Deal Hunter
419,18,Male,Sweater,Clothing,73,Illinois,L,Purple,Spring,3.0,Yes,Standard,Yes,Yes,27,Venmo,Bi-Weekly,1.0,2044,0,28,0.0,26,1,0.6736027744431106,64.95246106358434,High Value,0,1,Deal Hunter
420,53,Male,Shorts,Clothing,91,Utah,S,Teal,Winter,3.8,Yes,Free Shipping,Yes,Yes,14,Credit Card,Every 3 Months,1.0,1365,0,15,0.0,4,1,0.44137655062024805,48.814502535588424,High Value,0,0,Deal Hunter
421,32,Male,Socks,Clothing,54,North Carolina,S,Peach,Spring,3.8,Yes,Free Shipping,Yes,Yes,18,Debit Card,Bi-Weekly,1.0,1026,0,19,0.0,26,1,0.6123782846471921,55.75686012636866,High Value,0,1,Deal Hunter
422,38,Male,Shirt,Clothing,40,Kentucky,M,Violet,Winter,3.5,Yes,Standard,Yes,Yes,48,Cash,Bi-Weekly,1.0,1960,0,49,0.0,26,1,0.8164599173002534,71.92535859779477,High Value,0,1,Deal Hunter
423,47,Male,Pants,Clothing,59,Minnesota,M,Purple,Fall,3.1,Yes,Store Pickup,Yes,Yes,32,Debit Card,Annually,1.0,1947,0,33,0.0,1,1,0.5442176870748299,57.617844954267426,High Value,0,0,Deal Hunter
424,46,Male,Scarf,Accessories,26,New York,L,Teal,Spring,3.0,Yes,Store Pickup,Yes,Yes,21,Credit Card,Bi-Weekly,1.0,572,0,22,0.0,26,1,0.6327864479124983,54.149962163733214,High Value,0,1,Deal Hunter
425,66,Male,Sweater,Clothing,23,Illinois,M,Gold,Winter,4.3,Yes,Standard,Yes,Yes,42,PayPal,Fortnightly,1.0,989,1,43,0.0,24,1,0.7625716953448045,63.67872888274269,High Value,0,1,Deal Hunter
426,40,Male,Jeans,Clothing,87,North Dakota,S,Teal,Winter,3.3,Yes,Store Pickup,Yes,Yes,4,Credit Card,Quarterly,1.0,435,0,5,0.0,4,1,0.37334933973589435,39.78155161718217,Mid Value,0,0,Deal Hunter
427,43,Male,Pants,Clothing,71,Louisiana,M,Violet,Winter,4.7,Yes,Express,Yes,Yes,19,Credit Card,Quarterly,1.0,1420,1,20,0.0,4,1,0.47539015606242496,51.205095344978204,High Value,0,0,Deal Hunter
428,58,Male,Backpack,Accessories,91,Illinois,L,Black,Winter,4.5,Yes,Store Pickup,Yes,Yes,6,Credit Card,Quarterly,1.0,637,1,7,0.0,4,1,0.3869547819127651,41.9710581407568,Mid Value,0,0,Deal Hunter
429,21,Male,Coat,Outerwear,64,Wyoming,XL,Gold,Winter,2.9,Yes,Free Shipping,Yes,Yes,2,Debit Card,Fortnightly,1.0,192,0,3,0.0,24,1,0.4904628518073896,44.47236621839812,High Value,0,1,Deal Hunter
430,42,Male,Sandals,Footwear,94,Washington,M,Gold,Winter,4.1,Yes,2-Day Shipping,Yes,Yes,21,Cash,Fortnightly,1.0,2068,1,22,0.0,24,1,0.6197145524876617,62.56558485735428,High Value,0,1,Deal Hunter
431,24,Male,Shirt,Clothing,40,Texas,M,Brown,Summer,3.5,Yes,Store Pickup,Yes,Yes,40,Debit Card,Annually,1.0,1640,0,41,0.0,1,1,0.5986394557823129,58.65465700781459,High Value,0,0,Deal Hunter
432,43,Male,Hat,Accessories,76,New Hampshire,L,Cyan,Winter,3.4,Yes,Store Pickup,Yes,Yes,33,Cash,Fortnightly,1.0,2584,0,34,0.0,24,1,0.7013472055488861,69.58291710783777,High Value,0,1,Deal Hunter
433,47,Male,Shirt,Clothing,86,Indiana,S,Indigo,Fall,3.3,Yes,Free Shipping,Yes,Yes,26,Venmo,Weekly,1.0,2322,0,27,0.0,52,1,0.8367346938775511,75.11707489238815,High Value,0,1,Deal Hunter
434,49,Male,Skirt,Clothing,92,Alabama,M,Orange,Fall,3.2,Yes,Store Pickup,Yes,Yes,23,Credit Card,Fortnightly,1.0,2208,0,24,0.0,24,1,0.6333199946645325,63.812582715951535,High Value,0,1,Deal Hunter
435,50,Male,Shoes,Footwear,52,Oklahoma,L,Pink,Spring,4.0,Yes,Store Pickup,Yes,Yes,39,PayPal,Every 3 Months,1.0,2080,1,40,0.0,4,1,0.6114445778311324,62.20395777416615,High Value,0,0,Deal Hunter
436,51,Male,Coat,Outerwear,28,Montana,XL,Olive,Winter,3.6,Yes,Next Day Air,Yes,Yes,42,Bank Transfer,Monthly,1.0,1204,0,43,0.0,12,1,0.684140322795785,60.55636413476143,High Value,0,1,Deal Hunter
437,40,Male,Pants,Clothing,46,Tennessee,L,Cyan,Summer,4.6,Yes,Free Shipping,Yes,Yes,41,Bank Transfer,Weekly,1.0,1932,1,42,0.0,52,1,0.9387755102040816,78.4429692989477,High Value,0,1,Deal Hunter
438,45,Male,Jewelry,Accessories,50,New Mexico,M,Peach,Summer,2.6,Yes,Next Day Air,Yes,Yes,41,PayPal,Annually,1.0,2100,0,42,0.0,1,1,0.6054421768707483,61.71928831848707,High Value,0,0,Deal Hunter
439,52,Male,Belt,Accessories,23,Iowa,M,Turquoise,Winter,4.3,Yes,Express,Yes,Yes,12,Credit Card,Fortnightly,1.0,299,1,13,0.0,24,1,0.5584900626917433,48.9471950908669,High Value,0,1,Deal Hunter
440,62,Male,Jacket,Outerwear,50,Idaho,M,Turquoise,Summer,3.4,Yes,Free Shipping,Yes,Yes,31,Cash,Monthly,1.0,1600,0,32,0.0,12,1,0.6093103908229958,58.97689222403058,High Value,0,1,Deal Hunter
441,20,Male,Shirt,Clothing,89,Oklahoma,XL,Maroon,Winter,3.5,Yes,Store Pickup,Yes,Yes,34,Debit Card,Fortnightly,1.0,3115,0,35,0.0,24,1,0.7081499266373215,73.06568158346137,High Value,0,1,Deal Hunter
442,43,Male,Hoodie,Clothing,81,Florida,M,Maroon,Winter,4.2,Yes,Standard,Yes,Yes,32,Credit Card,Annually,1.0,2673,1,33,0.0,1,1,0.5442176870748299,62.182092943672004,High Value,0,0,Deal Hunter
443,29,Male,Sunglasses,Accessories,69,Michigan,M,Olive,Fall,3.8,Yes,Store Pickup,Yes,Yes,31,Credit Card,Quarterly,1.0,2208,0,32,0.0,4,1,0.5570228091236494,59.82428986118995,High Value,0,0,Deal Hunter
444,22,Male,Sunglasses,Accessories,67,Hawaii,M,Magenta,Summer,3.6,Yes,Free Shipping,Yes,Yes,24,PayPal,Annually,1.0,1675,0,25,0.0,1,1,0.4897959183673469,53.17118638654142,High Value,0,0,Deal Hunter
445,48,Male,Dress,Clothing,20,California,M,Red,Summer,4.3,Yes,Store Pickup,Yes,Yes,31,Debit Card,Annually,1.0,640,1,32,0.0,1,1,0.5374149659863945,49.853750809505,High Value,0,0,Deal Hunter
446,42,Male,Boots,Footwear,29,Iowa,M,Olive,Fall,4.9,Yes,Standard,Yes,Yes,18,Venmo,Annually,1.0,551,1,19,0.0,1,1,0.44897959183673464,44.706818062693124,High Value,0,0,Deal Hunter
447,19,Male,Shirt,Clothing,74,West Virginia,M,Silver,Summer,4.1,Yes,Store Pickup,Yes,Yes,15,Venmo,Monthly,1.0,1184,1,16,0.0,12,1,0.5004668534080299,51.126081773183564,High Value,0,1,Deal Hunter
448,60,Male,Shorts,Clothing,82,Washington,S,Turquoise,Spring,3.6,Yes,Standard,Yes,Yes,7,Bank Transfer,Every 3 Months,1.0,656,0,8,0.0,4,1,0.39375750300120044,42.14986332133553,Mid Value,0,0,Deal Hunter
449,32,Male,Gloves,Accessories,23,Missouri,M,Yellow,Summer,3.4,Yes,Next Day Air,Yes,Yes,35,Bank Transfer,Fortnightly,1.0,828,0,36,0.0,24,1,0.7149526477257568,59.95268185017994,High Value,0,1,Deal Hunter
450,26,Male,Jewelry,Accessories,45,New York,L,Peach,Summer,2.9,Yes,2-Day Shipping,Yes,Yes,35,Bank Transfer,Monthly,1.0,1620,0,36,0.0,12,1,0.6365212751767373,60.517074365156546,High Value,0,1,Deal Hunter
451,25,Male,Boots,Footwear,21,Connecticut,L,Beige,Summer,2.7,Yes,Store Pickup,Yes,Yes,19,Credit Card,Monthly,1.0,420,0,20,0.0,12,1,0.5276777377617714,47.76044235353643,High Value,0,1,Deal Hunter
452,66,Male,Jewelry,Accessories,31,Virginia,M,Pink,Summer,4.3,Yes,Express,Yes,Yes,26,Credit Card,Fortnightly,1.0,837,1,27,0.0,24,1,0.6537281579298386,57.09397795378136,High Value,0,1,Deal Hunter
453,45,Male,Pants,Clothing,45,Missouri,M,Violet,Summer,3.8,Yes,Express,Yes,Yes,39,PayPal,Fortnightly,1.0,1800,0,40,0.0,24,1,0.7421635320794984,67.09938192135473,High Value,0,1,Deal Hunter
454,54,Male,Jewelry,Accessories,56,Nebraska,XL,Peach,Winter,2.8,Yes,Next Day Air,Yes,Yes,22,Credit Card,Weekly,1.0,1288,0,23,0.0,52,1,0.8095238095238095,67.60524445181943,High Value,0,1,Deal Hunter
455,37,Male,Jacket,Outerwear,97,New Jersey,S,Gold,Summer,3.2,Yes,Next Day Air,Yes,Yes,14,Cash,Bi-Weekly,1.0,1455,0,15,0.0,26,1,0.5851674002934506,56.86092856359556,High Value,0,1,Deal Hunter
456,54,Male,Blouse,Clothing,100,Utah,XL,Gold,Fall,3.6,Yes,Store Pickup,Yes,Yes,50,Debit Card,Fortnightly,1.0,5100,0,51,0.0,24,1,0.8169934640522876,90.44533520756922,High Value,0,1,Deal Hunter
457,50,Male,Blouse,Clothing,96,North Carolina,S,Indigo,Fall,4.0,Yes,2-Day Shipping,Yes,Yes,33,Credit Card,Quarterly,1.0,3264,1,34,0.0,4,1,0.5706282513005201,67.04317276319071,High Value,0,0,Deal Hunter
458,25,Male,Gloves,Accessories,99,Rhode Island,M,Blue,Spring,4.9,Yes,Next Day Air,Yes,Yes,48,Debit Card,Every 3 Months,1.0,4851,1,49,0.0,4,1,0.6726690676270508,81.72332544602003,High Value,0,0,Deal Hunter
459,47,Male,Shorts,Clothing,91,Arkansas,L,Black,Winter,4.0,Yes,2-Day Shipping,Yes,Yes,48,PayPal,Monthly,1.0,4459,1,49,0.0,12,1,0.7249566493263973,82.1479949022331,High Value,0,1,Deal Hunter
460,63,Male,Hat,Accessories,30,Maryland,L,Black,Winter,3.8,Yes,Standard,Yes,Yes,27,PayPal,Fortnightly,1.0,840,0,28,0.0,24,1,0.660530879018274,57.17855594225843,High Value,0,1,Deal Hunter
461,64,Male,Shoes,Footwear,65,South Carolina,L,Teal,Summer,3.8,Yes,Store Pickup,Yes,Yes,27,Bank Transfer,Weekly,1.0,1820,0,28,0.0,52,1,0.8435374149659864,72.51629627794826,High Value,0,1,Deal Hunter
462,18,Male,Boots,Footwear,93,Ohio,M,Yellow,Winter,3.9,Yes,Express,Yes,Yes,20,Venmo,Weekly,1.0,1953,0,21,0.0,52,1,0.7959183673469388,70.81036304804526,High Value,0,1,Deal Hunter
463,59,Male,Jacket,Outerwear,81,Illinois,M,White,Fall,3.3,Yes,Express,Yes,Yes,48,Venmo,Every 3 Months,1.0,3969,0,49,0.0,4,1,0.6726690676270508,76.24036233362426,High Value,0,0,Deal Hunter
464,37,Male,Jewelry,Accessories,81,Georgia,S,Orange,Summer,2.7,Yes,Standard,Yes,Yes,29,Venmo,Weekly,1.0,2430,0,30,0.0,52,1,0.857142857142857,76.81990705232352,High Value,0,1,Deal Hunter
465,23,Male,Sunglasses,Accessories,52,Alabama,M,Silver,Winter,4.7,Yes,Next Day Air,Yes,Yes,45,PayPal,Monthly,1.0,2392,1,46,0.0,12,1,0.7045484860610911,68.90822090935062,High Value,0,1,Deal Hunter
466,54,Male,Skirt,Clothing,88,Oklahoma,M,Pink,Summer,2.8,Yes,Next Day Air,Yes,Yes,25,Cash,Quarterly,1.0,2288,0,26,0.0,4,1,0.5162064825930373,58.161828595199935,High Value,0,0,Deal Hunter
467,38,Male,Jeans,Clothing,24,Vermont,L,Turquoise,Winter,4.6,Yes,Free Shipping,Yes,Yes,25,PayPal,Weekly,1.0,624,1,26,0.0,52,1,0.8299319727891157,65.05030374064138,High Value,0,1,Deal Hunter
468,19,Male,Backpack,Accessories,51,Nebraska,S,Orange,Spring,4.5,Yes,2-Day Shipping,Yes,Yes,37,Debit Card,Every 3 Months,1.0,1938,1,38,0.0,4,1,0.5978391356542616,60.65649236876447,High Value,0,0,Deal Hunter
469,34,Male,Backpack,Accessories,38,Georgia,S,Peach,Fall,5.0,Yes,Free Shipping,Yes,Yes,16,Cash,Quarterly,1.0,646,1,17,0.0,4,1,0.4549819927971188,45.5800563138112,High Value,0,0,Deal Hunter
470,21,Male,Shorts,Clothing,46,Alabama,L,Pink,Fall,4.1,Yes,2-Day Shipping,Yes,Yes,30,Debit Card,Bi-Weekly,1.0,1426,1,31,0.0,26,1,0.6940109377084167,62.66842352969856,High Value,0,1,Deal Hunter
471,50,Male,Dress,Clothing,63,Minnesota,L,Teal,Summer,4.6,Yes,Express,Yes,Yes,6,Cash,Every 3 Months,1.0,441,1,7,0.0,4,1,0.3869547819127651,40.81677503751145,Mid Value,0,0,Deal Hunter
472,55,Male,Scarf,Accessories,72,Missouri,XL,White,Winter,4.9,Yes,2-Day Shipping,Yes,Yes,36,Bank Transfer,Quarterly,1.0,2664,1,37,0.0,4,1,0.5910364145658262,64.5764516726276,High Value,0,0,Deal Hunter
473,20,Male,Jeans,Clothing,39,Georgia,L,Gray,Winter,3.9,Yes,Free Shipping,Yes,Yes,3,Bank Transfer,Quarterly,1.0,156,0,4,0.0,4,1,0.36654661864745897,37.78286541715974,Mid Value,0,0,Deal Hunter
474,34,Male,Coat,Outerwear,42,West Virginia,L,Olive,Spring,3.9,Yes,Store Pickup,Yes,Yes,29,PayPal,Every 3 Months,1.0,1260,0,30,0.0,4,1,0.5434173669467787,53.5301296536671,High Value,0,0,Deal Hunter
475,62,Male,Sweater,Clothing,76,Arkansas,XL,Maroon,Summer,2.6,Yes,2-Day Shipping,Yes,Yes,15,Cash,Quarterly,1.0,1216,0,16,0.0,4,1,0.44817927170868344,48.29261134689143,High Value,0,0,Deal Hunter
476,21,Male,Sneakers,Footwear,66,Ohio,L,Magenta,Summer,2.7,Yes,Free Shipping,Yes,Yes,18,Debit Card,Annually,1.0,1254,0,19,0.0,1,1,0.44897959183673464,48.55823616786814,High Value,0,0,Deal Hunter
477,21,Male,Scarf,Accessories,90,Connecticut,M,Magenta,Spring,3.5,Yes,Free Shipping,Yes,Yes,2,Debit Card,Fortnightly,1.0,270,0,3,0.0,24,1,0.4904628518073896,44.93172377989371,High Value,0,1,Deal Hunter
478,42,Male,Sweater,Clothing,56,North Dakota,M,Green,Summer,3.7,Yes,Free Shipping,Yes,Yes,49,Debit Card,Weekly,1.0,2800,0,50,0.0,52,1,0.9931972789115646,86.11090162466886,High Value,0,1,Deal Hunter
479,35,Male,Jewelry,Accessories,43,Kansas,XL,Turquoise,Winter,3.2,Yes,Free Shipping,Yes,Yes,48,Venmo,Annually,1.0,2107,0,49,0.0,1,1,0.6530612244897959,64.24970947927959,High Value,0,0,Deal Hunter
480,39,Male,Handbag,Accessories,84,Iowa,L,Yellow,Winter,3.3,Yes,Store Pickup,Yes,Yes,43,Venmo,Monthly,1.0,3696,0,44,0.0,12,1,0.6909430438842203,75.58784884234481,High Value,0,1,Deal Hunter
481,68,Male,Hoodie,Clothing,88,Vermont,M,Gray,Summer,4.8,Yes,Standard,Yes,Yes,30,Debit Card,Bi-Weekly,1.0,2728,1,31,0.0,26,1,0.6940109377084167,70.33616128697122,High Value,0,1,Deal Hunter
482,46,Male,Hat,Accessories,88,Wisconsin,L,Peach,Fall,3.2,Yes,2-Day Shipping,Yes,Yes,10,PayPal,Fortnightly,1.0,968,0,11,0.0,24,1,0.5448846205148725,51.88718133732644,High Value,0,1,Deal Hunter
483,41,Male,Belt,Accessories,42,Connecticut,M,Yellow,Winter,2.5,Yes,2-Day Shipping,Yes,Yes,11,Venmo,Annually,1.0,504,0,12,0.0,1,1,0.4013605442176871,41.652139773854735,Mid Value,0,0,Deal Hunter
484,23,Male,Hoodie,Clothing,73,Oklahoma,M,White,Fall,3.9,Yes,Store Pickup,Yes,Yes,12,Debit Card,Weekly,1.0,949,0,13,0.0,52,1,0.7414965986394557,62.05281044166826,High Value,0,1,Deal Hunter
485,68,Male,Hat,Accessories,73,Missouri,L,Lavender,Summer,4.7,Yes,Free Shipping,Yes,Yes,28,Bank Transfer,Quarterly,1.0,2117,1,29,0.0,4,1,0.5366146458583433,58.510263240654304,High Value,0,0,Deal Hunter
486,48,Male,Shoes,Footwear,44,Tennessee,S,Blue,Spring,2.6,Yes,Next Day Air,Yes,Yes,36,Debit Card,Fortnightly,1.0,1628,0,37,0.0,24,1,0.7217553688141922,65.01964099301271,High Value,0,1,Deal Hunter
487,38,Male,Sandals,Footwear,63,New Mexico,M,Charcoal,Fall,2.8,Yes,Store Pickup,Yes,Yes,37,Venmo,Every 3 Months,1.0,2394,0,38,0.0,4,1,0.5978391356542616,63.053278195870085,High Value,0,0,Deal Hunter
488,41,Male,Jacket,Outerwear,68,Iowa,L,Red,Winter,4.4,Yes,Store Pickup,Yes,Yes,22,Credit Card,Quarterly,1.0,1564,1,23,0.0,4,1,0.49579831932773105,53.11993868714232,High Value,0,0,Deal Hunter
489,58,Male,Sweater,Clothing,29,Maine,L,Olive,Spring,4.6,Yes,Standard,Yes,Yes,32,Venmo,Weekly,1.0,957,1,33,0.0,52,1,0.8775510204081631,69.50060394050523,High Value,0,1,Deal Hunter
490,49,Male,Socks,Clothing,85,South Dakota,M,Green,Summer,3.2,Yes,Standard,Yes,Yes,40,PayPal,Annually,1.0,3485,0,41,0.0,1,1,0.5986394557823129,69.52023009703736,High Value,0,0,Deal Hunter
491,57,Male,Sneakers,Footwear,42,Colorado,M,Silver,Winter,4.2,Yes,2-Day Shipping,Yes,Yes,47,Cash,Monthly,1.0,2016,1,48,0.0,12,1,0.7181539282379619,67.40508097046103,High Value,0,1,Deal Hunter
492,49,Male,Coat,Outerwear,69,Vermont,M,Silver,Summer,3.8,Yes,2-Day Shipping,Yes,Yes,24,Credit Card,Bi-Weekly,1.0,1725,0,25,0.0,26,1,0.6531946111778044,62.0070078078083,High Value,0,1,Deal Hunter
493,50,Male,Shirt,Clothing,62,Michigan,M,Black,Fall,3.9,Yes,Standard,Yes,Yes,11,Debit Card,Weekly,1.0,744,0,12,0.0,52,1,0.7346938775510203,60.48992500511602,High Value,0,1,Deal Hunter
494,28,Male,Backpack,Accessories,48,Nevada,XL,Red,Summer,4.7,Yes,Store Pickup,Yes,Yes,19,Cash,Bi-Weekly,1.0,960,1,20,0.0,26,1,0.6191810057356275,56.01246164449075,High Value,0,1,Deal Hunter
495,38,Male,Boots,Footwear,68,Indiana,M,Indigo,Winter,4.5,Yes,Express,Yes,Yes,42,Debit Card,Weekly,1.0,2924,1,43,0.0,52,1,0.945578231292517,84.64065474700038,High Value,0,1,Deal Hunter
496,33,Male,Handbag,Accessories,36,Michigan,XL,Cyan,Fall,3.3,Yes,Free Shipping,Yes,Yes,6,Debit Card,Fortnightly,1.0,252,0,7,0.0,24,1,0.5176737361611311,46.248116339778235,High Value,0,1,Deal Hunter
497,30,Male,Dress,Clothing,63,California,S,Maroon,Fall,3.3,Yes,Express,Yes,Yes,31,Venmo,Fortnightly,1.0,2016,0,32,0.0,24,1,0.6877417633720155,65.5266527127294,High Value,0,1,Deal Hunter
498,43,Male,Sneakers,Footwear,39,Oklahoma,S,Silver,Winter,4.6,Yes,Free Shipping,Yes,Yes,31,Cash,Weekly,1.0,1248,1,32,0.0,52,1,0.8707482993197277,70.85876145910446,High Value,0,1,Deal Hunter
499,43,Male,Boots,Footwear,78,Iowa,M,Lavender,Spring,3.6,Yes,Free Shipping,Yes,Yes,27,Bank Transfer,Monthly,1.0,2184,0,28,0.0,12,1,0.5820995064692543,60.99378658474232,High Value,0,1,Deal Hunter
500,36,Male,Shoes,Footwear,99,Rhode Island,L,Silver,Winter,4.8,Yes,Express,Yes,Yes,24,PayPal,Monthly,1.0,2475,1,25,0.0,12,1,0.5616913432039482,61.92943417563382,High Value,0,1,Deal Hunter
501,36,Male,T-shirt,Clothing,31,Washington,L,Purple,Fall,4.8,Yes,Next Day Air,Yes,Yes,35,Venmo,Every 3 Months,1.0,1116,1,36,0.0,4,1,0.5842336934773908,55.1043712990422,High Value,0,0,Deal Hunter
502,64,Male,Boots,Footwear,45,Florida,M,Cyan,Spring,2.9,Yes,Next Day Air,Yes,Yes,21,Venmo,Annually,1.0,990,0,22,0.0,1,1,0.4693877551020408,48.0702861114399,High Value,0,0,Deal Hunter
503,59,Male,Pants,Clothing,30,South Carolina,S,Cyan,Fall,2.8,Yes,Express,Yes,Yes,8,PayPal,Fortnightly,1.0,270,0,9,0.0,24,1,0.5312791783380019,47.06532100639204,High Value,0,1,Deal Hunter
504,55,Male,Shoes,Footwear,24,West Virginia,M,Lavender,Summer,3.2,Yes,Next Day Air,Yes,Yes,26,Bank Transfer,Quarterly,1.0,648,0,27,0.0,4,1,0.5230092036814726,48.85914094252941,High Value,0,0,Deal Hunter
505,42,Male,Shoes,Footwear,22,Missouri,M,Maroon,Winter,3.9,Yes,Free Shipping,Yes,Yes,26,PayPal,Annually,1.0,594,0,27,0.0,1,1,0.5034013605442177,47.516160795672405,High Value,0,0,Deal Hunter
506,61,Male,T-shirt,Clothing,63,Maine,L,Gray,Spring,4.3,Yes,Express,Yes,Yes,9,Cash,Bi-Weekly,1.0,630,1,10,0.0,26,1,0.5511537948512738,50.51303042989678,High Value,0,1,Deal Hunter
507,28,Male,Scarf,Accessories,40,Georgia,M,Olive,Fall,2.7,Yes,2-Day Shipping,Yes,Yes,48,Debit Card,Annually,1.0,1960,0,49,0.0,1,1,0.6530612244897959,63.38399715184557,High Value,0,0,Deal Hunter
508,65,Male,Shorts,Clothing,20,Maine,M,Magenta,Spring,5.0,Yes,Store Pickup,Yes,Yes,33,Debit Card,Fortnightly,1.0,680,1,34,0.0,24,1,0.7013472055488861,58.65857039553186,High Value,0,1,Deal Hunter
509,27,Male,Jewelry,Accessories,20,Illinois,S,Yellow,Winter,3.7,Yes,Store Pickup,Yes,Yes,31,PayPal,Quarterly,1.0,640,0,32,0.0,4,1,0.5570228091236494,50.590025035227185,High Value,0,0,Deal Hunter
510,41,Male,T-shirt,Clothing,80,Delaware,L,Cyan,Summer,3.9,Yes,Free Shipping,Yes,Yes,17,Debit Card,Weekly,1.0,1440,0,18,0.0,52,1,0.7755102040816326,66.72240508803658,High Value,0,1,Deal Hunter
511,21,Male,Shirt,Clothing,87,West Virginia,M,Teal,Fall,3.9,Yes,2-Day Shipping,Yes,Yes,22,Venmo,Annually,1.0,2001,0,23,0.0,1,1,0.47619047619047616,54.37986635011332,High Value,0,0,Deal Hunter
512,61,Male,Shirt,Clothing,46,Hawaii,L,Yellow,Fall,3.1,Yes,Free Shipping,Yes,Yes,8,PayPal,Annually,1.0,414,0,9,0.0,1,1,0.38095238095238093,40.05531320503373,Mid Value,0,0,Deal Hunter
513,19,Male,Gloves,Accessories,49,New York,L,Peach,Winter,3.8,Yes,Next Day Air,Yes,Yes,2,Bank Transfer,Monthly,1.0,147,0,3,0.0,12,1,0.41203147925836997,40.10749874655658,Mid Value,0,1,Deal Hunter
514,22,Male,Scarf,Accessories,65,New Mexico,M,Peach,Fall,3.6,Yes,Store Pickup,Yes,Yes,45,Venmo,Annually,1.0,2990,0,46,0.0,1,1,0.6326530612244898,68.38307403014082,High Value,0,0,Deal Hunter
515,64,Male,Skirt,Clothing,62,Indiana,S,Olive,Winter,4.3,Yes,Standard,Yes,Yes,47,PayPal,Quarterly,1.0,2976,1,48,0.0,4,1,0.6658663465386154,70.32547683385692,High Value,0,0,Deal Hunter
516,28,Male,Hat,Accessories,67,Kentucky,L,Charcoal,Spring,4.5,Yes,Next Day Air,Yes,Yes,7,Cash,Monthly,1.0,536,1,8,0.0,12,1,0.4460450847005468,44.46508419106852,High Value,0,1,Deal Hunter
517,34,Male,Hoodie,Clothing,41,West Virginia,L,Indigo,Fall,2.8,Yes,2-Day Shipping,Yes,Yes,19,Debit Card,Bi-Weekly,1.0,820,0,20,0.0,26,1,0.6191810057356275,54.8992845658095,High Value,0,1,Deal Hunter
518,61,Male,Boots,Footwear,49,North Dakota,L,Silver,Fall,2.7,Yes,Free Shipping,Yes,Yes,44,Cash,Every 3 Months,1.0,2205,0,45,0.0,4,1,0.6454581832733093,64.42941625341729,High Value,0,0,Deal Hunter
519,24,Male,Blouse,Clothing,100,Oregon,M,Beige,Fall,2.9,Yes,Next Day Air,Yes,Yes,16,Venmo,Every 3 Months,1.0,1700,0,17,0.0,4,1,0.4549819927971188,51.49858344571639,High Value,0,0,Deal Hunter
520,19,Male,Belt,Accessories,54,Minnesota,L,Blue,Summer,4.4,Yes,2-Day Shipping,Yes,Yes,17,Bank Transfer,Quarterly,1.0,972,1,18,0.0,4,1,0.4617847138855542,47.85553489063226,High Value,0,0,Deal Hunter
521,51,Male,Sunglasses,Accessories,84,South Carolina,M,White,Spring,3.9,Yes,Free Shipping,Yes,Yes,20,Debit Card,Quarterly,1.0,1764,0,21,0.0,4,1,0.4821928771508603,53.29789036512192,High Value,0,0,Deal Hunter
522,36,Male,Shorts,Clothing,41,Vermont,L,Gold,Winter,3.5,Yes,Standard,Yes,Yes,50,Bank Transfer,Annually,1.0,2091,0,51,0.0,1,1,0.6666666666666666,64.86668136267737,High Value,0,0,Deal Hunter
523,65,Male,Gloves,Accessories,88,Minnesota,M,Blue,Spring,2.5,Yes,Store Pickup,Yes,Yes,37,Cash,Quarterly,1.0,3344,0,38,0.0,4,1,0.5978391356542616,68.64801772690619,High Value,0,0,Deal Hunter
524,46,Male,Sandals,Footwear,40,Delaware,M,Orange,Spring,4.9,Yes,Express,Yes,Yes,5,PayPal,Quarterly,1.0,240,1,6,0.0,4,1,0.38015206082432973,39.277446398984615,Mid Value,0,0,Deal Hunter
525,59,Male,Shirt,Clothing,39,Pennsylvania,M,Gold,Summer,4.8,Yes,Free Shipping,Yes,Yes,44,PayPal,Annually,1.0,1755,1,45,0.0,1,1,0.6258503401360545,61.04300224983588,High Value,0,0,Deal Hunter
526,51,Male,Coat,Outerwear,37,Iowa,M,Cyan,Spring,3.2,Yes,Next Day Air,Yes,Yes,41,Debit Card,Monthly,1.0,1554,0,42,0.0,12,1,0.6773376017073496,62.26198442423553,High Value,0,1,Deal Hunter
527,51,Male,Pants,Clothing,52,New Jersey,S,Red,Winter,4.9,Yes,Standard,Yes,Yes,19,Cash,Monthly,1.0,1040,1,20,0.0,12,1,0.5276777377617714,51.7004351952675,High Value,0,1,Deal Hunter
528,21,Male,T-shirt,Clothing,23,South Carolina,L,Yellow,Winter,4.3,Yes,Next Day Air,Yes,Yes,47,Bank Transfer,Every 3 Months,1.0,1104,1,48,0.0,4,1,0.6658663465386154,59.300895357962624,High Value,0,0,Deal Hunter
529,34,Male,Sneakers,Footwear,88,Maryland,S,Beige,Winter,3.2,Yes,Express,Yes,Yes,40,Cash,Annually,1.0,3608,0,41,0.0,1,1,0.5986394557823129,70.24460163631886,High Value,0,0,Deal Hunter
530,32,Male,Shorts,Clothing,84,California,M,Orange,Fall,3.7,Yes,Standard,Yes,Yes,6,Credit Card,Monthly,1.0,588,0,7,0.0,12,1,0.4392423636121115,44.1270338798575,High Value,0,1,Deal Hunter
531,48,Male,Coat,Outerwear,37,Montana,XL,Magenta,Winter,3.2,Yes,Store Pickup,Yes,Yes,25,Credit Card,Bi-Weekly,1.0,962,0,26,0.0,26,1,0.6599973322662398,57.86914812221008,High Value,0,1,Deal Hunter
532,50,Male,Sandals,Footwear,51,Vermont,L,Purple,Fall,3.4,Yes,Next Day Air,Yes,Yes,42,Cash,Weekly,1.0,2193,0,43,0.0,52,1,0.945578231292517,80.04696076006404,High Value,0,1,Deal Hunter
533,26,Male,Pants,Clothing,76,Texas,L,Black,Winter,4.1,Yes,Express,Yes,Yes,35,Bank Transfer,Every 3 Months,1.0,2736,1,36,0.0,4,1,0.5842336934773908,64.64487449933536,High Value,0,0,Deal Hunter
534,57,Male,Sandals,Footwear,60,North Carolina,L,Pink,Spring,4.5,Yes,Next Day Air,Yes,Yes,17,Debit Card,Weekly,1.0,1080,1,18,0.0,52,1,0.7755102040816326,64.89098241354093,High Value,0,1,Deal Hunter
535,65,Male,Gloves,Accessories,72,Florida,L,Pink,Fall,4.5,Yes,Next Day Air,Yes,Yes,4,PayPal,Quarterly,1.0,360,1,5,0.0,4,1,0.37334933973589435,39.628550801997356,Mid Value,0,0,Deal Hunter
536,56,Male,T-shirt,Clothing,45,West Virginia,L,Maroon,Spring,3.2,Yes,Free Shipping,Yes,Yes,24,Bank Transfer,Weekly,1.0,1125,0,25,0.0,52,1,0.8231292517006803,67.35650400778319,High Value,0,1,Deal Hunter
537,44,Male,Jacket,Outerwear,84,Illinois,S,Maroon,Fall,4.4,Yes,Store Pickup,Yes,Yes,16,Debit Card,Every 3 Months,1.0,1428,1,17,0.0,4,1,0.4549819927971188,50.18541032777988,High Value,0,0,Deal Hunter
538,50,Male,Blouse,Clothing,49,Virginia,S,Turquoise,Summer,3.0,Yes,Store Pickup,Yes,Yes,14,Debit Card,Annually,1.0,735,0,15,0.0,1,1,0.42176870748299317,44.07934347307163,High Value,0,0,Deal Hunter
539,27,Male,Socks,Clothing,22,Virginia,XL,Green,Spring,3.2,Yes,Free Shipping,Yes,Yes,43,Cash,Weekly,1.0,968,0,44,0.0,52,1,0.9523809523809523,73.18829090253035,High Value,0,1,Deal Hunter
540,49,Male,Coat,Outerwear,48,Wyoming,M,Violet,Winter,4.0,Yes,Store Pickup,Yes,Yes,49,Debit Card,Weekly,1.0,2400,1,50,0.0,52,1,0.9931972789115646,84.04391096991904,High Value,0,1,Deal Hunter
541,49,Male,Dress,Clothing,37,South Carolina,M,Lavender,Spring,3.1,Yes,Next Day Air,Yes,Yes,33,Cash,Every 3 Months,1.0,1258,0,34,0.0,4,1,0.5706282513005201,54.94074940565328,High Value,0,0,Deal Hunter
542,52,Male,Jacket,Outerwear,27,Connecticut,L,Gray,Fall,2.8,Yes,Next Day Air,Yes,Yes,45,Cash,Bi-Weekly,1.0,1242,0,46,0.0,26,1,0.7960517540349472,66.63011473898356,High Value,0,1,Deal Hunter
543,27,Male,Boots,Footwear,79,Illinois,XL,Teal,Spring,4.6,Yes,Next Day Air,Yes,Yes,35,Cash,Bi-Weekly,1.0,2844,1,36,0.0,26,1,0.7280245431505935,72.79730611845687,High Value,0,1,Deal Hunter
544,53,Male,Skirt,Clothing,98,Alabama,S,Red,Spring,4.3,Yes,Express,Yes,Yes,11,Credit Card,Monthly,1.0,1176,1,12,0.0,12,1,0.47325596905428835,49.656570026133856,High Value,0,1,Deal Hunter
545,34,Male,Sandals,Footwear,64,Washington,S,Yellow,Summer,3.3,Yes,Standard,Yes,Yes,30,Bank Transfer,Every 3 Months,1.0,1984,0,31,0.0,4,1,0.550220088035214,58.14950963401698,High Value,0,0,Deal Hunter
546,33,Male,Coat,Outerwear,32,Alabama,L,Magenta,Summer,3.5,Yes,2-Day Shipping,Yes,Yes,48,Debit Card,Annually,1.0,1568,0,49,0.0,1,1,0.6530612244897959,61.07543094535489,High Value,0,0,Deal Hunter
547,62,Male,Hoodie,Clothing,74,New Mexico,M,Brown,Winter,3.4,Yes,Free Shipping,Yes,Yes,45,Venmo,Bi-Weekly,1.0,3404,0,46,0.0,26,1,0.7960517540349472,79.3625640717205,High Value,0,1,Deal Hunter
548,38,Male,Jacket,Outerwear,50,Nevada,M,Blue,Winter,2.8,Yes,Free Shipping,Yes,Yes,26,Venmo,Weekly,1.0,1350,0,27,0.0,52,1,0.8367346938775511,69.39277297221224,High Value,0,1,Deal Hunter
549,36,Male,Backpack,Accessories,64,Nebraska,M,Black,Winter,4.6,Yes,Store Pickup,Yes,Yes,41,Debit Card,Every 3 Months,1.0,2688,1,42,0.0,4,1,0.6250500200080031,66.49579014952872,High Value,0,0,Deal Hunter
550,31,Male,Backpack,Accessories,29,Arizona,S,Olive,Fall,3.6,Yes,Express,Yes,Yes,37,Venmo,Bi-Weekly,1.0,1102,0,38,0.0,26,1,0.7416299853274643,62.96083050609628,High Value,0,1,Deal Hunter
551,62,Male,Belt,Accessories,62,Georgia,M,Olive,Summer,3.3,Yes,Store Pickup,Yes,Yes,12,PayPal,Weekly,1.0,806,0,13,0.0,52,1,0.7414965986394557,61.21065491225966,High Value,0,1,Deal Hunter
552,29,Male,Coat,Outerwear,78,Idaho,XL,Green,Fall,3.1,Yes,2-Day Shipping,Yes,Yes,27,Cash,Bi-Weekly,1.0,2184,0,28,0.0,26,1,0.6736027744431106,65.77694899447387,High Value,0,1,Deal Hunter
553,24,Male,T-shirt,Clothing,94,Missouri,M,Peach,Fall,3.5,Yes,Express,Yes,Yes,18,Bank Transfer,Weekly,1.0,1786,0,19,0.0,52,1,0.782312925170068,69.11566765498472,High Value,0,1,Deal Hunter
554,63,Male,Sunglasses,Accessories,59,Florida,M,White,Winter,3.2,Yes,Express,Yes,Yes,15,Credit Card,Quarterly,1.0,944,0,16,0.0,4,1,0.44817927170868344,46.6907490811632,High Value,0,0,Deal Hunter
555,56,Male,Sneakers,Footwear,47,Minnesota,M,Red,Summer,3.0,Yes,Express,Yes,Yes,34,Bank Transfer,Weekly,1.0,1645,0,35,0.0,52,1,0.8911564625850339,73.97488312858438,High Value,0,1,Deal Hunter
556,63,Male,Gloves,Accessories,57,Maine,M,White,Fall,4.8,Yes,Express,Yes,Yes,37,Venmo,Annually,1.0,2166,1,38,0.0,1,1,0.5782312925170068,60.974266482699235,High Value,0,0,Deal Hunter
557,40,Male,Coat,Outerwear,90,Montana,L,Indigo,Winter,5.0,Yes,Store Pickup,Yes,Yes,21,Cash,Fortnightly,1.0,1980,1,22,0.0,24,1,0.6197145524876617,62.04733530079514,High Value,0,1,Deal Hunter
558,18,Male,Shirt,Clothing,60,Alaska,M,White,Spring,2.9,Yes,Free Shipping,Yes,Yes,31,Debit Card,Weekly,1.0,1920,0,32,0.0,52,1,0.8707482993197277,74.5276143795825,High Value,0,1,Deal Hunter
559,50,Male,Sneakers,Footwear,77,Iowa,L,Teal,Fall,3.2,Yes,Express,Yes,Yes,43,Debit Card,Every 3 Months,1.0,3388,0,44,0.0,4,1,0.6386554621848739,71.0407397316841,High Value,0,0,Deal Hunter
560,66,Male,Scarf,Accessories,41,Arizona,M,Indigo,Fall,2.9,Yes,Store Pickup,Yes,Yes,22,Bank Transfer,Monthly,1.0,943,0,23,0.0,12,1,0.5480859010270774,51.907292308608646,High Value,0,1,Deal Hunter
561,25,Male,Jewelry,Accessories,48,Louisiana,L,Red,Fall,3.8,Yes,Free Shipping,Yes,Yes,12,Debit Card,Annually,1.0,624,0,13,0.0,1,1,0.40816326530612246,42.71444325236691,Mid Value,0,0,Deal Hunter
562,65,Male,Jacket,Outerwear,65,Alabama,M,Blue,Fall,2.6,Yes,Next Day Air,Yes,Yes,25,PayPal,Fortnightly,1.0,1690,0,26,0.0,24,1,0.6469254368414032,61.473176447159716,High Value,0,1,Deal Hunter
563,53,Male,Jeans,Clothing,62,Missouri,M,Blue,Summer,3.5,Yes,Standard,Yes,Yes,40,Debit Card,Annually,1.0,2542,0,41,0.0,1,1,0.5986394557823129,63.96671496254572,High Value,0,0,Deal Hunter
564,61,Male,Shoes,Footwear,99,Idaho,M,Black,Fall,4.4,Yes,Standard,Yes,Yes,16,Debit Card,Quarterly,1.0,1683,1,17,0.0,4,1,0.4549819927971188,51.687156201900095,High Value,0,0,Deal Hunter
565,67,Male,Hoodie,Clothing,58,Florida,M,Olive,Winter,3.4,Yes,Next Day Air,Yes,Yes,30,Bank Transfer,Weekly,1.0,1798,0,31,0.0,52,1,0.8639455782312924,73.45353250205763,High Value,0,1,Deal Hunter
566,59,Male,Backpack,Accessories,43,Idaho,L,Lavender,Fall,4.2,Yes,Store Pickup,Yes,Yes,10,Venmo,Weekly,1.0,473,1,11,0.0,52,1,0.727891156462585,58.82704154893612,High Value,0,1,Deal Hunter
567,55,Male,Sneakers,Footwear,93,Alabama,M,Indigo,Spring,3.6,Yes,Store Pickup,Yes,Yes,1,Debit Card,Fortnightly,1.0,186,0,2,0.0,24,1,0.4836601307189542,44.081431483610274,High Value,0,1,Deal Hunter
568,21,Male,Blouse,Clothing,50,New Hampshire,S,Red,Winter,3.0,Yes,Next Day Air,Yes,Yes,24,Venmo,Fortnightly,1.0,1250,0,25,0.0,24,1,0.6401227157529679,58.52632912661432,High Value,0,1,Deal Hunter
569,44,Male,Pants,Clothing,88,Utah,L,Red,Summer,4.0,Yes,Free Shipping,Yes,Yes,36,PayPal,Monthly,1.0,3256,1,37,0.0,12,1,0.6433239962651727,70.7960934430928,High Value,0,1,Deal Hunter
570,65,Male,Skirt,Clothing,33,Alabama,M,Pink,Fall,4.4,Yes,Express,Yes,Yes,46,Credit Card,Every 3 Months,1.0,1551,1,47,0.0,4,1,0.65906362545018,61.57776799955303,High Value,0,0,Deal Hunter
571,65,Male,T-shirt,Clothing,99,Iowa,XL,Purple,Fall,4.1,Yes,Standard,Yes,Yes,20,Cash,Annually,1.0,2079,1,21,0.0,1,1,0.4625850340136054,54.416713983901175,High Value,0,0,Deal Hunter
572,54,Male,Jacket,Outerwear,76,Kentucky,XL,Cyan,Spring,3.6,Yes,Free Shipping,Yes,Yes,37,Venmo,Weekly,1.0,2888,0,38,0.0,52,1,0.91156462585034,82.36195672823132,High Value,0,1,Deal Hunter
573,56,Male,Scarf,Accessories,97,South Carolina,XL,Cyan,Summer,4.6,Yes,Next Day Air,Yes,Yes,26,Bank Transfer,Annually,1.0,2619,1,27,0.0,1,1,0.5034013605442177,59.73047894383057,High Value,0,0,Deal Hunter
574,58,Male,Pants,Clothing,68,California,M,Charcoal,Summer,3.2,Yes,2-Day Shipping,Yes,Yes,23,Credit Card,Bi-Weekly,1.0,1632,0,24,0.0,26,1,0.646391890089369,61.10371271596768,High Value,0,1,Deal Hunter
575,54,Male,Sneakers,Footwear,79,Maine,L,Red,Fall,4.8,Yes,Free Shipping,Yes,Yes,20,Bank Transfer,Bi-Weekly,1.0,1659,1,21,0.0,26,1,0.6259837268240629,60.484611637181786,High Value,0,1,Deal Hunter
576,58,Male,Jeans,Clothing,86,Nebraska,M,Peach,Fall,4.8,Yes,Express,Yes,Yes,38,PayPal,Monthly,1.0,3354,1,39,0.0,12,1,0.6569294384420434,72.08443407021493,High Value,0,1,Deal Hunter
577,48,Male,Hat,Accessories,68,Washington,M,Black,Winter,5.0,Yes,2-Day Shipping,Yes,Yes,5,Credit Card,Every 3 Months,1.0,408,1,6,0.0,4,1,0.38015206082432973,40.266831916052055,Mid Value,0,0,Deal Hunter
578,19,Male,Skirt,Clothing,52,Alabama,M,Black,Fall,3.7,Yes,Store Pickup,Yes,Yes,41,Venmo,Annually,1.0,2184,0,42,0.0,1,1,0.6054421768707483,62.213981077020776,High Value,0,0,Deal Hunter
579,69,Male,Sandals,Footwear,90,Maine,M,Purple,Fall,4.6,Yes,Next Day Air,Yes,Yes,22,Credit Card,Fortnightly,1.0,2070,1,23,0.0,24,1,0.6265172735760971,62.9329627941167,High Value,0,1,Deal Hunter
580,58,Male,Sandals,Footwear,41,California,M,Violet,Winter,3.7,Yes,Free Shipping,Yes,Yes,48,Credit Card,Annually,1.0,2009,0,49,0.0,1,1,0.6530612244897959,63.67256792765691,High Value,0,0,Deal Hunter
581,49,Male,Sweater,Clothing,80,Iowa,M,Orange,Spring,4.1,Yes,Free Shipping,Yes,Yes,10,PayPal,Weekly,1.0,880,1,11,0.0,52,1,0.727891156462585,61.223945748022125,High Value,0,1,Deal Hunter
582,32,Male,Sweater,Clothing,100,Iowa,XL,Charcoal,Winter,2.7,Yes,Store Pickup,Yes,Yes,12,Bank Transfer,Every 3 Months,1.0,1300,0,13,0.0,4,1,0.42777110844337735,47.72050549217599,High Value,0,0,Deal Hunter
583,40,Male,Jacket,Outerwear,77,Colorado,L,Turquoise,Spring,4.9,Yes,Store Pickup,Yes,Yes,2,Bank Transfer,Quarterly,1.0,231,1,3,0.0,4,1,0.3597438975590236,38.15764499017826,Mid Value,0,0,Deal Hunter
584,25,Male,Shorts,Clothing,78,California,L,Yellow,Spring,4.0,Yes,Store Pickup,Yes,Yes,38,PayPal,Monthly,1.0,3042,1,39,0.0,12,1,0.6569294384420434,70.24700382423254,High Value,0,1,Deal Hunter
585,70,Male,Socks,Clothing,94,Indiana,M,White,Spring,4.7,Yes,Free Shipping,Yes,Yes,20,Debit Card,Monthly,1.0,1974,1,21,0.0,12,1,0.5344804588502067,57.556547071951684,High Value,0,1,Deal Hunter
586,69,Male,Socks,Clothing,23,South Carolina,M,Gray,Fall,2.8,Yes,Next Day Air,Yes,Yes,5,Cash,Every 3 Months,1.0,138,0,6,0.0,4,1,0.38015206082432973,38.38805890154482,Mid Value,0,0,Deal Hunter
587,45,Male,Hoodie,Clothing,20,Wisconsin,S,Blue,Winter,4.9,Yes,2-Day Shipping,Yes,Yes,9,Venmo,Annually,1.0,200,1,10,0.0,1,1,0.3877551020408163,39.439313196215444,Mid Value,0,0,Deal Hunter
588,29,Male,Socks,Clothing,86,Washington,S,Maroon,Fall,4.2,Yes,Express,Yes,Yes,48,Debit Card,Every 3 Months,1.0,4214,1,49,0.0,4,1,0.6726690676270508,77.97190536047266,High Value,0,0,Deal Hunter
589,47,Male,Boots,Footwear,60,South Dakota,M,Violet,Fall,3.0,Yes,Standard,Yes,Yes,9,Debit Card,Quarterly,1.0,600,0,10,0.0,4,1,0.4073629451780712,42.53126722447916,Mid Value,0,0,Deal Hunter
590,28,Male,Shirt,Clothing,70,Minnesota,M,Orange,Fall,3.4,Yes,2-Day Shipping,Yes,Yes,40,PayPal,Annually,1.0,2870,0,41,0.0,1,1,0.5986394557823129,65.89837240062975,High Value,0,0,Deal Hunter
591,64,Male,Belt,Accessories,39,Alaska,S,Turquoise,Fall,4.6,Yes,Standard,Yes,Yes,30,Venmo,Fortnightly,1.0,1209,1,31,0.0,24,1,0.6809390422835802,60.70715832114385,High Value,0,1,Deal Hunter
592,47,Male,Backpack,Accessories,37,Kentucky,L,Olive,Fall,4.2,Yes,Store Pickup,Yes,Yes,6,Debit Card,Bi-Weekly,1.0,259,1,7,0.0,26,1,0.5307456315859677,47.26133879979035,High Value,0,1,Deal Hunter
593,60,Male,Boots,Footwear,29,North Dakota,M,Brown,Fall,3.2,Yes,Free Shipping,Yes,Yes,42,Venmo,Every 3 Months,1.0,1247,0,43,0.0,4,1,0.6318527410964385,58.07636405083089,High Value,0,0,Deal Hunter
594,67,Male,Coat,Outerwear,35,Alaska,S,Green,Winter,4.4,Yes,Store Pickup,Yes,Yes,9,PayPal,Every 3 Months,1.0,350,1,10,0.0,4,1,0.4073629451780712,41.34765649568242,Mid Value,0,0,Deal Hunter
595,35,Male,Hoodie,Clothing,83,Oklahoma,S,Brown,Winter,2.5,Yes,Next Day Air,Yes,Yes,6,Debit Card,Monthly,1.0,581,0,7,0.0,12,1,0.4392423636121115,44.08580948331301,High Value,0,1,Deal Hunter
596,30,Male,Shoes,Footwear,77,Delaware,M,Silver,Summer,3.6,Yes,Next Day Air,Yes,Yes,47,PayPal,Quarterly,1.0,3696,0,48,0.0,4,1,0.6658663465386154,74.27701133063997,High Value,0,0,Deal Hunter
597,23,Male,Shoes,Footwear,37,Montana,XL,White,Summer,4.5,Yes,Store Pickup,Yes,Yes,36,Venmo,Annually,1.0,1369,1,37,0.0,1,1,0.5714285714285714,55.92497493838553,High Value,0,0,Deal Hunter
598,70,Male,Jewelry,Accessories,69,Alaska,L,Gold,Summer,3.4,Yes,Standard,Yes,Yes,19,Bank Transfer,Fortnightly,1.0,1380,0,20,0.0,24,1,0.606109110310791,57.5139273736917,High Value,0,1,Deal Hunter
599,21,Male,Dress,Clothing,66,California,L,Green,Winter,3.2,Yes,2-Day Shipping,Yes,Yes,30,Cash,Every 3 Months,1.0,2046,0,31,0.0,4,1,0.550220088035214,58.51464000341091,High Value,0,0,Deal Hunter
600,51,Male,Boots,Footwear,26,Massachusetts,L,Teal,Spring,4.2,Yes,Standard,Yes,Yes,27,Debit Card,Every 3 Months,1.0,728,1,28,0.0,4,1,0.529811924769908,49.97456558857915,High Value,0,0,Deal Hunter
601,22,Male,Hat,Accessories,63,South Carolina,M,Charcoal,Spring,5.0,Yes,2-Day Shipping,Yes,Yes,25,Venmo,Monthly,1.0,1638,1,26,0.0,12,1,0.5684940642923836,57.35577372656541,High Value,0,1,Deal Hunter
602,32,Male,Backpack,Accessories,38,West Virginia,M,Maroon,Summer,4.7,Yes,Store Pickup,Yes,Yes,5,Cash,Fortnightly,1.0,228,1,6,0.0,24,1,0.5108710150726957,46.039865161667734,High Value,0,1,Deal Hunter
603,37,Male,Shoes,Footwear,58,Oregon,L,Lavender,Summer,4.2,Yes,Next Day Air,Yes,Yes,10,Cash,Every 3 Months,1.0,638,1,11,0.0,4,1,0.4141656662665066,43.39934549126204,Mid Value,0,0,Deal Hunter
604,31,Male,Handbag,Accessories,46,Massachusetts,L,Green,Winter,3.4,Yes,2-Day Shipping,Yes,Yes,26,PayPal,Every 3 Months,1.0,1242,0,27,0.0,4,1,0.5230092036814726,52.35732544930358,High Value,0,0,Deal Hunter
605,44,Male,Sunglasses,Accessories,92,West Virginia,S,Pink,Fall,4.4,Yes,Store Pickup,Yes,Yes,11,Credit Card,Every 3 Months,1.0,1104,1,12,0.0,4,1,0.42096838735494196,46.49931199897262,High Value,0,0,Deal Hunter
606,40,Male,Hat,Accessories,32,California,XL,Charcoal,Winter,4.2,Yes,Standard,Yes,Yes,17,Bank Transfer,Weekly,1.0,576,1,18,0.0,52,1,0.7755102040816326,61.92282586233861,High Value,0,1,Deal Hunter
607,27,Male,Scarf,Accessories,90,Colorado,M,Blue,Spring,4.5,Yes,Standard,Yes,Yes,44,PayPal,Monthly,1.0,4050,1,45,0.0,12,1,0.6977457649726557,78.3169141531355,High Value,0,1,Deal Hunter
608,47,Male,Hoodie,Clothing,23,Indiana,L,Purple,Fall,2.8,Yes,Next Day Air,Yes,Yes,44,Cash,Monthly,1.0,1035,0,45,0.0,12,1,0.6977457649726557,60.27228849368708,High Value,0,1,Deal Hunter
609,41,Male,Backpack,Accessories,25,Delaware,S,Gold,Fall,3.3,Yes,Next Day Air,Yes,Yes,21,Venmo,Every 3 Months,1.0,550,0,22,0.0,4,1,0.48899559823929567,46.50400170215813,High Value,0,0,Deal Hunter
610,51,Male,Sweater,Clothing,54,Ohio,L,Purple,Fall,4.6,Yes,Next Day Air,Yes,Yes,49,Credit Card,Fortnightly,1.0,2700,1,50,0.0,24,1,0.8101907429638522,76.24434600236208,High Value,0,1,Deal Hunter
611,53,Male,Shorts,Clothing,72,Oklahoma,M,Charcoal,Summer,2.5,Yes,Free Shipping,Yes,Yes,27,Bank Transfer,Every 3 Months,1.0,2016,0,28,0.0,4,1,0.529811924769908,57.271165404971136,High Value,0,0,Deal Hunter
612,43,Male,Scarf,Accessories,33,California,M,Black,Winter,4.7,Yes,Store Pickup,Yes,Yes,19,Cash,Monthly,1.0,660,1,20,0.0,12,1,0.5276777377617714,49.46253938285306,High Value,0,1,Deal Hunter
613,67,Male,Hat,Accessories,43,New Hampshire,L,Lavender,Fall,4.6,Yes,Express,Yes,Yes,33,Credit Card,Quarterly,1.0,1462,1,34,0.0,4,1,0.5706282513005201,56.430835252741176,High Value,0,0,Deal Hunter
614,61,Male,Coat,Outerwear,51,Pennsylvania,L,Lavender,Fall,2.6,Yes,Standard,Yes,Yes,46,Cash,Bi-Weekly,1.0,2397,0,47,0.0,26,1,0.8028544751233826,73.78773970657194,High Value,0,1,Deal Hunter
615,68,Male,Jewelry,Accessories,85,Idaho,M,Lavender,Winter,4.0,Yes,Standard,Yes,Yes,21,Credit Card,Bi-Weekly,1.0,1870,1,22,0.0,26,1,0.6327864479124983,62.08283227077216,High Value,0,1,Deal Hunter
616,67,Male,Sandals,Footwear,100,Maryland,L,Olive,Summer,2.6,Yes,Next Day Air,Yes,Yes,23,Venmo,Annually,1.0,2400,0,24,0.0,1,1,0.48299319727891155,57.085256490898196,High Value,0,0,Deal Hunter
617,29,Male,Gloves,Accessories,72,Pennsylvania,L,Teal,Spring,4.6,Yes,Free Shipping,Yes,Yes,38,Credit Card,Every 3 Months,1.0,2808,1,39,0.0,4,1,0.604641856742697,66.135695477042,High Value,0,0,Deal Hunter
618,50,Male,Backpack,Accessories,57,Colorado,M,Maroon,Fall,2.6,Yes,Standard,Yes,Yes,2,Bank Transfer,Quarterly,1.0,171,0,3,0.0,4,1,0.3597438975590236,37.51560387200533,Mid Value,0,0,Deal Hunter
619,61,Male,Jacket,Outerwear,94,Indiana,L,Cyan,Spring,4.0,Yes,Express,Yes,Yes,21,Debit Card,Bi-Weekly,1.0,2068,1,22,0.0,26,1,0.6327864479124983,63.24889377303021,High Value,0,1,Deal Hunter
620,19,Male,Backpack,Accessories,34,Nebraska,M,Charcoal,Summer,4.6,Yes,Store Pickup,Yes,Yes,1,Debit Card,Every 3 Months,1.0,68,1,2,0.0,4,1,0.3529411764705882,36.84210593289287,Mid Value,0,0,Deal Hunter
621,33,Male,Backpack,Accessories,89,Rhode Island,M,Black,Fall,3.7,Yes,2-Day Shipping,Yes,Yes,10,Venmo,Every 3 Months,1.0,979,0,11,0.0,4,1,0.4141656662665066,45.11887337513697,High Value,0,0,Deal Hunter
622,51,Male,Sunglasses,Accessories,27,Kansas,S,Red,Fall,4.4,Yes,Store Pickup,Yes,Yes,45,Credit Card,Weekly,1.0,1242,1,46,0.0,52,1,0.9659863945578231,75.80181979056245,High Value,0,1,Deal Hunter
623,69,Male,Socks,Clothing,63,Georgia,S,Peach,Spring,4.0,Yes,Next Day Air,Yes,Yes,44,Bank Transfer,Fortnightly,1.0,2835,1,45,0.0,24,1,0.7761771375216753,75.26139024697123,High Value,0,1,Deal Hunter
624,19,Male,Shoes,Footwear,70,Nevada,M,White,Fall,4.7,Yes,Standard,Yes,Yes,48,PayPal,Bi-Weekly,1.0,3430,1,49,0.0,26,1,0.8164599173002534,80.87117101992656,High Value,0,1,Deal Hunter
625,55,Male,Pants,Clothing,87,South Carolina,XL,Pink,Fall,3.4,Yes,Express,Yes,Yes,21,PayPal,Annually,1.0,1914,0,22,0.0,1,1,0.4693877551020408,53.51190645531081,High Value,0,0,Deal Hunter
626,49,Male,Jewelry,Accessories,79,Delaware,M,Red,Fall,4.0,Yes,Next Day Air,Yes,Yes,1,Venmo,Weekly,1.0,158,1,2,0.0,52,1,0.6666666666666666,53.771547864687186,High Value,0,1,Deal Hunter
627,31,Male,Sunglasses,Accessories,79,New Hampshire,M,Indigo,Spring,3.9,Yes,Standard,Yes,Yes,10,Venmo,Annually,1.0,869,0,11,0.0,1,1,0.3945578231292517,43.446098055924146,Mid Value,0,0,Deal Hunter
628,42,Male,Sandals,Footwear,44,Oregon,L,Black,Winter,4.1,Yes,Express,Yes,Yes,24,PayPal,Monthly,1.0,1100,1,25,0.0,12,1,0.5616913432039482,53.83178485439735,High Value,0,1,Deal Hunter
629,69,Male,Sweater,Clothing,85,Massachusetts,M,White,Fall,3.8,Yes,2-Day Shipping,Yes,Yes,29,Credit Card,Monthly,1.0,2550,0,30,0.0,12,1,0.595704948646125,63.860432679567246,High Value,0,1,Deal Hunter
630,26,Male,Shoes,Footwear,90,Vermont,L,Beige,Spring,4.7,Yes,Standard,Yes,Yes,11,Debit Card,Annually,1.0,1080,1,12,0.0,1,1,0.4013605442176871,45.33300783730624,High Value,0,0,Deal Hunter
631,41,Male,Jewelry,Accessories,94,Mississippi,S,Silver,Fall,4.3,Yes,2-Day Shipping,Yes,Yes,33,Debit Card,Annually,1.0,3196,1,34,0.0,1,1,0.5510204081632653,65.61774382324475,High Value,0,0,Deal Hunter
632,55,Male,Boots,Footwear,68,Washington,S,Violet,Summer,4.1,Yes,Store Pickup,Yes,Yes,27,Cash,Fortnightly,1.0,1904,1,28,0.0,24,1,0.660530879018274,63.73335336481058,High Value,0,1,Deal Hunter
633,35,Male,Backpack,Accessories,51,Wyoming,M,Red,Winter,3.9,Yes,Next Day Air,Yes,Yes,19,Venmo,Fortnightly,1.0,1020,0,20,0.0,24,1,0.606109110310791,55.39381555140434,High Value,0,1,Deal Hunter
634,66,Male,Sandals,Footwear,33,Minnesota,M,Orange,Spring,2.9,Yes,Express,Yes,Yes,50,Debit Card,Quarterly,1.0,1683,0,51,0.0,4,1,0.6862745098039216,63.488851337598916,High Value,0,0,Deal Hunter
635,36,Male,Sneakers,Footwear,60,Ohio,M,Teal,Summer,3.9,Yes,Standard,Yes,Yes,46,PayPal,Weekly,1.0,2820,0,47,0.0,52,1,0.9727891156462585,85.16188700154676,High Value,0,1,Deal Hunter
636,27,Male,Hoodie,Clothing,59,South Carolina,M,Brown,Fall,4.3,Yes,2-Day Shipping,Yes,Yes,28,Cash,Quarterly,1.0,1711,1,29,0.0,4,1,0.5366146458583433,56.11924824107466,High Value,0,0,Deal Hunter
637,41,Male,Handbag,Accessories,30,Wisconsin,M,Indigo,Summer,2.8,Yes,Store Pickup,Yes,Yes,14,Bank Transfer,Every 3 Months,1.0,450,0,15,0.0,4,1,0.44137655062024805,43.42588498727469,Mid Value,0,0,Deal Hunter
638,21,Male,Sweater,Clothing,20,Tennessee,M,Cyan,Winter,3.4,Yes,2-Day Shipping,Yes,Yes,46,Cash,Fortnightly,1.0,940,0,47,0.0,24,1,0.789782579698546,64.52386711013853,High Value,0,1,Deal Hunter
639,53,Male,Sandals,Footwear,20,Maryland,S,Blue,Summer,2.7,Yes,Express,Yes,Yes,41,PayPal,Monthly,1.0,840,0,42,0.0,12,1,0.6773376017073496,58.05709597669891,High Value,0,1,Deal Hunter
640,54,Male,Dress,Clothing,24,Mississippi,L,Olive,Spring,4.0,Yes,2-Day Shipping,Yes,Yes,50,Credit Card,Annually,1.0,1224,1,51,0.0,1,1,0.6666666666666666,60.049434538460346,High Value,0,0,Deal Hunter
641,53,Male,Skirt,Clothing,88,Minnesota,M,Gray,Summer,4.4,Yes,Store Pickup,Yes,Yes,28,Debit Card,Fortnightly,1.0,2552,1,29,0.0,24,1,0.6673336001067094,67.90515418267756,High Value,0,1,Deal Hunter
642,47,Male,Blouse,Clothing,78,Alaska,M,Red,Winter,3.9,Yes,2-Day Shipping,Yes,Yes,23,Credit Card,Every 3 Months,1.0,1872,0,24,0.0,4,1,0.5026010404161665,55.00072252505731,High Value,0,0,Deal Hunter
643,64,Male,Skirt,Clothing,25,Arkansas,L,Red,Spring,2.8,Yes,2-Day Shipping,Yes,Yes,14,Debit Card,Bi-Weekly,1.0,375,0,15,0.0,26,1,0.5851674002934506,50.50059309673346,High Value,0,1,Deal Hunter
644,18,Male,Sweater,Clothing,57,Oregon,XL,Green,Winter,3.2,Yes,Next Day Air,Yes,Yes,10,Bank Transfer,Every 3 Months,1.0,627,0,11,0.0,4,1,0.4141656662665066,43.045875148900436,Mid Value,0,0,Deal Hunter
645,68,Male,Backpack,Accessories,93,Louisiana,S,Blue,Summer,4.3,Yes,Next Day Air,Yes,Yes,37,Cash,Weekly,1.0,3534,1,38,0.0,52,1,0.91156462585034,86.45506875712759,High Value,0,1,Deal Hunter
646,62,Male,Hoodie,Clothing,42,Oklahoma,S,Purple,Summer,4.2,Yes,Express,Yes,Yes,15,Venmo,Bi-Weekly,1.0,672,1,16,0.0,26,1,0.591970121381886,52.89397403566197,High Value,0,1,Deal Hunter
647,51,Male,Boots,Footwear,54,Indiana,XL,Pink,Spring,4.9,Yes,Standard,Yes,Yes,19,Venmo,Bi-Weekly,1.0,1080,1,20,0.0,26,1,0.6191810057356275,56.71916558525321,High Value,0,1,Deal Hunter
648,54,Male,Blouse,Clothing,70,Mississippi,XL,Charcoal,Summer,3.7,Yes,Express,Yes,Yes,23,Credit Card,Fortnightly,1.0,1680,0,24,0.0,24,1,0.6333199946645325,60.70308537659673,High Value,0,1,Deal Hunter
649,22,Male,Hoodie,Clothing,31,Michigan,M,Brown,Winter,4.1,Yes,Store Pickup,Yes,Yes,35,Credit Card,Weekly,1.0,1116,1,36,0.0,52,1,0.8979591836734693,71.50378527526465,High Value,0,1,Deal Hunter
650,53,Male,Pants,Clothing,93,Delaware,L,Orange,Spring,4.2,Yes,Store Pickup,Yes,Yes,33,PayPal,Every 3 Months,1.0,3162,1,34,0.0,4,1,0.5706282513005201,66.44247441354263,High Value,0,0,Deal Hunter
651,34,Male,Gloves,Accessories,40,Florida,M,Magenta,Spring,3.9,Yes,Next Day Air,Yes,Yes,12,Bank Transfer,Annually,1.0,520,0,13,0.0,1,1,0.40816326530612246,42.101966503706116,Mid Value,0,0,Deal Hunter
652,32,Male,Hat,Accessories,32,Arkansas,L,Yellow,Summer,2.9,Yes,Next Day Air,Yes,Yes,41,Venmo,Fortnightly,1.0,1344,0,42,0.0,24,1,0.7557689742563691,65.12510602195685,High Value,0,1,Deal Hunter
653,64,Male,Sunglasses,Accessories,27,Minnesota,M,Beige,Winter,3.1,Yes,Free Shipping,Yes,Yes,27,Venmo,Weekly,1.0,756,0,28,0.0,52,1,0.8435374149659864,66.25018800318782,High Value,0,1,Deal Hunter
654,20,Male,Scarf,Accessories,68,North Dakota,M,Olive,Winter,3.6,Yes,2-Day Shipping,Yes,Yes,45,Cash,Fortnightly,1.0,3128,0,46,0.0,24,1,0.7829798586101107,77.05383609229092,High Value,0,1,Deal Hunter
655,24,Male,Handbag,Accessories,59,California,L,Gray,Summer,4.4,Yes,2-Day Shipping,Yes,Yes,23,Venmo,Annually,1.0,1416,1,24,0.0,1,1,0.48299319727891155,51.57897332443777,High Value,0,0,Deal Hunter
656,20,Male,Handbag,Accessories,36,Mississippi,S,Purple,Fall,3.1,Yes,Free Shipping,Yes,Yes,19,Venmo,Monthly,1.0,720,0,20,0.0,12,1,0.5276777377617714,49.52720220544258,High Value,0,1,Deal Hunter
657,42,Male,Jeans,Clothing,23,Pennsylvania,M,Beige,Summer,3.9,Yes,Standard,Yes,Yes,6,PayPal,Quarterly,1.0,161,0,7,0.0,4,1,0.3869547819127651,38.879110027940676,Mid Value,0,0,Deal Hunter
658,48,Male,Jacket,Outerwear,80,Arizona,M,White,Winter,4.3,Yes,Free Shipping,Yes,Yes,6,PayPal,Quarterly,1.0,560,1,7,0.0,4,1,0.3869547819127651,41.51758977876756,Mid Value,0,0,Deal Hunter
659,62,Male,Backpack,Accessories,37,Louisiana,S,White,Fall,4.9,Yes,Store Pickup,Yes,Yes,20,Venmo,Weekly,1.0,777,1,21,0.0,52,1,0.7959183673469388,64.17335357636492,High Value,0,1,Deal Hunter
660,62,Male,Shorts,Clothing,52,Virginia,S,Gold,Spring,3.6,Yes,2-Day Shipping,Yes,Yes,8,Cash,Weekly,1.0,468,0,9,0.0,52,1,0.7142857142857142,57.79770732811319,High Value,0,1,Deal Hunter
661,50,Male,Coat,Outerwear,79,Montana,M,Olive,Fall,5.0,Yes,2-Day Shipping,Yes,Yes,39,Credit Card,Quarterly,1.0,3160,1,40,0.0,4,1,0.6114445778311324,68.56429324102827,High Value,0,0,Deal Hunter
662,57,Male,Shirt,Clothing,68,Iowa,XL,Green,Fall,4.1,Yes,Store Pickup,Yes,Yes,39,Credit Card,Quarterly,1.0,2720,1,40,0.0,4,1,0.6114445778311324,65.97304545823258,High Value,0,0,Deal Hunter
663,24,Male,Gloves,Accessories,98,Illinois,L,Magenta,Fall,2.8,Yes,Express,Yes,Yes,39,Venmo,Bi-Weekly,1.0,3920,0,40,0.0,26,1,0.7552354275043349,80.26779379050072,High Value,0,1,Deal Hunter
664,59,Male,Dress,Clothing,83,Alaska,M,Charcoal,Fall,4.7,Yes,Express,Yes,Yes,23,Credit Card,Monthly,1.0,1992,1,24,0.0,12,1,0.5548886221155128,58.729351276315214,High Value,0,1,Deal Hunter
665,63,Male,Pants,Clothing,83,Colorado,M,Indigo,Winter,4.4,Yes,Express,Yes,Yes,41,PayPal,Bi-Weekly,1.0,3486,1,42,0.0,26,1,0.7688408696812057,78.71176942803433,High Value,0,1,Deal Hunter
666,41,Male,Pants,Clothing,55,New Mexico,M,Peach,Spring,4.9,Yes,2-Day Shipping,Yes,Yes,50,Credit Card,Annually,1.0,2805,1,51,0.0,1,1,0.6666666666666666,69.36025895800569,High Value,0,0,Deal Hunter
667,35,Male,Hoodie,Clothing,26,Colorado,L,Turquoise,Winter,3.1,Yes,Free Shipping,Yes,Yes,30,Debit Card,Quarterly,1.0,806,0,31,0.0,4,1,0.550220088035214,51.2120326155322,High Value,0,0,Deal Hunter
668,34,Male,Sunglasses,Accessories,76,Arizona,S,Blue,Winter,2.6,Yes,Standard,Yes,Yes,32,Bank Transfer,Quarterly,1.0,2508,0,33,0.0,4,1,0.5638255302120848,61.94664925084582,High Value,0,0,Deal Hunter
669,49,Male,T-shirt,Clothing,85,Hawaii,S,Turquoise,Fall,2.9,Yes,Express,Yes,Yes,35,Bank Transfer,Monthly,1.0,3060,0,36,0.0,12,1,0.6365212751767373,68.997521654306,High Value,0,1,Deal Hunter
670,43,Male,Jacket,Outerwear,89,Illinois,M,Gray,Spring,3.3,Yes,Free Shipping,Yes,Yes,45,Venmo,Bi-Weekly,1.0,4094,0,46,0.0,26,1,0.7960517540349472,83.42611173110463,High Value,0,1,Deal Hunter
671,63,Male,Sweater,Clothing,41,Louisiana,XL,Purple,Spring,4.8,Yes,Next Day Air,Yes,Yes,37,Cash,Bi-Weekly,1.0,1558,1,38,0.0,26,1,0.7416299853274643,65.93499462878532,High Value,0,1,Deal Hunter
672,38,Male,Jacket,Outerwear,30,Iowa,L,Black,Winter,4.7,Yes,Express,Yes,Yes,45,Cash,Weekly,1.0,1380,1,46,0.0,52,1,0.9659863945578231,76.61452932243927,High Value,0,1,Deal Hunter
673,59,Male,Socks,Clothing,53,Washington,M,Peach,Winter,3.3,Yes,2-Day Shipping,Yes,Yes,29,Cash,Quarterly,1.0,1590,0,30,0.0,4,1,0.5434173669467787,55.47356549076387,High Value,0,0,Deal Hunter
674,35,Male,Shirt,Clothing,66,Oklahoma,M,Indigo,Spring,4.2,Yes,Free Shipping,Yes,Yes,27,Venmo,Bi-Weekly,1.0,1848,1,28,0.0,26,1,0.6736027744431106,64.0868671081307,High Value,0,1,Deal Hunter
675,48,Male,Jewelry,Accessories,33,Washington,XL,Beige,Winter,4.7,Yes,Store Pickup,Yes,Yes,36,Bank Transfer,Annually,1.0,1221,1,37,0.0,1,1,0.5714285714285714,55.053373411445165,High Value,0,0,Deal Hunter
676,64,Male,Sunglasses,Accessories,86,Arkansas,M,Yellow,Spring,2.6,Yes,2-Day Shipping,Yes,Yes,9,Cash,Annually,1.0,860,0,10,0.0,1,1,0.3877551020408163,43.037495722617244,Mid Value,0,0,Deal Hunter
677,28,Male,Pants,Clothing,60,Connecticut,M,Peach,Winter,2.9,Yes,2-Day Shipping,Yes,Yes,38,Venmo,Bi-Weekly,1.0,2340,0,39,0.0,26,1,0.7484327064158995,70.607259032712,High Value,0,1,Deal Hunter
678,60,Male,Socks,Clothing,62,Washington,S,Turquoise,Summer,2.7,Yes,Express,Yes,Yes,41,PayPal,Annually,1.0,2604,0,42,0.0,1,1,0.6054421768707483,64.68744486968937,High Value,0,0,Deal Hunter
679,27,Male,Blouse,Clothing,74,Maine,M,Teal,Fall,3.3,Yes,Store Pickup,Yes,Yes,25,Debit Card,Every 3 Months,1.0,1924,0,26,0.0,4,1,0.5162064825930373,56.01815997488715,High Value,0,0,Deal Hunter
680,56,Male,Sandals,Footwear,95,Michigan,M,Turquoise,Fall,3.4,Yes,Express,Yes,Yes,37,Venmo,Fortnightly,1.0,3610,0,38,0.0,24,1,0.7285580899026276,77.04763395235567,High Value,0,1,Deal Hunter
681,58,Male,Sneakers,Footwear,25,Tennessee,M,Magenta,Spring,4.2,Yes,Express,Yes,Yes,3,PayPal,Annually,1.0,100,1,4,0.0,1,1,0.3469387755102041,36.71679601908174,Mid Value,0,0,Deal Hunter
682,30,Male,Shirt,Clothing,59,Louisiana,XL,Purple,Winter,3.8,Yes,2-Day Shipping,Yes,Yes,24,Credit Card,Every 3 Months,1.0,1475,0,25,0.0,4,1,0.5094037615046019,53.01830985878456,High Value,0,0,Deal Hunter
683,23,Male,Jacket,Outerwear,29,Missouri,M,Brown,Summer,4.0,Yes,Standard,Yes,Yes,49,Credit Card,Bi-Weekly,1.0,1450,1,50,0.0,26,1,0.8232626383886887,69.56615553509577,High Value,0,1,Deal Hunter
684,33,Male,Sandals,Footwear,36,Michigan,S,Violet,Winter,2.7,Yes,Free Shipping,Yes,Yes,3,Bank Transfer,Monthly,1.0,144,0,4,0.0,12,1,0.41883420034680535,40.445430685787244,Mid Value,0,1,Deal Hunter
685,63,Male,Hat,Accessories,82,Alabama,M,Yellow,Summer,4.7,Yes,Express,Yes,Yes,42,Debit Card,Monthly,1.0,3526,1,43,0.0,12,1,0.684140322795785,74.51977453630666,High Value,0,1,Deal Hunter
686,70,Male,Blouse,Clothing,71,Massachusetts,XL,Magenta,Winter,3.5,Yes,Standard,Yes,Yes,32,Cash,Fortnightly,1.0,2343,0,33,0.0,24,1,0.6945444844604509,67.80802048905682,High Value,0,1,Deal Hunter
687,70,Male,Sweater,Clothing,35,Indiana,L,Beige,Fall,3.0,Yes,2-Day Shipping,Yes,Yes,33,Venmo,Fortnightly,1.0,1190,0,34,0.0,24,1,0.7013472055488861,61.37337299598059,High Value,0,1,Deal Hunter
688,19,Male,Gloves,Accessories,38,West Virginia,XL,Turquoise,Winter,3.3,Yes,Free Shipping,Yes,Yes,46,Bank Transfer,Quarterly,1.0,1786,0,47,0.0,4,1,0.65906362545018,62.67304073575448,High Value,0,0,Deal Hunter
689,25,Male,Scarf,Accessories,59,Michigan,S,Peach,Summer,4.7,Yes,Store Pickup,Yes,Yes,44,Venmo,Monthly,1.0,2655,1,45,0.0,12,1,0.6977457649726557,70.10148084177193,High Value,0,1,Deal Hunter
690,19,Male,Hoodie,Clothing,91,Pennsylvania,M,Orange,Summer,4.7,Yes,Express,Yes,Yes,35,Credit Card,Every 3 Months,1.0,3276,1,36,0.0,4,1,0.5842336934773908,67.82504223276639,High Value,0,0,Deal Hunter
691,25,Male,Shorts,Clothing,68,Alaska,XL,Red,Spring,4.8,Yes,Standard,Yes,Yes,45,Bank Transfer,Weekly,1.0,3128,1,46,0.0,52,1,0.9659863945578231,86.90885005954573,High Value,0,1,Deal Hunter
692,60,Male,Backpack,Accessories,21,Massachusetts,L,Silver,Summer,2.9,Yes,Standard,Yes,Yes,37,PayPal,Bi-Weekly,1.0,798,0,38,0.0,26,1,0.7416299853274643,61.17051385616472,High Value,0,1,Deal Hunter
693,35,Male,Sunglasses,Accessories,95,North Dakota,M,Cyan,Spring,4.0,Yes,2-Day Shipping,Yes,Yes,40,Debit Card,Every 3 Months,1.0,3895,1,41,0.0,4,1,0.6182472989195678,73.24845441594802,High Value,0,0,Deal Hunter
694,46,Male,Shorts,Clothing,52,Vermont,L,Turquoise,Spring,3.1,Yes,Free Shipping,Yes,Yes,30,Cash,Every 3 Months,1.0,1612,0,31,0.0,4,1,0.550220088035214,55.958727417653364,High Value,0,0,Deal Hunter
695,41,Male,Dress,Clothing,21,Kentucky,S,Charcoal,Fall,3.5,Yes,2-Day Shipping,Yes,Yes,38,Venmo,Every 3 Months,1.0,819,0,39,0.0,4,1,0.604641856742697,54.13338851111257,High Value,0,0,Deal Hunter
696,30,Male,Shorts,Clothing,67,Nevada,XL,Peach,Summer,3.7,Yes,Next Day Air,Yes,Yes,15,Debit Card,Every 3 Months,1.0,1072,0,16,0.0,4,1,0.44817927170868344,47.444566617976484,High Value,0,0,Deal Hunter
697,44,Male,Belt,Accessories,42,Utah,L,Green,Fall,2.8,Yes,Standard,Yes,Yes,49,Cash,Monthly,1.0,2100,0,50,0.0,12,1,0.7317593704148326,68.32228365670248,High Value,0,1,Deal Hunter
698,61,Male,Scarf,Accessories,63,North Dakota,XL,Brown,Summer,4.6,Yes,Free Shipping,Yes,Yes,40,Debit Card,Quarterly,1.0,2583,1,41,0.0,4,1,0.6182472989195678,65.52182466361184,High Value,0,0,Deal Hunter
699,55,Male,Boots,Footwear,41,Iowa,M,Yellow,Winter,3.8,Yes,Standard,Yes,Yes,40,Debit Card,Weekly,1.0,1681,0,41,0.0,52,1,0.9319727891156462,76.32049153731145,High Value,0,1,Deal Hunter
700,50,Male,Handbag,Accessories,46,Connecticut,M,Charcoal,Fall,2.6,Yes,2-Day Shipping,Yes,Yes,5,PayPal,Weekly,1.0,276,0,6,0.0,52,1,0.693877551020408,55.60018240964409,High Value,0,1,Deal Hunter
701,57,Male,Pants,Clothing,79,Wisconsin,L,Olive,Winter,4.1,Yes,Standard,Yes,Yes,5,PayPal,Monthly,1.0,474,1,6,0.0,12,1,0.4324396425236761,43.38875474617515,Mid Value,0,1,Deal Hunter
702,51,Male,Boots,Footwear,90,Idaho,L,Red,Fall,3.3,Yes,Next Day Air,Yes,Yes,5,Debit Card,Every 3 Months,1.0,540,0,6,0.0,4,1,0.38015206082432973,40.755517103099045,Mid Value,0,0,Deal Hunter
703,18,Male,Shirt,Clothing,71,Montana,M,White,Winter,3.4,Yes,Store Pickup,Yes,Yes,1,Cash,Weekly,1.0,142,0,2,0.0,52,1,0.6666666666666666,53.38863152479381,High Value,0,1,Deal Hunter
704,63,Male,Dress,Clothing,87,Connecticut,L,Pink,Summer,3.0,Yes,Standard,Yes,Yes,21,Venmo,Weekly,1.0,1914,0,22,0.0,52,1,0.8027210884353742,70.93628380504718,High Value,0,1,Deal Hunter
705,34,Male,Hoodie,Clothing,66,Idaho,S,Black,Spring,3.2,Yes,Express,Yes,Yes,18,PayPal,Annually,1.0,1254,0,19,0.0,1,1,0.44897959183673464,48.55823616786814,High Value,0,0,Deal Hunter
706,25,Male,Pants,Clothing,90,Arkansas,XL,Indigo,Summer,4.5,Yes,Free Shipping,Yes,Yes,49,Cash,Quarterly,1.0,4500,1,50,0.0,4,1,0.6794717887154862,80.01181595703957,High Value,0,0,Deal Hunter
707,46,Male,Jeans,Clothing,47,Iowa,L,Turquoise,Summer,4.8,Yes,Express,Yes,Yes,27,Debit Card,Weekly,1.0,1316,1,28,0.0,52,1,0.8435374149659864,69.83682887453766,High Value,0,1,Deal Hunter
708,59,Male,Shirt,Clothing,38,Louisiana,L,Purple,Spring,3.7,Yes,Next Day Air,Yes,Yes,21,Venmo,Annually,1.0,836,0,22,0.0,1,1,0.4693877551020408,47.16334938746141,High Value,0,0,Deal Hunter
709,37,Male,Backpack,Accessories,50,Kentucky,L,Beige,Summer,3.4,Yes,Store Pickup,Yes,Yes,19,Cash,Fortnightly,1.0,1000,0,20,0.0,24,1,0.606109110310791,55.276031561277264,High Value,0,1,Deal Hunter
710,49,Male,Jacket,Outerwear,79,Massachusetts,L,Charcoal,Summer,4.6,Yes,Standard,Yes,Yes,23,Debit Card,Monthly,1.0,1896,1,24,0.0,12,1,0.5548886221155128,58.16398812370526,High Value,0,1,Deal Hunter
711,22,Male,Scarf,Accessories,91,Virginia,L,Turquoise,Spring,4.1,Yes,Standard,Yes,Yes,26,PayPal,Fortnightly,1.0,2457,1,27,0.0,24,1,0.6537281579298386,66.6344811540745,High Value,0,1,Deal Hunter
712,64,Male,Boots,Footwear,60,New Hampshire,M,Maroon,Spring,3.5,Yes,2-Day Shipping,Yes,Yes,13,Bank Transfer,Bi-Weekly,1.0,840,0,14,0.0,26,1,0.5783646792050152,52.88347132943825,High Value,0,1,Deal Hunter
713,42,Male,Blouse,Clothing,81,New Hampshire,XL,Black,Summer,3.8,Yes,Next Day Air,Yes,Yes,36,Bank Transfer,Quarterly,1.0,2997,0,37,0.0,4,1,0.5910364145658262,66.24886596045171,High Value,0,0,Deal Hunter
714,37,Male,Hoodie,Clothing,90,Oregon,M,Lavender,Summer,2.6,Yes,Express,Yes,Yes,39,Bank Transfer,Bi-Weekly,1.0,3600,0,40,0.0,26,1,0.7552354275043349,78.38324994846751,High Value,0,1,Deal Hunter
715,26,Male,Jacket,Outerwear,70,South Dakota,M,Magenta,Fall,4.4,Yes,Store Pickup,Yes,Yes,40,Debit Card,Fortnightly,1.0,2870,1,41,0.0,24,1,0.7489662531679337,74.04511407869474,High Value,0,1,Deal Hunter
716,33,Male,Jeans,Clothing,63,Delaware,L,Green,Spring,2.6,Yes,Express,Yes,Yes,37,Debit Card,Quarterly,1.0,2394,0,38,0.0,4,1,0.5978391356542616,63.053278195870085,High Value,0,0,Deal Hunter
717,30,Male,Jewelry,Accessories,29,Missouri,M,Olive,Spring,3.6,Yes,Express,Yes,Yes,9,Venmo,Bi-Weekly,1.0,290,0,10,0.0,26,1,0.5511537948512738,48.222013449944775,High Value,0,1,Deal Hunter
718,21,Male,Socks,Clothing,90,Alaska,L,Green,Spring,4.2,Yes,Express,Yes,Yes,7,Venmo,Every 3 Months,1.0,720,1,8,0.0,4,1,0.39375750300120044,42.81546123753388,Mid Value,0,0,Deal Hunter
719,22,Male,Shirt,Clothing,22,Florida,M,Peach,Summer,4.6,Yes,Standard,Yes,Yes,25,Bank Transfer,Annually,1.0,572,1,26,0.0,1,1,0.4965986394557823,47.31968801657461,High Value,0,0,Deal Hunter
720,63,Male,Shorts,Clothing,22,Mississippi,L,Turquoise,Summer,3.3,Yes,Next Day Air,Yes,Yes,42,Venmo,Bi-Weekly,1.0,946,0,43,0.0,26,1,0.7756435907696411,63.82011307185369,High Value,0,1,Deal Hunter
721,33,Male,Jewelry,Accessories,62,New Mexico,L,Orange,Fall,3.4,Yes,Free Shipping,Yes,Yes,19,Debit Card,Weekly,1.0,1240,0,20,0.0,52,1,0.7891156462585034,66.25576426226529,High Value,0,1,Deal Hunter
722,43,Male,Blouse,Clothing,57,California,L,Silver,Summer,4.4,Yes,Next Day Air,Yes,Yes,41,Debit Card,Every 3 Months,1.0,2394,1,42,0.0,4,1,0.6250500200080031,64.76436549466068,High Value,0,0,Deal Hunter
723,27,Male,Sweater,Clothing,32,Wyoming,S,Blue,Summer,4.3,Yes,Store Pickup,Yes,Yes,50,Cash,Bi-Weekly,1.0,1632,1,51,0.0,26,1,0.8300653594771241,70.99358938300188,High Value,0,1,Deal Hunter
724,35,Male,Jewelry,Accessories,53,Missouri,L,Cyan,Fall,3.5,Yes,Express,Yes,Yes,43,PayPal,Monthly,1.0,2332,0,44,0.0,12,1,0.6909430438842203,67.55498071567824,High Value,0,1,Deal Hunter
725,37,Male,T-shirt,Clothing,79,New Hampshire,XL,Green,Fall,4.7,Yes,Store Pickup,Yes,Yes,36,Venmo,Every 3 Months,1.0,2923,1,37,0.0,4,1,0.5910364145658262,66.10175434477324,High Value,0,0,Deal Hunter
726,61,Male,Hat,Accessories,61,Texas,L,Silver,Winter,3.1,Yes,Standard,Yes,Yes,33,Debit Card,Fortnightly,1.0,2074,0,34,0.0,24,1,0.7013472055488861,66.57942535959734,High Value,0,1,Deal Hunter
727,32,Male,Shorts,Clothing,78,North Dakota,L,Yellow,Summer,3.6,Yes,Next Day Air,Yes,Yes,20,Bank Transfer,Every 3 Months,1.0,1638,0,21,0.0,4,1,0.4821928771508603,52.55585122732135,High Value,0,0,Deal Hunter
728,62,Male,Sweater,Clothing,97,Arkansas,S,Gray,Winter,4.8,Yes,Next Day Air,Yes,Yes,37,Venmo,Every 3 Months,1.0,3686,1,38,0.0,4,1,0.5978391356542616,70.9508131058709,High Value,0,0,Deal Hunter
729,29,Male,Jeans,Clothing,78,Nebraska,M,Pink,Winter,3.7,Yes,Next Day Air,Yes,Yes,12,PayPal,Every 3 Months,1.0,1014,0,13,0.0,4,1,0.42777110844337735,46.036194433358794,High Value,0,0,Deal Hunter
730,41,Male,Sunglasses,Accessories,56,Minnesota,L,Beige,Summer,3.2,Yes,Express,Yes,Yes,46,PayPal,Every 3 Months,1.0,2632,0,47,0.0,4,1,0.65906362545018,67.6553035181298,High Value,0,0,Deal Hunter
731,48,Male,Boots,Footwear,25,Massachusetts,M,Indigo,Summer,3.9,Yes,Standard,Yes,Yes,28,Venmo,Fortnightly,1.0,725,0,29,0.0,24,1,0.6673336001067094,56.85689753677746,High Value,0,1,Deal Hunter
732,43,Male,Coat,Outerwear,28,Arkansas,M,Red,Spring,3.5,Yes,Free Shipping,Yes,Yes,30,PayPal,Fortnightly,1.0,868,0,31,0.0,24,1,0.6809390422835802,58.41025214168549,High Value,0,1,Deal Hunter
733,34,Male,Shirt,Clothing,57,New Hampshire,L,Blue,Spring,2.8,Yes,Express,Yes,Yes,28,Cash,Bi-Weekly,1.0,1653,0,29,0.0,26,1,0.680405495531546,63.00538359434973,High Value,0,1,Deal Hunter
734,45,Male,Dress,Clothing,36,Rhode Island,L,Cyan,Fall,2.7,Yes,2-Day Shipping,Yes,Yes,20,Debit Card,Bi-Weekly,1.0,756,0,21,0.0,26,1,0.6259837268240629,54.8779753351526,High Value,0,1,Deal Hunter
735,65,Male,Shirt,Clothing,69,New Jersey,S,Violet,Winter,3.1,Yes,Express,Yes,Yes,39,Bank Transfer,Every 3 Months,1.0,2760,0,40,0.0,4,1,0.6114445778311324,65.91992429069502,High Value,0,0,Deal Hunter
736,61,Male,Sunglasses,Accessories,48,Montana,M,Orange,Fall,3.6,Yes,2-Day Shipping,Yes,Yes,48,Cash,Bi-Weekly,1.0,2352,0,49,0.0,26,1,0.8164599173002534,74.23392480428546,High Value,0,1,Deal Hunter
737,18,Male,Dress,Clothing,58,Colorado,L,Maroon,Spring,2.9,Yes,2-Day Shipping,Yes,Yes,32,Credit Card,Every 3 Months,1.0,1914,0,33,0.0,4,1,0.5638255302120848,58.44846474407165,High Value,0,0,Deal Hunter
738,47,Male,Sunglasses,Accessories,24,Nebraska,M,Teal,Spring,3.6,Yes,Store Pickup,Yes,Yes,28,PayPal,Annually,1.0,696,0,29,0.0,1,1,0.5170068027210883,48.82805822081993,High Value,0,0,Deal Hunter
739,56,Male,Sunglasses,Accessories,31,Minnesota,L,Orange,Winter,3.5,Yes,2-Day Shipping,Yes,Yes,27,Venmo,Quarterly,1.0,868,0,28,0.0,4,1,0.529811924769908,50.51036437167697,High Value,0,0,Deal Hunter
740,64,Male,Shorts,Clothing,29,Minnesota,S,Purple,Summer,3.5,Yes,Free Shipping,Yes,Yes,26,Venmo,Bi-Weekly,1.0,783,0,27,0.0,26,1,0.6668000533546752,57.17058094832248,High Value,0,1,Deal Hunter
741,26,Male,Jeans,Clothing,69,South Dakota,M,Orange,Summer,2.8,Yes,Next Day Air,Yes,Yes,22,Credit Card,Fortnightly,1.0,1587,0,23,0.0,24,1,0.6265172735760971,59.79979028475611,High Value,0,1,Deal Hunter
742,22,Male,T-shirt,Clothing,79,West Virginia,XL,Yellow,Summer,4.7,Yes,Free Shipping,Yes,Yes,23,Bank Transfer,Every 3 Months,1.0,1896,1,24,0.0,4,1,0.5026010404161665,55.4307524610015,High Value,0,0,Deal Hunter
743,64,Male,Pants,Clothing,39,Nevada,M,Charcoal,Summer,3.1,Yes,Express,Yes,Yes,21,Debit Card,Quarterly,1.0,858,0,22,0.0,4,1,0.48899559823929567,48.3178751501151,High Value,0,0,Deal Hunter
744,21,Male,Sunglasses,Accessories,84,North Carolina,L,Gray,Fall,4.9,Yes,Free Shipping,Yes,Yes,36,Cash,Weekly,1.0,3108,1,37,0.0,52,1,0.9047619047619047,83.59067022967116,High Value,0,1,Deal Hunter
745,67,Male,Boots,Footwear,66,Illinois,S,Charcoal,Spring,4.1,Yes,Next Day Air,Yes,Yes,42,Debit Card,Bi-Weekly,1.0,2838,1,43,0.0,26,1,0.7756435907696411,75.25116768566679,High Value,0,1,Deal Hunter
746,46,Male,T-shirt,Clothing,92,Michigan,L,Orange,Fall,4.7,Yes,Standard,Yes,Yes,4,Venmo,Monthly,1.0,460,1,5,0.0,12,1,0.42563692143524073,42.95070641533647,Mid Value,0,1,Deal Hunter
747,40,Male,Sandals,Footwear,45,Michigan,M,Red,Winter,2.5,Yes,Free Shipping,Yes,Yes,47,Credit Card,Annually,1.0,2160,0,48,0.0,1,1,0.6462585034013606,64.20623751536661,High Value,0,0,Deal Hunter
748,51,Male,Shorts,Clothing,74,Oklahoma,L,Gold,Spring,4.4,Yes,Next Day Air,Yes,Yes,13,Bank Transfer,Weekly,1.0,1036,1,14,0.0,52,1,0.7482993197278911,63.20945948426249,High Value,0,1,Deal Hunter
749,35,Male,Hat,Accessories,39,South Dakota,L,Brown,Fall,3.9,Yes,Free Shipping,Yes,Yes,8,Bank Transfer,Quarterly,1.0,351,0,9,0.0,4,1,0.4005602240896358,40.70925700964734,Mid Value,0,0,Deal Hunter
750,56,Male,Scarf,Accessories,71,Oklahoma,M,Olive,Winter,3.7,Yes,Standard,Yes,Yes,11,Debit Card,Quarterly,1.0,852,0,12,0.0,4,1,0.42096838735494196,44.726544575579766,High Value,0,0,Deal Hunter
751,25,Male,T-shirt,Clothing,95,Maryland,L,Violet,Fall,3.4,Yes,Free Shipping,Yes,Yes,5,Venmo,Annually,1.0,570,0,6,0.0,1,1,0.3605442176870748,39.90722971477575,Mid Value,0,0,Deal Hunter
752,65,Male,Gloves,Accessories,72,Ohio,L,Indigo,Fall,4.8,Yes,Free Shipping,Yes,Yes,1,Credit Card,Monthly,1.0,144,1,2,0.0,12,1,0.40522875816993464,40.02292075807951,Mid Value,0,1,Deal Hunter
753,39,Male,Scarf,Accessories,85,Ohio,L,Yellow,Fall,4.2,Yes,2-Day Shipping,Yes,Yes,17,PayPal,Every 3 Months,1.0,1530,1,18,0.0,4,1,0.4617847138855542,51.14170821517769,High Value,0,0,Deal Hunter
754,47,Male,Boots,Footwear,54,Massachusetts,M,Teal,Fall,3.4,Yes,Store Pickup,Yes,Yes,27,Venmo,Quarterly,1.0,1512,0,28,0.0,4,1,0.529811924769908,54.30300885376883,High Value,0,0,Deal Hunter
755,36,Male,Gloves,Accessories,41,North Carolina,L,Pink,Spring,2.9,Yes,Store Pickup,Yes,Yes,3,Debit Card,Quarterly,1.0,164,0,4,0.0,4,1,0.36654661864745897,37.829979013210576,Mid Value,0,0,Deal Hunter
756,66,Male,Coat,Outerwear,24,Florida,M,Violet,Spring,3.3,Yes,Free Shipping,Yes,Yes,22,PayPal,Weekly,1.0,552,0,23,0.0,52,1,0.8095238095238095,63.27079361514302,High Value,0,1,Deal Hunter
757,62,Male,Belt,Accessories,99,Montana,S,Orange,Summer,4.8,Yes,Standard,Yes,Yes,24,Cash,Fortnightly,1.0,2475,1,25,0.0,24,1,0.6401227157529679,66.02928766968944,High Value,0,1,Deal Hunter
758,41,Male,Hoodie,Clothing,32,Minnesota,M,Red,Fall,3.8,Yes,Store Pickup,Yes,Yes,18,Debit Card,Quarterly,1.0,608,0,19,0.0,4,1,0.4685874349739896,45.778776660277494,High Value,0,0,Deal Hunter
759,66,Male,Shoes,Footwear,71,Massachusetts,L,Peach,Summer,4.6,Yes,2-Day Shipping,Yes,Yes,39,Bank Transfer,Every 3 Months,1.0,2840,1,40,0.0,4,1,0.6114445778311324,66.67974939899504,High Value,0,0,Deal Hunter
760,51,Male,Dress,Clothing,49,Rhode Island,XL,Green,Winter,2.6,Yes,Next Day Air,Yes,Yes,25,Credit Card,Fortnightly,1.0,1274,0,26,0.0,24,1,0.6469254368414032,59.02326945251654,High Value,0,1,Deal Hunter
761,33,Male,Gloves,Accessories,50,Minnesota,XL,Violet,Fall,3.4,Yes,Free Shipping,Yes,Yes,6,Cash,Annually,1.0,350,0,7,0.0,1,1,0.36734693877551017,38.96720536112764,Mid Value,0,0,Deal Hunter
762,57,Male,Jewelry,Accessories,91,Nevada,L,Yellow,Fall,4.2,Yes,Express,Yes,Yes,26,Bank Transfer,Weekly,1.0,2457,1,27,0.0,52,1,0.8367346938775511,76.20080597353763,High Value,0,1,Deal Hunter
763,45,Male,Belt,Accessories,46,New Mexico,M,Pink,Fall,3.9,Yes,Standard,Yes,Yes,43,Debit Card,Fortnightly,1.0,2024,0,44,0.0,24,1,0.7693744164332399,69.84096076177687,High Value,0,1,Deal Hunter
764,61,Male,Sweater,Clothing,50,North Carolina,M,Brown,Spring,2.9,Yes,2-Day Shipping,Yes,Yes,6,Credit Card,Monthly,1.0,350,0,7,0.0,12,1,0.4392423636121115,42.72540439734529,Mid Value,0,1,Deal Hunter
765,55,Male,Skirt,Clothing,39,Virginia,XL,Silver,Fall,4.2,Yes,Free Shipping,Yes,Yes,6,Debit Card,Quarterly,1.0,273,1,7,0.0,4,1,0.3869547819127651,39.827389520444015,Mid Value,0,0,Deal Hunter
766,54,Male,Sneakers,Footwear,99,Alaska,M,Pink,Summer,3.0,Yes,Store Pickup,Yes,Yes,13,Cash,Quarterly,1.0,1386,0,14,0.0,4,1,0.43457382953181267,48.582576187472135,High Value,0,0,Deal Hunter
767,57,Male,Gloves,Accessories,48,Nevada,M,Cyan,Winter,3.6,Yes,Next Day Air,Yes,Yes,13,PayPal,Monthly,1.0,672,0,14,0.0,12,1,0.4868614112311591,47.110923402639266,High Value,0,1,Deal Hunter
768,27,Male,Coat,Outerwear,77,Pennsylvania,M,Brown,Fall,2.5,Yes,Next Day Air,Yes,Yes,11,Cash,Annually,1.0,924,0,12,0.0,1,1,0.4013605442176871,44.12560356652333,High Value,0,0,Deal Hunter
769,64,Male,Backpack,Accessories,95,Illinois,XL,Red,Spring,2.6,Yes,Express,Yes,Yes,45,Venmo,Weekly,1.0,4370,0,46,0.0,52,1,0.9659863945578231,93.93454669864543,High Value,0,1,Deal Hunter
770,52,Male,Socks,Clothing,100,Delaware,M,Silver,Spring,4.3,Yes,Store Pickup,Yes,Yes,8,PayPal,Monthly,1.0,900,1,9,0.0,12,1,0.4528478057889822,46.96435234913103,High Value,0,1,Deal Hunter
771,19,Male,Sneakers,Footwear,54,Vermont,M,Gray,Spring,3.3,Yes,Express,Yes,Yes,8,Credit Card,Annually,1.0,486,0,9,0.0,1,1,0.38095238095238093,40.479335569491205,Mid Value,0,0,Deal Hunter
772,22,Male,Sweater,Clothing,68,Hawaii,L,Cyan,Fall,2.6,Yes,Next Day Air,Yes,Yes,34,Bank Transfer,Fortnightly,1.0,2380,0,35,0.0,24,1,0.7081499266373215,68.73711994629133,High Value,0,1,Deal Hunter
773,18,Male,Jeans,Clothing,22,Illinois,L,Teal,Fall,3.6,Yes,Free Shipping,Yes,Yes,40,Debit Card,Bi-Weekly,1.0,902,0,41,0.0,26,1,0.7620381485927703,62.84978921807468,High Value,0,1,Deal Hunter
774,29,Male,Hat,Accessories,84,California,L,Indigo,Winter,2.6,Yes,Express,Yes,Yes,14,Debit Card,Bi-Weekly,1.0,1260,0,15,0.0,26,1,0.5851674002934506,55.71253465985657,High Value,0,1,Deal Hunter
775,42,Male,Hat,Accessories,46,Nevada,M,Yellow,Summer,3.5,Yes,Standard,Yes,Yes,11,Credit Card,Quarterly,1.0,552,0,12,0.0,4,1,0.42096838735494196,42.95978472367362,Mid Value,0,0,Deal Hunter
776,49,Male,Handbag,Accessories,53,Kentucky,S,Gold,Winter,3.0,Yes,Store Pickup,Yes,Yes,8,PayPal,Monthly,1.0,477,0,9,0.0,12,1,0.4528478057889822,44.18453181015166,High Value,0,1,Deal Hunter
777,49,Male,Shirt,Clothing,60,Alabama,M,Maroon,Spring,5.0,Yes,Standard,Yes,Yes,8,Venmo,Every 3 Months,1.0,540,1,9,0.0,4,1,0.4005602240896358,42.111004864139915,Mid Value,0,0,Deal Hunter
778,55,Male,Socks,Clothing,32,Wyoming,XL,Silver,Spring,2.5,Yes,Express,Yes,Yes,37,Venmo,Weekly,1.0,1216,0,38,0.0,52,1,0.91156462585034,72.51521515360777,High Value,0,1,Deal Hunter
779,29,Male,Socks,Clothing,50,Massachusetts,M,Yellow,Summer,2.9,Yes,Store Pickup,Yes,Yes,23,Debit Card,Annually,1.0,1200,0,24,0.0,1,1,0.48299319727891155,50.01821708327364,High Value,0,0,Deal Hunter
780,60,Male,Dress,Clothing,94,Utah,M,Blue,Spring,4.6,Yes,Express,Yes,Yes,38,Cash,Annually,1.0,3666,1,39,0.0,1,1,0.5850340136054422,70.16366527997965,High Value,0,0,Deal Hunter
781,34,Male,Shoes,Footwear,26,New York,M,Turquoise,Spring,3.6,Yes,Free Shipping,Yes,Yes,38,Cash,Quarterly,1.0,1014,0,39,0.0,4,1,0.604641856742697,55.281782414851556,High Value,0,0,Deal Hunter
782,30,Male,Scarf,Accessories,44,Vermont,L,Indigo,Winter,3.0,Yes,Store Pickup,Yes,Yes,12,Credit Card,Fortnightly,1.0,572,0,13,0.0,24,1,0.5584900626917433,50.26625740830978,High Value,0,1,Deal Hunter
783,28,Male,Hoodie,Clothing,57,Hawaii,M,Green,Summer,4.5,Yes,Standard,Yes,Yes,15,Cash,Weekly,1.0,912,1,16,0.0,52,1,0.7619047619047619,63.190397820974056,High Value,0,1,Deal Hunter
784,63,Male,T-shirt,Clothing,65,Louisiana,L,Purple,Winter,4.5,Yes,Next Day Air,Yes,Yes,38,PayPal,Fortnightly,1.0,2535,1,39,0.0,24,1,0.735360810991063,71.36103316856676,High Value,0,1,Deal Hunter
785,31,Male,Jeans,Clothing,72,Alabama,M,Peach,Winter,3.2,Yes,Store Pickup,Yes,Yes,41,Bank Transfer,Every 3 Months,1.0,3024,0,42,0.0,4,1,0.6250500200080031,68.18587203587187,High Value,0,0,Deal Hunter
786,46,Male,Shorts,Clothing,62,Louisiana,S,Purple,Spring,4.0,Yes,Next Day Air,Yes,Yes,37,PayPal,Fortnightly,1.0,2356,1,38,0.0,24,1,0.7285580899026276,69.95126691917972,High Value,0,1,Deal Hunter
787,70,Male,Hat,Accessories,21,Indiana,S,Teal,Winter,4.8,Yes,Express,Yes,Yes,16,Bank Transfer,Every 3 Months,1.0,357,1,17,0.0,4,1,0.4549819927971188,43.87807765647494,High Value,0,0,Deal Hunter
788,53,Male,Handbag,Accessories,85,Michigan,S,Green,Spring,3.7,Yes,Free Shipping,Yes,Yes,25,Venmo,Weekly,1.0,2210,0,26,0.0,52,1,0.8299319727891157,74.10188500992679,High Value,0,1,Deal Hunter
789,50,Male,Pants,Clothing,51,Rhode Island,XL,Yellow,Summer,3.8,Yes,Store Pickup,Yes,Yes,18,Bank Transfer,Quarterly,1.0,969,0,19,0.0,4,1,0.4685874349739896,47.904777682071206,High Value,0,0,Deal Hunter
790,33,Male,Handbag,Accessories,84,Idaho,S,Purple,Fall,2.7,Yes,Standard,Yes,Yes,4,Credit Card,Bi-Weekly,1.0,420,0,5,0.0,26,1,0.5171401894090969,47.209611697022154,High Value,0,1,Deal Hunter
791,22,Male,Sweater,Clothing,37,Louisiana,M,Indigo,Summer,4.9,Yes,Store Pickup,Yes,Yes,12,Bank Transfer,Quarterly,1.0,481,1,13,0.0,4,1,0.42777110844337735,43.18594024426393,Mid Value,0,0,Deal Hunter
792,50,Male,Scarf,Accessories,44,North Carolina,S,Magenta,Summer,3.1,Yes,2-Day Shipping,Yes,Yes,35,PayPal,Fortnightly,1.0,1584,0,36,0.0,24,1,0.7149526477257568,64.40491667698342,High Value,0,1,Deal Hunter
793,34,Male,Sneakers,Footwear,45,New Jersey,M,Violet,Spring,4.2,Yes,Next Day Air,Yes,Yes,45,Venmo,Weekly,1.0,2070,1,46,0.0,52,1,0.9659863945578231,80.6780769818234,High Value,0,1,Deal Hunter
794,24,Male,Pants,Clothing,35,Alabama,L,Maroon,Summer,3.8,Yes,Free Shipping,Yes,Yes,16,Credit Card,Monthly,1.0,595,0,17,0.0,12,1,0.5072695744964653,47.72425365389919,High Value,0,1,Deal Hunter
795,69,Male,Backpack,Accessories,50,Kentucky,XL,Yellow,Winter,4.2,Yes,Store Pickup,Yes,Yes,10,Debit Card,Fortnightly,1.0,550,1,11,0.0,24,1,0.5448846205148725,49.71418509146226,High Value,0,1,Deal Hunter
796,39,Male,Sandals,Footwear,26,New York,M,Beige,Summer,4.6,Yes,Store Pickup,Yes,Yes,34,Venmo,Annually,1.0,910,1,35,0.0,1,1,0.5578231292517006,52.51063328946969,High Value,0,0,Deal Hunter
797,42,Male,Socks,Clothing,78,Arizona,XL,Black,Fall,4.0,Yes,2-Day Shipping,Yes,Yes,43,Credit Card,Annually,1.0,3432,1,44,0.0,1,1,0.6190476190476191,70.56359028424147,High Value,0,0,Deal Hunter
798,42,Male,Coat,Outerwear,82,Maryland,M,Violet,Fall,4.0,Yes,2-Day Shipping,Yes,Yes,38,Debit Card,Weekly,1.0,3198,1,39,0.0,52,1,0.9183673469387754,84.83189726074244,High Value,0,1,Deal Hunter
799,29,Male,Socks,Clothing,39,Alaska,M,Violet,Spring,3.8,Yes,2-Day Shipping,Yes,Yes,48,PayPal,Every 3 Months,1.0,1911,0,49,0.0,4,1,0.6726690676270508,64.12038974954815,High Value,0,0,Deal Hunter
800,55,Male,Belt,Accessories,55,Nevada,L,Brown,Summer,3.8,Yes,Free Shipping,Yes,Yes,31,PayPal,Annually,1.0,1760,0,32,0.0,1,1,0.5374149659863945,56.160965108829544,High Value,0,0,Deal Hunter
801,32,Male,Socks,Clothing,20,Utah,S,Gold,Summer,2.6,Yes,Free Shipping,Yes,Yes,20,Cash,Every 3 Months,1.0,420,0,21,0.0,4,1,0.4821928771508603,45.38280622858241,High Value,0,0,Deal Hunter
802,25,Male,Belt,Accessories,29,New Mexico,L,Blue,Fall,4.9,Yes,Express,Yes,Yes,12,Credit Card,Fortnightly,1.0,377,1,13,0.0,24,1,0.5584900626917433,49.40655265236249,High Value,0,1,Deal Hunter
803,38,Male,Pants,Clothing,41,Delaware,M,Teal,Winter,3.5,Yes,Next Day Air,Yes,Yes,2,Bank Transfer,Weekly,1.0,123,0,3,0.0,52,1,0.673469387755102,53.63233627192281,High Value,0,1,Deal Hunter
804,32,Male,Shorts,Clothing,38,Connecticut,L,Silver,Winter,2.8,Yes,Express,Yes,Yes,30,Venmo,Every 3 Months,1.0,1178,0,31,0.0,4,1,0.550220088035214,53.40281483189582,High Value,0,0,Deal Hunter
805,43,Male,Boots,Footwear,47,Mississippi,M,Maroon,Summer,2.6,Yes,Store Pickup,Yes,Yes,28,Venmo,Quarterly,1.0,1363,0,29,0.0,4,1,0.5366146458583433,53.78111766507182,High Value,0,0,Deal Hunter
806,41,Male,Dress,Clothing,30,Connecticut,L,White,Summer,3.7,Yes,Next Day Air,Yes,Yes,40,Debit Card,Monthly,1.0,1230,0,41,0.0,12,1,0.6705348806189142,59.99828424642717,High Value,0,1,Deal Hunter
807,56,Male,Jeans,Clothing,56,Florida,L,Charcoal,Summer,2.7,Yes,Standard,Yes,Yes,46,PayPal,Quarterly,1.0,2632,0,47,0.0,4,1,0.65906362545018,67.6553035181298,High Value,0,0,Deal Hunter
808,27,Male,T-shirt,Clothing,89,New York,S,Brown,Winter,3.3,Yes,Express,Yes,Yes,15,Credit Card,Weekly,1.0,1424,0,16,0.0,52,1,0.7619047619047619,65.91697882043547,High Value,0,1,Deal Hunter
809,46,Male,Shoes,Footwear,96,Wisconsin,L,Lavender,Fall,4.6,Yes,Next Day Air,Yes,Yes,38,Cash,Every 3 Months,1.0,3744,1,39,0.0,4,1,0.604641856742697,71.64798621498915,High Value,0,0,Deal Hunter
810,48,Male,Boots,Footwear,81,South Carolina,M,Violet,Fall,4.9,Yes,Next Day Air,Yes,Yes,30,PayPal,Bi-Weekly,1.0,2511,1,31,0.0,26,1,0.6940109377084167,69.05820499409243,High Value,0,1,Deal Hunter
811,52,Male,Scarf,Accessories,83,South Dakota,S,Lavender,Fall,4.9,Yes,Store Pickup,Yes,Yes,32,Debit Card,Bi-Weekly,1.0,2739,1,33,0.0,26,1,0.7076163798852875,71.11214155704056,High Value,0,1,Deal Hunter
812,18,Male,Sneakers,Footwear,35,Illinois,M,Green,Winter,2.7,Yes,Free Shipping,Yes,Yes,36,Venmo,Quarterly,1.0,1295,0,37,0.0,4,1,0.5910364145658262,56.22544840063753,High Value,0,0,Deal Hunter
813,64,Male,Boots,Footwear,56,Alaska,M,Olive,Summer,3.2,Yes,Standard,Yes,Yes,32,Credit Card,Weekly,1.0,1848,0,33,0.0,52,1,0.8775510204081631,74.45919155287476,High Value,0,1,Deal Hunter
814,54,Male,Handbag,Accessories,45,Montana,S,Olive,Summer,2.9,Yes,Store Pickup,Yes,Yes,14,Debit Card,Annually,1.0,675,0,15,0.0,1,1,0.42176870748299317,43.7259915026904,Mid Value,0,0,Deal Hunter
815,31,Male,Shirt,Clothing,62,Minnesota,M,Pink,Winter,3.8,Yes,Express,Yes,Yes,8,PayPal,Monthly,1.0,558,0,9,0.0,12,1,0.4528478057889822,44.661556970166316,High Value,0,1,Deal Hunter
816,30,Male,Hat,Accessories,84,West Virginia,L,Teal,Spring,3.0,Yes,Next Day Air,Yes,Yes,27,Venmo,Bi-Weekly,1.0,2352,0,28,0.0,26,1,0.6736027744431106,66.76633451154132,High Value,0,1,Deal Hunter
817,26,Male,Sweater,Clothing,24,Illinois,L,Cyan,Summer,3.9,Yes,Store Pickup,Yes,Yes,24,Debit Card,Monthly,1.0,600,0,25,0.0,12,1,0.5616913432039482,50.59849595342874,High Value,0,1,Deal Hunter
818,25,Male,Handbag,Accessories,21,Nevada,S,Gray,Spring,4.7,Yes,Store Pickup,Yes,Yes,30,PayPal,Fortnightly,1.0,651,1,31,0.0,24,1,0.6809390422835802,57.420984996598435,High Value,0,1,Deal Hunter
819,59,Male,Shirt,Clothing,91,Idaho,M,Peach,Winter,4.9,Yes,Store Pickup,Yes,Yes,34,Debit Card,Monthly,1.0,3185,1,35,0.0,12,1,0.6297185540883019,69.66676120264222,High Value,0,1,Deal Hunter
820,55,Male,Sunglasses,Accessories,36,Colorado,S,Teal,Winter,4.8,Yes,Next Day Air,Yes,Yes,28,Debit Card,Quarterly,1.0,1044,1,29,0.0,4,1,0.5366146458583433,52.191152170336665,High Value,0,0,Deal Hunter
821,56,Male,Sneakers,Footwear,39,Louisiana,M,Turquoise,Spring,2.5,Yes,2-Day Shipping,Yes,Yes,27,Debit Card,Monthly,1.0,1092,0,28,0.0,12,1,0.5820995064692543,54.56278072380396,High Value,0,1,Deal Hunter
822,62,Male,Hoodie,Clothing,39,Vermont,M,Green,Spring,3.9,Yes,Standard,Yes,Yes,31,Credit Card,Bi-Weekly,1.0,1248,0,32,0.0,26,1,0.7008136587968521,61.68705640752561,High Value,0,1,Deal Hunter
823,35,Male,Shirt,Clothing,59,Mississippi,L,Magenta,Winter,3.4,Yes,Standard,Yes,Yes,23,Bank Transfer,Annually,1.0,1416,0,24,0.0,1,1,0.48299319727891155,51.29028417664606,High Value,0,0,Deal Hunter
824,51,Male,Sunglasses,Accessories,27,Georgia,M,Green,Winter,2.5,Yes,Free Shipping,Yes,Yes,11,Credit Card,Quarterly,1.0,324,0,12,0.0,4,1,0.42096838735494196,41.617047236224955,Mid Value,0,0,Deal Hunter
825,61,Male,Blouse,Clothing,94,Georgia,M,White,Spring,3.0,Yes,Store Pickup,Yes,Yes,48,Cash,Quarterly,1.0,4606,0,49,0.0,4,1,0.6726690676270508,79.99178241917164,High Value,0,0,Deal Hunter
826,27,Male,Belt,Accessories,94,Nebraska,XL,Brown,Fall,3.6,Yes,Next Day Air,Yes,Yes,17,Cash,Monthly,1.0,1692,0,18,0.0,12,1,0.5140722955849006,54.54030505011903,High Value,0,1,Deal Hunter
827,54,Male,Dress,Clothing,94,Massachusetts,M,Purple,Winter,3.6,Yes,Standard,Yes,Yes,36,PayPal,Weekly,1.0,3478,0,37,0.0,52,1,0.9047619047619047,85.48098489923035,High Value,0,1,Deal Hunter
828,31,Male,Shoes,Footwear,51,Colorado,S,Green,Fall,4.1,Yes,Free Shipping,Yes,Yes,33,Bank Transfer,Fortnightly,1.0,1734,1,34,0.0,24,1,0.7013472055488861,64.86578667522876,High Value,0,1,Deal Hunter
829,24,Male,Socks,Clothing,62,Nevada,M,Peach,Fall,3.7,Yes,2-Day Shipping,Yes,Yes,27,PayPal,Bi-Weekly,1.0,1736,0,28,0.0,26,1,0.6736027744431106,63.13858761562737,High Value,0,1,Deal Hunter
830,42,Male,Socks,Clothing,57,Idaho,S,Silver,Spring,3.8,Yes,2-Day Shipping,Yes,Yes,14,Credit Card,Fortnightly,1.0,855,0,15,0.0,24,1,0.572095504868614,52.644099944107346,High Value,0,1,Deal Hunter
831,41,Male,Shorts,Clothing,76,Wyoming,M,Maroon,Fall,4.2,Yes,Express,Yes,Yes,5,Credit Card,Annually,1.0,456,1,6,0.0,1,1,0.3605442176870748,39.52455011884313,Mid Value,0,0,Deal Hunter
832,66,Male,Gloves,Accessories,63,Washington,M,Red,Summer,4.3,Yes,Express,Yes,Yes,47,Cash,Every 3 Months,1.0,3024,1,48,0.0,4,1,0.6658663465386154,70.60815841016192,High Value,0,0,Deal Hunter
833,58,Male,Jacket,Outerwear,80,California,L,Blue,Fall,2.5,Yes,Express,Yes,Yes,28,Cash,Bi-Weekly,1.0,2320,0,29,0.0,26,1,0.680405495531546,66.93347966508772,High Value,0,1,Deal Hunter
834,43,Male,Handbag,Accessories,68,Oklahoma,M,Purple,Fall,3.5,Yes,Standard,Yes,Yes,11,Credit Card,Annually,1.0,816,0,12,0.0,1,1,0.4013605442176871,43.48957001983712,Mid Value,0,0,Deal Hunter
835,52,Male,Backpack,Accessories,89,Nevada,M,Indigo,Summer,3.1,Yes,Free Shipping,Yes,Yes,18,Credit Card,Weekly,1.0,1691,0,19,0.0,52,1,0.782312925170068,68.55619370188111,High Value,0,1,Deal Hunter
836,35,Male,Boots,Footwear,26,Maryland,L,Indigo,Summer,2.5,Yes,Next Day Air,Yes,Yes,21,Debit Card,Weekly,1.0,572,0,22,0.0,52,1,0.8027210884353742,63.03297806752038,High Value,0,1,Deal Hunter
837,23,Male,Gloves,Accessories,90,West Virginia,L,Violet,Winter,3.9,Yes,Store Pickup,Yes,Yes,22,Cash,Bi-Weekly,1.0,2070,0,23,0.0,26,1,0.6395891690009337,63.32758256200093,High Value,0,1,Deal Hunter
838,25,Male,Hoodie,Clothing,28,Illinois,L,Brown,Spring,4.9,Yes,Express,Yes,Yes,33,Cash,Every 3 Months,1.0,952,1,34,0.0,4,1,0.5706282513005201,53.42734350450073,High Value,0,0,Deal Hunter
839,33,Male,Coat,Outerwear,29,Kentucky,M,Gray,Spring,4.3,Yes,Express,Yes,Yes,49,Credit Card,Annually,1.0,1450,1,50,0.0,1,1,0.6598639455782312,61.024794089146575,High Value,0,0,Deal Hunter
840,48,Male,Shirt,Clothing,31,Illinois,L,Teal,Spring,2.6,Yes,Free Shipping,Yes,Yes,10,Debit Card,Every 3 Months,1.0,341,0,11,0.0,4,1,0.4141656662665066,41.36156409008325,Mid Value,0,0,Deal Hunter
841,42,Male,Shirt,Clothing,24,Alabama,L,Teal,Summer,4.2,Yes,2-Day Shipping,Yes,Yes,18,PayPal,Weekly,1.0,456,1,19,0.0,52,1,0.782312925170068,61.57172145932589,High Value,0,1,Deal Hunter
842,55,Male,Sweater,Clothing,88,Texas,M,Beige,Summer,2.6,Yes,Store Pickup,Yes,Yes,28,PayPal,Fortnightly,1.0,2552,0,29,0.0,24,1,0.6673336001067094,67.61646503488585,High Value,0,1,Deal Hunter
843,59,Male,Shirt,Clothing,87,Missouri,M,Violet,Spring,3.6,Yes,Express,Yes,Yes,25,PayPal,Weekly,1.0,2262,0,26,0.0,52,1,0.8299319727891157,74.4081233842572,High Value,0,1,Deal Hunter
844,65,Male,Hoodie,Clothing,80,Pennsylvania,S,Beige,Summer,3.2,Yes,Express,Yes,Yes,6,PayPal,Weekly,1.0,560,0,7,0.0,52,1,0.7006802721088434,57.628314607198305,High Value,0,1,Deal Hunter
845,59,Male,Sandals,Footwear,48,Missouri,L,Purple,Winter,4.4,Yes,Express,Yes,Yes,44,Venmo,Bi-Weekly,1.0,2160,1,45,0.0,26,1,0.7892490329465118,71.96948949585835,High Value,0,1,Deal Hunter
846,31,Male,Belt,Accessories,21,Michigan,XL,Charcoal,Winter,3.7,Yes,Standard,Yes,Yes,30,Venmo,Monthly,1.0,651,0,31,0.0,12,1,0.6025076697345604,53.0324423547511,High Value,0,1,Deal Hunter
847,49,Male,Boots,Footwear,72,Kentucky,M,Pink,Spring,3.7,Yes,Express,Yes,Yes,42,Debit Card,Quarterly,1.0,3096,0,43,0.0,4,1,0.6318527410964385,68.96549393807906,High Value,0,0,Deal Hunter
848,53,Male,Hoodie,Clothing,44,New Jersey,L,Blue,Fall,4.1,Yes,Standard,Yes,Yes,30,PayPal,Monthly,1.0,1364,1,31,0.0,12,1,0.6025076697345604,57.520130750573074,High Value,0,1,Deal Hunter
849,48,Male,Sandals,Footwear,73,Delaware,M,Lavender,Fall,3.6,Yes,Store Pickup,Yes,Yes,33,Credit Card,Bi-Weekly,1.0,2482,0,34,0.0,26,1,0.7144191009737227,69.66552767386563,High Value,0,1,Deal Hunter
850,23,Male,Jeans,Clothing,61,Missouri,S,Charcoal,Spring,4.3,Yes,Express,Yes,Yes,24,PayPal,Quarterly,1.0,1525,1,25,0.0,4,1,0.5094037615046019,53.60145898189397,High Value,0,0,Deal Hunter
851,68,Male,Shoes,Footwear,20,Connecticut,L,Turquoise,Winter,2.6,Yes,Store Pickup,Yes,Yes,13,Venmo,Monthly,1.0,280,0,14,0.0,12,1,0.4868614112311591,44.80235719614857,High Value,0,1,Deal Hunter
852,35,Male,Sandals,Footwear,86,Massachusetts,M,Red,Summer,2.9,Yes,Express,Yes,Yes,19,Debit Card,Monthly,1.0,1720,0,20,0.0,12,1,0.5276777377617714,55.41640171179638,High Value,0,1,Deal Hunter
853,34,Male,Dress,Clothing,60,Florida,L,Yellow,Spring,4.2,Yes,Next Day Air,Yes,Yes,23,Debit Card,Every 3 Months,1.0,1440,1,24,0.0,4,1,0.5026010404161665,52.74527748610417,High Value,0,0,Deal Hunter
854,62,Male,Hat,Accessories,43,Delaware,L,Orange,Winter,4.0,Yes,Free Shipping,Yes,Yes,35,Cash,Monthly,1.0,1548,1,36,0.0,12,1,0.6365212751767373,60.381741148490775,High Value,0,1,Deal Hunter
855,21,Male,Pants,Clothing,44,California,L,Blue,Spring,4.3,Yes,Free Shipping,Yes,Yes,22,Venmo,Monthly,1.0,1012,1,23,0.0,12,1,0.5480859010270774,52.602336222338764,High Value,0,1,Deal Hunter
856,70,Male,Socks,Clothing,76,Oregon,L,Gold,Spring,3.0,Yes,2-Day Shipping,Yes,Yes,14,Credit Card,Quarterly,1.0,1140,0,15,0.0,4,1,0.44137655062024805,47.48943264665882,High Value,0,0,Deal Hunter
857,55,Male,Shirt,Clothing,33,Alaska,M,Gold,Summer,3.5,Yes,Express,Yes,Yes,47,Debit Card,Fortnightly,1.0,1584,0,48,0.0,24,1,0.7965853007869814,68.67211112998008,High Value,0,1,Deal Hunter
858,43,Male,Shorts,Clothing,60,Missouri,L,Cyan,Fall,3.0,Yes,Standard,Yes,Yes,50,Debit Card,Every 3 Months,1.0,3060,0,51,0.0,4,1,0.6862745098039216,71.59827905784812,High Value,0,0,Deal Hunter
859,19,Male,Jacket,Outerwear,26,Oklahoma,L,Olive,Fall,3.1,Yes,Free Shipping,Yes,Yes,33,PayPal,Weekly,1.0,884,0,34,0.0,52,1,0.8843537414965985,69.13760276649941,High Value,0,1,Deal Hunter
860,47,Male,Hoodie,Clothing,73,Wisconsin,M,Teal,Winter,4.0,Yes,Next Day Air,Yes,Yes,7,Debit Card,Monthly,1.0,584,1,8,0.0,12,1,0.4460450847005468,44.74776576737351,High Value,0,1,Deal Hunter
861,26,Male,Shoes,Footwear,87,South Carolina,M,Maroon,Spring,4.1,Yes,Standard,Yes,Yes,3,Cash,Monthly,1.0,348,1,4,0.0,12,1,0.41883420034680535,41.93551653287513,Mid Value,0,1,Deal Hunter
862,46,Male,Skirt,Clothing,100,Virginia,XL,Green,Spring,3.8,Yes,2-Day Shipping,Yes,Yes,35,Credit Card,Every 3 Months,1.0,3600,0,36,0.0,4,1,0.5842336934773908,69.44445372503333,High Value,0,0,Deal Hunter
863,19,Male,Coat,Outerwear,84,Arkansas,M,Charcoal,Winter,4.9,Yes,Standard,Yes,Yes,13,PayPal,Fortnightly,1.0,1176,1,14,0.0,24,1,0.5652927837801787,54.4676225956889,High Value,0,1,Deal Hunter
864,49,Male,Sneakers,Footwear,41,Vermont,M,Cyan,Summer,3.9,Yes,Standard,Yes,Yes,42,PayPal,Fortnightly,1.0,1763,0,43,0.0,24,1,0.7625716953448045,67.94828015286882,High Value,0,1,Deal Hunter
865,51,Male,Jeans,Clothing,59,Kentucky,S,Charcoal,Winter,3.9,Yes,Next Day Air,Yes,Yes,5,PayPal,Annually,1.0,354,0,6,0.0,1,1,0.3605442176870748,38.63516262140333,Mid Value,0,0,Deal Hunter
866,64,Male,Blouse,Clothing,26,Colorado,L,Charcoal,Winter,4.8,Yes,Store Pickup,Yes,Yes,23,Venmo,Annually,1.0,624,1,24,0.0,1,1,0.48299319727891155,46.91472731540557,High Value,0,0,Deal Hunter
867,67,Male,Sunglasses,Accessories,69,New Mexico,M,Lavender,Summer,2.7,Yes,Free Shipping,Yes,Yes,11,PayPal,Bi-Weekly,1.0,828,0,12,0.0,26,1,0.5647592370281446,52.10160185986257,High Value,0,1,Deal Hunter
868,37,Male,Jacket,Outerwear,20,Colorado,M,Turquoise,Spring,3.1,Yes,Free Shipping,Yes,Yes,23,Bank Transfer,Fortnightly,1.0,480,0,24,0.0,24,1,0.6333199946645325,53.63604596897217,High Value,0,1,Deal Hunter
869,40,Male,Dress,Clothing,83,North Carolina,M,Green,Summer,3.2,Yes,Next Day Air,Yes,Yes,2,Credit Card,Every 3 Months,1.0,249,0,3,0.0,4,1,0.3597438975590236,37.97496143350092,Mid Value,0,0,Deal Hunter
870,38,Male,Hat,Accessories,54,New Hampshire,M,Silver,Spring,2.7,Yes,2-Day Shipping,Yes,Yes,33,PayPal,Weekly,1.0,1836,0,34,0.0,52,1,0.8843537414965985,74.74412069654824,High Value,0,1,Deal Hunter
871,66,Male,Hoodie,Clothing,66,West Virginia,M,Blue,Fall,2.5,Yes,Standard,Yes,Yes,6,Bank Transfer,Bi-Weekly,1.0,462,0,7,0.0,26,1,0.5307456315859677,48.16815715178846,High Value,0,1,Deal Hunter
872,47,Male,Handbag,Accessories,42,Hawaii,M,Charcoal,Spring,2.6,Yes,Next Day Air,Yes,Yes,45,Debit Card,Quarterly,1.0,1932,0,46,0.0,4,1,0.6522609043617447,63.17726432593241,High Value,0,0,Deal Hunter
873,56,Male,Jeans,Clothing,33,North Dakota,M,Pink,Spring,2.9,Yes,Standard,Yes,Yes,25,Cash,Quarterly,1.0,858,0,26,0.0,4,1,0.5162064825930373,49.74027330111399,High Value,0,0,Deal Hunter
874,51,Male,Boots,Footwear,77,Mississippi,M,Pink,Summer,4.2,Yes,Free Shipping,Yes,Yes,24,Venmo,Quarterly,1.0,1925,1,25,0.0,4,1,0.5094037615046019,55.957138784435486,High Value,0,0,Deal Hunter
875,25,Male,Jacket,Outerwear,65,Maine,M,Magenta,Fall,4.4,Yes,Free Shipping,Yes,Yes,10,Venmo,Every 3 Months,1.0,715,1,11,0.0,4,1,0.4141656662665066,43.852813853251284,Mid Value,0,0,Deal Hunter
876,37,Male,Sandals,Footwear,39,North Dakota,L,Gray,Summer,4.1,Yes,Free Shipping,Yes,Yes,7,Bank Transfer,Every 3 Months,1.0,312,1,8,0.0,4,1,0.39375750300120044,40.41266783894154,Mid Value,0,0,Deal Hunter
877,41,Male,Belt,Accessories,51,Nebraska,L,Gray,Summer,3.8,Yes,2-Day Shipping,Yes,Yes,1,Debit Card,Weekly,1.0,102,0,2,0.0,52,1,0.6666666666666666,53.153063544539656,High Value,0,1,Deal Hunter
878,64,Male,Handbag,Accessories,65,Nebraska,M,Orange,Winter,4.9,Yes,Next Day Air,Yes,Yes,45,Venmo,Every 3 Months,1.0,2990,1,46,0.0,4,1,0.6522609043617447,69.69672655144646,High Value,0,0,Deal Hunter
879,23,Male,Sunglasses,Accessories,89,Tennessee,S,Black,Summer,4.9,Yes,Express,Yes,Yes,37,Debit Card,Weekly,1.0,3382,1,38,0.0,52,1,0.91156462585034,85.55991043216183,High Value,0,1,Deal Hunter
880,62,Male,Skirt,Clothing,76,Wyoming,S,Lavender,Spring,4.1,Yes,Free Shipping,Yes,Yes,14,PayPal,Quarterly,1.0,1140,1,15,0.0,4,1,0.44137655062024805,47.77812179445054,High Value,0,0,Deal Hunter
881,39,Male,Backpack,Accessories,75,Nevada,L,Red,Spring,3.1,Yes,Express,Yes,Yes,25,Debit Card,Monthly,1.0,1950,0,26,0.0,12,1,0.5684940642923836,58.904514824756085,High Value,0,1,Deal Hunter
882,52,Male,Sandals,Footwear,61,South Carolina,M,Silver,Summer,2.7,Yes,Next Day Air,Yes,Yes,18,Venmo,Annually,1.0,1159,0,19,0.0,1,1,0.44897959183673464,47.998762214764525,High Value,0,0,Deal Hunter
883,50,Male,Boots,Footwear,35,Virginia,M,Cyan,Fall,3.8,Yes,Next Day Air,Yes,Yes,37,Cash,Every 3 Months,1.0,1330,0,38,0.0,4,1,0.5978391356542616,56.78716992110964,High Value,0,0,Deal Hunter
884,28,Male,Sneakers,Footwear,37,Pennsylvania,S,Gold,Fall,4.3,Yes,Free Shipping,Yes,Yes,30,Bank Transfer,Monthly,1.0,1147,1,31,0.0,12,1,0.6025076697345604,56.2421744576943,High Value,0,1,Deal Hunter
885,67,Male,Skirt,Clothing,91,Hawaii,L,Yellow,Winter,4.1,Yes,Express,Yes,Yes,34,Bank Transfer,Weekly,1.0,3185,1,35,0.0,52,1,0.8911564625850339,83.33293951616095,High Value,0,1,Deal Hunter
886,41,Male,Dress,Clothing,99,Ohio,L,Purple,Fall,4.4,Yes,Free Shipping,Yes,Yes,49,Debit Card,Every 3 Months,1.0,4950,1,50,0.0,4,1,0.6794717887154862,82.66195573489877,High Value,0,0,Deal Hunter
887,19,Male,Shorts,Clothing,54,Utah,S,Brown,Summer,3.6,Yes,Express,Yes,Yes,48,Bank Transfer,Monthly,1.0,2646,0,49,0.0,12,1,0.7249566493263973,71.18218704942193,High Value,0,1,Deal Hunter
888,70,Male,Handbag,Accessories,47,Minnesota,L,Turquoise,Winter,3.3,Yes,2-Day Shipping,Yes,Yes,33,PayPal,Fortnightly,1.0,1598,0,34,0.0,24,1,0.7013472055488861,63.77616639457293,High Value,0,1,Deal Hunter
889,49,Male,Scarf,Accessories,77,New Hampshire,S,Gold,Spring,3.8,Yes,Express,Yes,Yes,44,Cash,Annually,1.0,3465,0,45,0.0,1,1,0.6258503401360545,70.82484425790916,High Value,0,0,Deal Hunter
890,59,Male,Belt,Accessories,84,Arizona,S,Olive,Fall,2.8,Yes,Free Shipping,Yes,Yes,50,Venmo,Weekly,1.0,4284,0,51,0.0,52,1,1.0,95.2060732298476,High Value,0,1,Deal Hunter
891,52,Male,Gloves,Accessories,51,New York,S,Purple,Spring,4.3,Yes,2-Day Shipping,Yes,Yes,47,Credit Card,Monthly,1.0,2448,1,48,0.0,12,1,0.7181539282379619,69.94921515720586,High Value,0,1,Deal Hunter
892,20,Male,Skirt,Clothing,26,Pennsylvania,S,Lavender,Summer,3.9,Yes,Store Pickup,Yes,Yes,24,PayPal,Every 3 Months,1.0,650,0,25,0.0,4,1,0.5094037615046019,48.15972026604268,High Value,0,0,Deal Hunter
893,31,Male,Shorts,Clothing,64,New Mexico,L,Gray,Summer,2.7,Yes,Free Shipping,Yes,Yes,43,Debit Card,Monthly,1.0,2816,0,44,0.0,12,1,0.6909430438842203,70.40535327675347,High Value,0,1,Deal Hunter
894,33,Male,Backpack,Accessories,51,Nebraska,M,Red,Spring,4.7,Yes,Express,Yes,Yes,14,Venmo,Monthly,1.0,765,1,15,0.0,12,1,0.4936641323195945,48.302907642271606,High Value,0,1,Deal Hunter
895,44,Male,Hoodie,Clothing,60,Wyoming,L,Purple,Spring,3.8,Yes,Free Shipping,Yes,Yes,3,Debit Card,Quarterly,1.0,240,0,4,0.0,4,1,0.36654661864745897,38.27755817569346,Mid Value,0,0,Deal Hunter
896,40,Male,Hat,Accessories,69,Mississippi,XL,Olive,Spring,4.7,Yes,Next Day Air,Yes,Yes,33,Debit Card,Quarterly,1.0,2346,1,34,0.0,4,1,0.5706282513005201,61.636887616357924,High Value,0,0,Deal Hunter
897,69,Male,Jewelry,Accessories,29,Arkansas,M,Lavender,Spring,4.7,Yes,Express,Yes,Yes,38,Cash,Fortnightly,1.0,1131,1,39,0.0,24,1,0.735360810991063,63.09259706164604,High Value,0,1,Deal Hunter
898,29,Male,Shirt,Clothing,91,Illinois,M,Gray,Spring,3.4,Yes,Express,Yes,Yes,46,Venmo,Weekly,1.0,4277,0,47,0.0,52,1,0.9727891156462585,93.74245068230425,High Value,0,1,Deal Hunter
899,54,Male,Belt,Accessories,70,Nevada,L,Red,Spring,3.5,Yes,2-Day Shipping,Yes,Yes,19,Bank Transfer,Every 3 Months,1.0,1400,0,20,0.0,4,1,0.47539015606242496,50.79862220705942,High Value,0,0,Deal Hunter
900,65,Male,Sweater,Clothing,58,Rhode Island,M,Peach,Summer,4.0,Yes,Standard,Yes,Yes,20,PayPal,Annually,1.0,1218,1,21,0.0,1,1,0.4625850340136054,49.34611320893056,High Value,0,0,Deal Hunter
901,54,Male,Hat,Accessories,98,West Virginia,L,Gray,Fall,3.3,Yes,Free Shipping,Yes,Yes,42,Bank Transfer,Quarterly,1.0,4214,0,43,0.0,4,1,0.6318527410964385,75.54961898618262,High Value,0,0,Deal Hunter
902,60,Male,Scarf,Accessories,68,Missouri,L,Violet,Summer,4.7,Yes,2-Day Shipping,Yes,Yes,34,Cash,Monthly,1.0,2380,1,35,0.0,12,1,0.6297185540883019,64.92595560002744,High Value,0,1,Deal Hunter
903,43,Male,Hat,Accessories,44,Kentucky,M,Beige,Summer,2.8,Yes,Next Day Air,Yes,Yes,5,Cash,Monthly,1.0,264,0,6,0.0,12,1,0.4324396425236761,41.86333370204915,Mid Value,0,1,Deal Hunter
904,44,Male,Jacket,Outerwear,45,Washington,M,Blue,Winter,3.3,Yes,Express,Yes,Yes,3,PayPal,Quarterly,1.0,180,0,4,0.0,4,1,0.36654661864745897,37.92420620531223,Mid Value,0,0,Deal Hunter
905,69,Male,T-shirt,Clothing,99,Alaska,L,Magenta,Spring,2.9,Yes,Free Shipping,Yes,Yes,46,PayPal,Every 3 Months,1.0,4653,0,47,0.0,4,1,0.65906362545018,79.55737572047083,High Value,0,0,Deal Hunter
906,46,Male,Dress,Clothing,68,Mississippi,S,Cyan,Spring,2.8,Yes,Standard,Yes,Yes,16,Venmo,Annually,1.0,1156,0,17,0.0,1,1,0.43537414965986393,47.26989554074602,High Value,0,0,Deal Hunter
907,41,Male,Pants,Clothing,56,South Carolina,M,Red,Spring,4.2,Yes,Standard,Yes,Yes,21,Debit Card,Bi-Weekly,1.0,1232,1,22,0.0,26,1,0.6327864479124983,58.325522985718436,High Value,0,1,Deal Hunter
908,32,Male,Sweater,Clothing,43,Missouri,L,Cyan,Winter,4.4,Yes,Express,Yes,Yes,34,Credit Card,Bi-Weekly,1.0,1505,1,35,0.0,26,1,0.7212218220621581,64.5560684416994,High Value,0,1,Deal Hunter
909,26,Male,Sunglasses,Accessories,99,New Jersey,M,Turquoise,Winter,3.6,Yes,Free Shipping,Yes,Yes,9,PayPal,Every 3 Months,1.0,990,0,10,0.0,4,1,0.4073629451780712,44.82805503195714,High Value,0,0,Deal Hunter
910,61,Male,Belt,Accessories,56,Louisiana,L,Silver,Fall,2.7,Yes,Express,Yes,Yes,36,PayPal,Weekly,1.0,2072,0,37,0.0,52,1,0.9047619047619047,77.2007703932969,High Value,0,1,Deal Hunter
911,49,Male,Hoodie,Clothing,25,South Carolina,S,Pink,Spring,3.4,Yes,Express,Yes,Yes,22,Credit Card,Monthly,1.0,575,0,23,0.0,12,1,0.5480859010270774,49.74006689027044,High Value,0,1,Deal Hunter
912,53,Male,Pants,Clothing,74,Vermont,M,Black,Winter,2.8,Yes,2-Day Shipping,Yes,Yes,2,Bank Transfer,Quarterly,1.0,222,0,3,0.0,4,1,0.3597438975590236,37.81595304682937,Mid Value,0,0,Deal Hunter
913,24,Male,Hoodie,Clothing,56,Arkansas,M,Green,Winter,3.4,Yes,Next Day Air,Yes,Yes,32,Bank Transfer,Monthly,1.0,1848,0,33,0.0,12,1,0.6161131119114311,60.79301323935604,High Value,0,1,Deal Hunter
914,37,Male,Sneakers,Footwear,47,Utah,M,Yellow,Fall,2.6,Yes,Next Day Air,Yes,Yes,29,Cash,Every 3 Months,1.0,1410,0,30,0.0,4,1,0.5434173669467787,54.413509579620175,High Value,0,0,Deal Hunter
915,43,Male,Dress,Clothing,67,Washington,L,Purple,Summer,4.1,Yes,Standard,Yes,Yes,27,Venmo,Every 3 Months,1.0,1876,1,28,0.0,4,1,0.529811924769908,56.73536662187332,High Value,0,0,Deal Hunter
916,31,Male,Dress,Clothing,22,Rhode Island,L,Purple,Winter,2.9,Yes,Store Pickup,Yes,Yes,33,Credit Card,Fortnightly,1.0,748,0,34,0.0,24,1,0.7013472055488861,58.7703468141722,High Value,0,1,Deal Hunter
917,49,Male,Jeans,Clothing,34,Illinois,S,Blue,Spring,2.7,Yes,Standard,Yes,Yes,16,Venmo,Monthly,1.0,578,0,17,0.0,12,1,0.5072695744964653,47.62413726229117,High Value,0,1,Deal Hunter
918,69,Male,Sweater,Clothing,64,Missouri,M,Maroon,Spring,3.7,Yes,Standard,Yes,Yes,11,Bank Transfer,Quarterly,1.0,768,0,12,0.0,4,1,0.42096838735494196,44.23185181704604,High Value,0,0,Deal Hunter
919,65,Male,Shorts,Clothing,42,North Carolina,M,Orange,Spring,4.3,Yes,2-Day Shipping,Yes,Yes,11,Cash,Fortnightly,1.0,504,1,12,0.0,24,1,0.5516873416033079,49.798881451919705,High Value,0,1,Deal Hunter
920,41,Male,Shirt,Clothing,82,Massachusetts,L,Green,Winter,2.6,Yes,2-Day Shipping,Yes,Yes,17,Debit Card,Bi-Weekly,1.0,1476,0,18,0.0,26,1,0.6055755635587567,58.051400366478155,High Value,0,1,Deal Hunter
921,37,Male,Belt,Accessories,81,Arkansas,XL,Gold,Summer,4.3,Yes,Free Shipping,Yes,Yes,37,Cash,Weekly,1.0,3078,1,38,0.0,52,1,0.91156462585034,83.76959378223027,High Value,0,1,Deal Hunter
922,70,Male,Coat,Outerwear,24,South Dakota,L,Silver,Summer,4.1,Yes,Express,Yes,Yes,18,PayPal,Weekly,1.0,456,1,19,0.0,52,1,0.782312925170068,61.57172145932589,High Value,0,1,Deal Hunter
923,63,Male,Sneakers,Footwear,60,Georgia,M,Cyan,Fall,4.2,Yes,Standard,Yes,Yes,13,Credit Card,Monthly,1.0,840,1,14,0.0,12,1,0.4868614112311591,48.38899806749842,High Value,0,1,Deal Hunter
924,55,Male,Shirt,Clothing,24,Arkansas,M,Silver,Spring,4.2,Yes,2-Day Shipping,Yes,Yes,7,PayPal,Weekly,1.0,192,1,8,0.0,52,1,0.7074829931972788,56.10537787440154,High Value,0,1,Deal Hunter
925,52,Male,Socks,Clothing,78,Kansas,XL,Beige,Winter,3.1,Yes,Standard,Yes,Yes,37,Cash,Quarterly,1.0,2964,0,38,0.0,4,1,0.5978391356542616,66.41012191449175,High Value,0,0,Deal Hunter
926,22,Male,Jeans,Clothing,88,Arizona,L,Teal,Winter,4.9,Yes,Express,Yes,Yes,8,Cash,Monthly,1.0,792,1,9,0.0,12,1,0.4528478057889822,46.32831880244483,High Value,0,1,Deal Hunter
927,54,Male,Jeans,Clothing,63,Massachusetts,XL,Green,Spring,4.4,Yes,Express,Yes,Yes,11,Cash,Bi-Weekly,1.0,756,1,12,0.0,26,1,0.5647592370281446,51.96626864319681,High Value,0,1,Deal Hunter
928,28,Male,Sneakers,Footwear,78,New Mexico,L,Black,Summer,4.4,Yes,Standard,Yes,Yes,8,Venmo,Bi-Weekly,1.0,702,1,9,0.0,26,1,0.5443510737628384,50.58145325660453,High Value,0,1,Deal Hunter
929,67,Male,Dress,Clothing,37,Arkansas,XL,Yellow,Winter,3.4,Yes,Store Pickup,Yes,Yes,31,Cash,Every 3 Months,1.0,1184,0,32,0.0,4,1,0.5570228091236494,53.79374956668366,High Value,0,0,Deal Hunter
930,59,Male,Boots,Footwear,94,Nebraska,M,White,Fall,4.5,Yes,2-Day Shipping,Yes,Yes,26,Debit Card,Fortnightly,1.0,2538,1,27,0.0,24,1,0.6537281579298386,67.11150631408917,High Value,0,1,Deal Hunter
931,26,Male,T-shirt,Clothing,78,Hawaii,L,Green,Fall,4.5,Yes,Store Pickup,Yes,Yes,20,Credit Card,Bi-Weekly,1.0,1638,1,21,0.0,26,1,0.6259837268240629,60.36093844754835,High Value,0,1,Deal Hunter
932,24,Male,Coat,Outerwear,36,Nebraska,M,Silver,Winter,4.1,Yes,Standard,Yes,Yes,24,Bank Transfer,Fortnightly,1.0,900,1,25,0.0,24,1,0.6401227157529679,56.75379844718221,High Value,0,1,Deal Hunter
933,62,Male,Skirt,Clothing,24,Indiana,L,Blue,Winter,3.2,Yes,Standard,Yes,Yes,45,Debit Card,Bi-Weekly,1.0,1104,0,46,0.0,26,1,0.7960517540349472,65.81740520710675,High Value,0,1,Deal Hunter
934,70,Male,Sneakers,Footwear,84,Colorado,M,Magenta,Spring,2.7,Yes,Store Pickup,Yes,Yes,33,Debit Card,Monthly,1.0,2856,0,34,0.0,12,1,0.6229158329998665,67.0849258795104,High Value,0,1,Deal Hunter
935,45,Male,Jeans,Clothing,47,Oregon,S,Yellow,Spring,3.7,Yes,Express,Yes,Yes,21,Bank Transfer,Monthly,1.0,1034,0,22,0.0,12,1,0.5412831799386421,52.087609925937116,High Value,0,1,Deal Hunter
936,58,Male,Hoodie,Clothing,51,Ohio,L,White,Fall,2.6,Yes,Store Pickup,Yes,Yes,2,Bank Transfer,Fortnightly,1.0,153,0,3,0.0,24,1,0.4904628518073896,44.24268743765031,High Value,0,1,Deal Hunter
937,31,Male,Shoes,Footwear,84,Maine,M,Pink,Summer,2.7,Yes,Free Shipping,Yes,Yes,28,Cash,Weekly,1.0,2436,0,29,0.0,52,1,0.8503401360544216,76.49964271161191,High Value,0,1,Deal Hunter
938,32,Male,Shorts,Clothing,24,Iowa,M,Magenta,Summer,2.7,Yes,Express,Yes,Yes,18,Venmo,Quarterly,1.0,456,0,19,0.0,4,1,0.4685874349739896,44.8836183353117,High Value,0,0,Deal Hunter
939,36,Male,Blouse,Clothing,97,Wisconsin,S,Teal,Fall,4.8,Yes,Free Shipping,Yes,Yes,21,Debit Card,Fortnightly,1.0,2134,1,22,0.0,24,1,0.6197145524876617,62.95427202477363,High Value,0,1,Deal Hunter
940,25,Male,T-shirt,Clothing,89,New York,L,Indigo,Winter,4.8,Yes,Next Day Air,Yes,Yes,24,Credit Card,Monthly,1.0,2225,1,25,0.0,12,1,0.5616913432039482,60.457134299045364,High Value,0,1,Deal Hunter
941,48,Male,Belt,Accessories,44,Colorado,S,Maroon,Spring,2.6,Yes,Store Pickup,Yes,Yes,15,PayPal,Every 3 Months,1.0,704,0,16,0.0,4,1,0.44817927170868344,45.277341199638286,High Value,0,0,Deal Hunter
942,39,Male,Handbag,Accessories,35,Illinois,L,Black,Winter,4.5,Yes,2-Day Shipping,Yes,Yes,38,PayPal,Every 3 Months,1.0,1365,1,39,0.0,4,1,0.604641856742697,57.637580589373464,High Value,0,0,Deal Hunter
943,26,Male,Dress,Clothing,91,Arizona,M,Cyan,Winter,3.2,Yes,Express,Yes,Yes,38,PayPal,Bi-Weekly,1.0,3549,0,39,0.0,26,1,0.7484327064158995,77.72730123589375,High Value,0,1,Deal Hunter
944,32,Male,Hat,Accessories,63,Oklahoma,L,Cyan,Winter,3.8,Yes,Next Day Air,Yes,Yes,13,Venmo,Fortnightly,1.0,882,0,14,0.0,24,1,0.5652927837801787,52.447508793029186,High Value,0,1,Deal Hunter
945,54,Male,Belt,Accessories,97,Indiana,S,Gray,Spring,4.8,Yes,Express,Yes,Yes,39,Cash,Bi-Weekly,1.0,3880,1,40,0.0,26,1,0.7552354275043349,80.32091495803829,High Value,0,1,Deal Hunter
946,38,Male,Boots,Footwear,38,Minnesota,M,Violet,Summer,4.1,Yes,Store Pickup,Yes,Yes,8,Venmo,Every 3 Months,1.0,342,1,9,0.0,4,1,0.4005602240896358,40.94494336188187,Mid Value,0,0,Deal Hunter
947,46,Male,Coat,Outerwear,24,Pennsylvania,XL,Blue,Spring,2.8,Yes,Next Day Air,Yes,Yes,4,PayPal,Quarterly,1.0,120,0,5,0.0,4,1,0.37334933973589435,37.92645377268072,Mid Value,0,0,Deal Hunter
948,57,Male,Blouse,Clothing,32,Indiana,M,Charcoal,Winter,3.9,Yes,Store Pickup,Yes,Yes,6,Cash,Every 3 Months,1.0,224,0,7,0.0,4,1,0.3869547819127651,39.250129596840964,Mid Value,0,0,Deal Hunter
949,49,Male,Hat,Accessories,90,Alabama,L,Olive,Summer,4.9,Yes,Express,Yes,Yes,11,Venmo,Every 3 Months,1.0,1080,1,12,0.0,4,1,0.42096838735494196,46.35797121082014,High Value,0,0,Deal Hunter
950,33,Male,Jeans,Clothing,36,Montana,M,Olive,Summer,3.4,Yes,Standard,Yes,Yes,49,Venmo,Monthly,1.0,1800,0,50,0.0,12,1,0.7317593704148326,66.55552380479635,High Value,0,1,Deal Hunter
951,54,Male,Backpack,Accessories,37,New Mexico,XL,Turquoise,Winter,4.1,Yes,Free Shipping,Yes,Yes,30,PayPal,Quarterly,1.0,1147,1,31,0.0,4,1,0.550220088035214,53.508938794990556,High Value,0,0,Deal Hunter
952,47,Male,Dress,Clothing,51,Alaska,M,Cyan,Summer,2.9,Yes,Express,Yes,Yes,34,Bank Transfer,Monthly,1.0,1785,0,35,0.0,12,1,0.6297185540883019,61.1331927459552,High Value,0,1,Deal Hunter
953,36,Male,Hat,Accessories,71,Idaho,S,Red,Fall,3.1,Yes,2-Day Shipping,Yes,Yes,28,PayPal,Monthly,1.0,2059,0,29,0.0,12,1,0.5889022275576896,60.61323618419782,High Value,0,1,Deal Hunter
954,68,Male,Sunglasses,Accessories,50,Utah,S,Cyan,Spring,3.6,Yes,2-Day Shipping,Yes,Yes,36,Venmo,Quarterly,1.0,1850,0,37,0.0,4,1,0.5910364145658262,59.493954126663894,High Value,0,0,Deal Hunter
955,60,Male,Hat,Accessories,74,Louisiana,S,Turquoise,Fall,3.5,Yes,Standard,Yes,Yes,18,Credit Card,Every 3 Months,1.0,1406,0,19,0.0,4,1,0.4685874349739896,50.47835786634782,High Value,0,0,Deal Hunter
956,55,Male,Dress,Clothing,75,Mississippi,L,Lavender,Summer,3.4,Yes,Free Shipping,Yes,Yes,4,PayPal,Monthly,1.0,375,0,5,0.0,12,1,0.42563692143524073,42.16143530950468,Mid Value,0,1,Deal Hunter
957,29,Male,Shirt,Clothing,99,Mississippi,XL,Cyan,Spring,2.9,Yes,2-Day Shipping,Yes,Yes,42,Debit Card,Quarterly,1.0,4257,0,43,0.0,4,1,0.6318527410964385,75.80285456495582,High Value,0,0,Deal Hunter
958,38,Male,Scarf,Accessories,23,Indiana,XL,Violet,Spring,4.7,Yes,Store Pickup,Yes,Yes,11,Cash,Quarterly,1.0,276,1,12,0.0,4,1,0.42096838735494196,41.62305480771168,Mid Value,0,0,Deal Hunter
959,70,Male,Sneakers,Footwear,53,Washington,XL,Beige,Winter,4.4,Yes,Free Shipping,Yes,Yes,31,Credit Card,Bi-Weekly,1.0,1696,1,32,0.0,26,1,0.7008136587968521,64.6141069341638,High Value,0,1,Deal Hunter
960,36,Male,Skirt,Clothing,99,Nevada,M,Cyan,Spring,2.6,Yes,Standard,Yes,Yes,12,Cash,Fortnightly,1.0,1287,0,13,0.0,24,1,0.5584900626917433,54.47703505535275,High Value,0,1,Deal Hunter
961,18,Male,Jewelry,Accessories,48,Louisiana,XL,Indigo,Spring,4.4,Yes,Standard,Yes,Yes,20,Venmo,Quarterly,1.0,1008,1,21,0.0,4,1,0.4821928771508603,49.13434468611017,High Value,0,0,Deal Hunter
962,62,Male,Boots,Footwear,72,Pennsylvania,L,Olive,Fall,3.7,Yes,Next Day Air,Yes,Yes,37,Debit Card,Quarterly,1.0,2736,0,38,0.0,4,1,0.5978391356542616,65.06738442704308,High Value,0,0,Deal Hunter
963,29,Male,Sunglasses,Accessories,64,Michigan,L,Green,Spring,4.4,Yes,Standard,Yes,Yes,26,Debit Card,Fortnightly,1.0,1728,1,27,0.0,24,1,0.6537281579298386,62.3412547139426,High Value,0,1,Deal Hunter
964,21,Male,Boots,Footwear,63,South Carolina,L,Green,Spring,2.5,Yes,2-Day Shipping,Yes,Yes,14,Credit Card,Weekly,1.0,945,0,15,0.0,52,1,0.7551020408163265,62.74045271914229,High Value,0,1,Deal Hunter
965,42,Male,Sandals,Footwear,51,Arizona,M,Beige,Spring,2.6,Yes,Next Day Air,Yes,Yes,12,Venmo,Bi-Weekly,1.0,663,0,13,0.0,26,1,0.57156195811658,51.48548347906391,High Value,0,1,Deal Hunter
966,43,Male,Boots,Footwear,55,Delaware,L,Black,Spring,5.0,Yes,Store Pickup,Yes,Yes,10,Credit Card,Annually,1.0,605,1,11,0.0,1,1,0.3945578231292517,42.18003853403845,Mid Value,0,0,Deal Hunter
967,58,Male,Dress,Clothing,55,Kentucky,M,Brown,Spring,4.9,Yes,Express,Yes,Yes,19,Cash,Annually,1.0,1100,1,20,0.0,1,1,0.45578231292517,48.29558812943108,High Value,0,0,Deal Hunter
968,27,Male,Hoodie,Clothing,26,Georgia,S,Silver,Summer,3.7,Yes,Store Pickup,Yes,Yes,4,Cash,Weekly,1.0,130,0,5,0.0,52,1,0.6870748299319728,54.384759743966725,High Value,0,1,Deal Hunter
969,57,Male,Shorts,Clothing,67,North Carolina,L,Gray,Summer,3.1,Yes,Next Day Air,Yes,Yes,48,Bank Transfer,Quarterly,1.0,3283,0,49,0.0,4,1,0.6726690676270508,72.20037147226556,High Value,0,0,Deal Hunter
970,40,Male,Coat,Outerwear,31,California,S,Pink,Fall,3.2,Yes,Express,Yes,Yes,37,PayPal,Monthly,1.0,1178,0,38,0.0,12,1,0.650126717353608,58.6252472588476,High Value,0,1,Deal Hunter
971,45,Male,Jeans,Clothing,66,California,S,Maroon,Winter,4.4,Yes,Free Shipping,Yes,Yes,4,Cash,Monthly,1.0,330,1,5,0.0,12,1,0.42563692143524073,42.18511047951047,Mid Value,0,1,Deal Hunter
972,47,Male,Sunglasses,Accessories,67,Indiana,M,Cyan,Summer,4.3,Yes,Next Day Air,Yes,Yes,15,Credit Card,Weekly,1.0,1072,1,16,0.0,52,1,0.7619047619047619,64.13266974199065,High Value,0,1,Deal Hunter
973,61,Male,Sneakers,Footwear,61,Colorado,L,Gold,Winter,3.0,Yes,Standard,Yes,Yes,33,Credit Card,Weekly,1.0,2074,0,34,0.0,52,1,0.8843537414965985,76.14575017906043,High Value,0,1,Deal Hunter
974,60,Male,Jacket,Outerwear,75,Colorado,M,Teal,Fall,3.5,Yes,2-Day Shipping,Yes,Yes,30,Bank Transfer,Quarterly,1.0,2325,0,31,0.0,4,1,0.550220088035214,60.15772666568363,High Value,0,0,Deal Hunter
975,69,Male,Skirt,Clothing,90,North Carolina,M,Beige,Spring,3.6,Yes,2-Day Shipping,Yes,Yes,23,Bank Transfer,Monthly,1.0,2160,0,24,0.0,12,1,0.5548886221155128,59.43004764559093,High Value,0,1,Deal Hunter
976,58,Male,Sweater,Clothing,40,Washington,M,Olive,Summer,3.8,Yes,2-Day Shipping,Yes,Yes,2,Bank Transfer,Weekly,1.0,120,0,3,0.0,52,1,0.673469387755102,53.61466867340374,High Value,0,1,Deal Hunter
977,34,Male,T-shirt,Clothing,90,Florida,M,Gray,Fall,3.6,Yes,Express,Yes,Yes,50,Credit Card,Every 3 Months,1.0,4590,0,51,0.0,4,1,0.6862745098039216,80.60875430256942,High Value,0,0,Deal Hunter
978,20,Male,Belt,Accessories,20,Washington,M,Black,Spring,4.6,Yes,Express,Yes,Yes,34,Cash,Bi-Weekly,1.0,700,1,35,0.0,26,1,0.7212218220621581,59.815262839084596,High Value,0,1,Deal Hunter
979,56,Male,Gloves,Accessories,40,Colorado,M,Turquoise,Summer,2.5,Yes,Standard,Yes,Yes,33,Credit Card,Weekly,1.0,1360,0,34,0.0,52,1,0.8843537414965985,71.94086173152382,High Value,0,1,Deal Hunter
980,64,Male,Hat,Accessories,33,New Hampshire,S,Brown,Fall,3.5,Yes,Store Pickup,Yes,Yes,34,Debit Card,Monthly,1.0,1155,0,35,0.0,12,1,0.6297185540883019,57.4229970569523,High Value,0,1,Deal Hunter
981,56,Male,Boots,Footwear,98,Maryland,S,Magenta,Spring,4.0,Yes,Free Shipping,Yes,Yes,39,PayPal,Every 3 Months,1.0,3920,1,40,0.0,4,1,0.6114445778311324,73.04008486585714,High Value,0,0,Deal Hunter
982,27,Male,Belt,Accessories,42,Maryland,M,Silver,Spring,3.5,Yes,Next Day Air,Yes,Yes,47,Credit Card,Quarterly,1.0,2016,0,48,0.0,4,1,0.6658663465386154,64.38315615996558,High Value,0,0,Deal Hunter
983,35,Male,Coat,Outerwear,62,Texas,S,Red,Summer,3.2,Yes,Standard,Yes,Yes,37,PayPal,Monthly,1.0,2356,0,38,0.0,12,1,0.650126717353608,65.56272427733238,High Value,0,1,Deal Hunter
984,24,Male,Hat,Accessories,45,New Mexico,L,Indigo,Winter,3.5,Yes,Free Shipping,Yes,Yes,40,Venmo,Bi-Weekly,1.0,1845,0,41,0.0,26,1,0.7620381485927703,68.40330435256631,High Value,0,1,Deal Hunter
985,26,Male,Shoes,Footwear,78,Utah,M,Green,Summer,3.4,Yes,Free Shipping,Yes,Yes,8,Credit Card,Bi-Weekly,1.0,702,0,9,0.0,26,1,0.5443510737628384,50.292764108812825,High Value,0,1,Deal Hunter
986,32,Male,Handbag,Accessories,80,West Virginia,M,Gray,Fall,5.0,Yes,Express,Yes,Yes,12,Bank Transfer,Annually,1.0,1040,1,13,0.0,1,1,0.40816326530612246,45.453039394801806,High Value,0,0,Deal Hunter
987,54,Male,Scarf,Accessories,96,Connecticut,S,Peach,Spring,4.5,Yes,Store Pickup,Yes,Yes,36,Bank Transfer,Monthly,1.0,3552,1,37,0.0,12,1,0.6433239962651727,72.53929649697352,High Value,0,1,Deal Hunter
988,62,Male,Handbag,Accessories,47,West Virginia,M,Charcoal,Summer,2.8,Yes,Express,Yes,Yes,48,PayPal,Weekly,1.0,2303,0,49,0.0,52,1,0.9863945578231292,82.8283699322613,High Value,0,1,Deal Hunter
989,50,Male,Pants,Clothing,84,Ohio,M,Orange,Winter,4.9,Yes,2-Day Shipping,Yes,Yes,47,PayPal,Fortnightly,1.0,4032,1,48,0.0,24,1,0.7965853007869814,83.3775606693259,High Value,0,1,Deal Hunter
990,70,Male,Shoes,Footwear,31,Texas,M,Beige,Spring,3.1,Yes,Store Pickup,Yes,Yes,2,Bank Transfer,Monthly,1.0,93,0,3,0.0,12,1,0.41203147925836997,39.78948197321347,Mid Value,0,1,Deal Hunter
991,48,Male,Sunglasses,Accessories,63,Washington,S,Yellow,Spring,4.8,Yes,Store Pickup,Yes,Yes,24,Cash,Weekly,1.0,1575,1,25,0.0,52,1,0.8231292517006803,70.29533293343412,High Value,0,1,Deal Hunter
992,20,Male,Shorts,Clothing,97,Wisconsin,XL,White,Spring,2.7,Yes,Standard,Yes,Yes,40,Bank Transfer,Bi-Weekly,1.0,3977,0,41,0.0,26,1,0.7620381485927703,80.95907770011262,High Value,0,1,Deal Hunter
993,46,Male,Jacket,Outerwear,99,Louisiana,M,Gray,Winter,4.6,Yes,Express,Yes,Yes,50,Debit Card,Weekly,1.0,5049,1,51,0.0,52,1,1.0,100.0,High Value,0,1,Deal Hunter
994,51,Male,Sandals,Footwear,90,Iowa,M,Peach,Winter,4.4,Yes,Store Pickup,Yes,Yes,25,Cash,Weekly,1.0,2340,1,26,0.0,52,1,0.8299319727891157,75.15617009354449,High Value,0,1,Deal Hunter
995,53,Male,Shoes,Footwear,68,New York,L,Violet,Fall,3.2,Yes,Express,Yes,Yes,20,Debit Card,Monthly,1.0,1428,0,21,0.0,12,1,0.5344804588502067,54.052354993690784,High Value,0,1,Deal Hunter
996,44,Male,Jewelry,Accessories,80,Idaho,M,Magenta,Spring,3.0,Yes,2-Day Shipping,Yes,Yes,10,Venmo,Weekly,1.0,880,0,11,0.0,52,1,0.727891156462585,60.93525660023042,High Value,0,1,Deal Hunter
997,29,Male,Sandals,Footwear,91,Delaware,L,Maroon,Summer,4.9,Yes,Standard,Yes,Yes,32,Bank Transfer,Quarterly,1.0,3003,1,33,0.0,4,1,0.5638255302120848,65.15049215428266,High Value,0,0,Deal Hunter
998,64,Male,Pants,Clothing,30,Kentucky,M,Cyan,Spring,3.6,Yes,Express,Yes,Yes,31,Cash,Fortnightly,1.0,960,0,32,0.0,24,1,0.6877417633720155,59.307658034019774,High Value,0,1,Deal Hunter
999,51,Male,Shoes,Footwear,90,Connecticut,M,White,Spring,3.8,Yes,Next Day Air,Yes,Yes,48,Bank Transfer,Bi-Weekly,1.0,4410,0,49,0.0,26,1,0.8164599173002534,86.35389738836159,High Value,0,1,Deal Hunter
1000,50,Male,Socks,Clothing,28,New Mexico,L,Brown,Spring,2.9,Yes,Standard,Yes,Yes,23,Debit Card,Monthly,1.0,672,0,24,0.0,12,1,0.5548886221155128,50.666918780136484,High Value,0,1,Deal Hunter
1001,43,Male,Socks,Clothing,46,Georgia,M,Red,Winter,3.9,Yes,Express,Yes,Yes,1,Bank Transfer,Bi-Weekly,1.0,92,0,2,0.0,26,1,0.4967320261437908,44.21115564568895,High Value,0,1,Deal Hunter
1002,61,Male,Dress,Clothing,60,Washington,M,Orange,Fall,3.6,Yes,Standard,Yes,Yes,4,Debit Card,Fortnightly,1.0,300,0,5,0.0,24,1,0.5040682939842603,45.81959884058377,High Value,0,1,Deal Hunter
1003,55,Male,Shoes,Footwear,59,North Dakota,M,White,Spring,3.5,Yes,Store Pickup,Yes,Yes,3,Bank Transfer,Bi-Weekly,1.0,236,0,4,0.0,26,1,0.5103374683206615,45.77039945010334,High Value,0,1,Deal Hunter
1004,56,Male,Hat,Accessories,68,Ohio,M,Green,Fall,4.0,Yes,Store Pickup,Yes,Yes,3,Cash,Bi-Weekly,1.0,272,1,4,0.0,26,1,0.5103374683206615,46.271099780123784,High Value,0,1,Deal Hunter
1005,33,Male,Backpack,Accessories,79,Tennessee,M,Black,Summer,4.8,Yes,2-Day Shipping,Yes,Yes,44,Cash,Annually,1.0,3555,1,45,0.0,1,1,0.6258503401360545,71.64356136127272,High Value,0,0,Deal Hunter
1006,43,Male,Backpack,Accessories,94,New York,M,Gold,Winter,3.9,Yes,Store Pickup,Yes,Yes,5,Debit Card,Bi-Weekly,1.0,564,0,6,0.0,26,1,0.5239429104975323,48.41325596368683,High Value,0,1,Deal Hunter
1007,21,Male,Pants,Clothing,83,Michigan,S,Lavender,Summer,4.5,Yes,Next Day Air,Yes,Yes,50,Venmo,Quarterly,1.0,4233,1,51,0.0,4,1,0.6862745098039216,78.79499922659284,High Value,0,0,Deal Hunter
1008,58,Male,Gloves,Accessories,62,Georgia,XL,Turquoise,Spring,4.8,Yes,Standard,Yes,Yes,2,Credit Card,Annually,1.0,186,1,3,0.0,1,1,0.3401360544217687,36.867667638878444,Mid Value,0,0,Deal Hunter
1009,41,Male,Scarf,Accessories,85,New Mexico,M,Pink,Spring,2.6,Yes,Store Pickup,Yes,Yes,29,PayPal,Annually,1.0,2550,0,30,0.0,1,1,0.5238095238095237,60.1022336433496,High Value,0,0,Deal Hunter
1010,39,Male,Hoodie,Clothing,30,Louisiana,M,Silver,Summer,3.1,Yes,Express,Yes,Yes,11,Venmo,Annually,1.0,360,0,12,0.0,1,1,0.4013605442176871,40.804095044939785,Mid Value,0,0,Deal Hunter
1011,54,Male,Jeans,Clothing,24,South Dakota,XL,Gray,Spring,4.7,Yes,2-Day Shipping,Yes,Yes,37,Credit Card,Fortnightly,1.0,912,1,38,0.0,24,1,0.7285580899026276,61.447262832004824,High Value,0,1,Deal Hunter
1012,43,Male,Backpack,Accessories,25,Montana,L,Indigo,Spring,2.9,Yes,Next Day Air,Yes,Yes,32,Debit Card,Fortnightly,1.0,825,0,33,0.0,24,1,0.6945444844604509,58.86821563841173,High Value,0,1,Deal Hunter
1013,28,Male,Sandals,Footwear,37,New Mexico,L,Teal,Summer,3.8,Yes,Express,Yes,Yes,27,Credit Card,Annually,1.0,1036,0,28,0.0,1,1,0.5102040816326531,50.474786515230505,High Value,0,0,Deal Hunter
1014,59,Male,Belt,Accessories,69,South Carolina,XL,Green,Summer,3.8,Yes,2-Day Shipping,Yes,Yes,31,Venmo,Bi-Weekly,1.0,2208,0,32,0.0,26,1,0.7008136587968521,67.34068793362525,High Value,0,1,Deal Hunter
1015,28,Male,Shoes,Footwear,97,Ohio,M,Violet,Summer,3.0,Yes,Standard,Yes,Yes,36,Debit Card,Fortnightly,1.0,3589,0,37,0.0,24,1,0.7217553688141922,76.56836122497252,High Value,0,1,Deal Hunter
1016,68,Male,Gloves,Accessories,24,North Carolina,M,Cyan,Summer,4.1,Yes,Standard,Yes,Yes,34,Cash,Weekly,1.0,840,1,35,0.0,52,1,0.8911564625850339,69.52276667376127,High Value,0,1,Deal Hunter
1017,20,Male,Belt,Accessories,30,Idaho,XL,Blue,Summer,3.4,Yes,Express,Yes,Yes,15,Bank Transfer,Every 3 Months,1.0,480,0,16,0.0,4,1,0.44817927170868344,43.95816051021504,High Value,0,0,Deal Hunter
1018,21,Male,Jacket,Outerwear,53,Oklahoma,L,Orange,Fall,2.5,Yes,Express,Yes,Yes,14,Credit Card,Annually,1.0,795,0,15,0.0,1,1,0.42176870748299317,44.43269544345286,High Value,0,0,Deal Hunter
1019,50,Male,Dress,Clothing,70,Georgia,XL,Charcoal,Spring,4.9,Yes,Next Day Air,Yes,Yes,46,Cash,Weekly,1.0,3290,1,47,0.0,52,1,0.9727891156462585,88.21849991732475,High Value,0,1,Deal Hunter
1020,32,Male,Shirt,Clothing,76,Kentucky,S,Beige,Winter,2.8,Yes,Standard,Yes,Yes,33,Venmo,Bi-Weekly,1.0,2584,0,34,0.0,26,1,0.7144191009737227,70.26622602351372,High Value,0,1,Deal Hunter
1021,24,Male,Scarf,Accessories,95,Delaware,M,Black,Fall,4.5,Yes,Express,Yes,Yes,41,Debit Card,Annually,1.0,3990,1,42,0.0,1,1,0.6054421768707483,73.13856453328745,High Value,0,0,Deal Hunter
1022,55,Male,Coat,Outerwear,51,Massachusetts,S,Lavender,Winter,4.9,Yes,2-Day Shipping,Yes,Yes,39,PayPal,Weekly,1.0,2040,1,40,0.0,52,1,0.9251700680272108,78.36780377013446,High Value,0,1,Deal Hunter
1023,61,Male,Handbag,Accessories,41,Nebraska,M,Lavender,Winter,4.9,Yes,Store Pickup,Yes,Yes,7,Cash,Annually,1.0,328,1,8,0.0,1,1,0.37414965986394555,39.48193165752929,Mid Value,0,0,Deal Hunter
1024,61,Male,Sunglasses,Accessories,71,Maine,S,Turquoise,Winter,3.5,Yes,Free Shipping,Yes,Yes,29,Bank Transfer,Every 3 Months,1.0,2130,0,30,0.0,4,1,0.5434173669467787,58.653733224194916,High Value,0,0,Deal Hunter
1025,28,Male,T-shirt,Clothing,66,Pennsylvania,M,Purple,Summer,3.5,Yes,Free Shipping,Yes,Yes,18,Venmo,Quarterly,1.0,1254,0,19,0.0,4,1,0.4685874349739896,49.58319954138204,High Value,0,0,Deal Hunter
1026,60,Male,Shirt,Clothing,84,Nebraska,M,Olive,Winter,4.9,Yes,Free Shipping,Yes,Yes,15,Credit Card,Annually,1.0,1344,1,16,0.0,1,1,0.42857142857142855,48.31015465798252,High Value,0,0,Deal Hunter
1027,49,Male,Handbag,Accessories,95,Virginia,L,Turquoise,Winter,3.0,Yes,Express,Yes,Yes,39,PayPal,Bi-Weekly,1.0,3800,0,40,0.0,26,1,0.7552354275043349,79.56108984973827,High Value,0,1,Deal Hunter
1028,33,Male,Jewelry,Accessories,90,Ohio,L,Teal,Summer,2.8,Yes,Next Day Air,Yes,Yes,11,Cash,Monthly,1.0,1080,0,12,0.0,12,1,0.47325596905428835,48.80251772573217,High Value,0,1,Deal Hunter
1029,45,Male,Hoodie,Clothing,36,Nebraska,S,Lavender,Summer,3.7,Yes,Standard,Yes,Yes,4,Cash,Fortnightly,1.0,180,0,5,0.0,24,1,0.5040682939842603,45.11289489982131,High Value,0,1,Deal Hunter
1030,29,Male,Gloves,Accessories,22,Ohio,M,Purple,Spring,3.6,Yes,2-Day Shipping,Yes,Yes,33,Venmo,Bi-Weekly,1.0,748,0,34,0.0,26,1,0.7144191009737227,59.453655729848144,High Value,0,1,Deal Hunter
1031,58,Male,Coat,Outerwear,89,Kentucky,L,Blue,Winter,3.3,Yes,Next Day Air,Yes,Yes,37,Debit Card,Quarterly,1.0,3382,0,38,0.0,4,1,0.5978391356542616,68.87180730814764,High Value,0,0,Deal Hunter
1032,22,Male,Sandals,Footwear,50,Tennessee,M,Teal,Spring,3.4,Yes,Free Shipping,Yes,Yes,32,Cash,Quarterly,1.0,1650,0,33,0.0,4,1,0.5638255302120848,56.89371607439425,High Value,0,0,Deal Hunter
1033,55,Male,Boots,Footwear,36,Maine,M,Lavender,Fall,4.0,Yes,Free Shipping,Yes,Yes,44,Credit Card,Quarterly,1.0,1620,1,45,0.0,4,1,0.6454581832733093,61.27292368999201,High Value,0,0,Deal Hunter
1034,19,Male,Pants,Clothing,52,Montana,S,Silver,Spring,4.6,Yes,Free Shipping,Yes,Yes,41,Bank Transfer,Quarterly,1.0,2184,1,42,0.0,4,1,0.6250500200080031,63.52763359832638,High Value,0,0,Deal Hunter
1035,68,Male,Socks,Clothing,29,Maryland,M,Olive,Fall,4.2,Yes,Next Day Air,Yes,Yes,44,Bank Transfer,Weekly,1.0,1305,1,45,0.0,52,1,0.9591836734693877,75.81723982171302,High Value,0,1,Deal Hunter
1036,61,Male,Blouse,Clothing,89,Georgia,M,Brown,Fall,2.8,Yes,Express,Yes,Yes,32,Venmo,Annually,1.0,2937,0,33,0.0,1,1,0.5442176870748299,63.4481524655577,High Value,0,0,Deal Hunter
1037,68,Male,Handbag,Accessories,47,Hawaii,M,Yellow,Fall,3.7,Yes,2-Day Shipping,Yes,Yes,13,Bank Transfer,Monthly,1.0,658,0,14,0.0,12,1,0.4868614112311591,47.028474609550315,High Value,0,1,Deal Hunter
1038,52,Male,Jewelry,Accessories,25,Rhode Island,XL,Brown,Spring,3.4,Yes,Standard,Yes,Yes,48,Debit Card,Quarterly,1.0,1225,0,49,0.0,4,1,0.6726690676270508,60.08039888818944,High Value,0,0,Deal Hunter
1039,41,Male,Pants,Clothing,74,Nebraska,XL,Cyan,Fall,3.0,Yes,Express,Yes,Yes,3,Bank Transfer,Weekly,1.0,296,0,4,0.0,52,1,0.6802721088435374,55.006767324271735,High Value,0,1,Deal Hunter
1040,29,Male,Belt,Accessories,46,Michigan,M,Magenta,Fall,4.8,Yes,Standard,Yes,Yes,39,Venmo,Monthly,1.0,1840,1,40,0.0,12,1,0.6637321595304788,63.52378555534499,High Value,0,1,Deal Hunter
1041,68,Male,Jeans,Clothing,22,North Carolina,S,Magenta,Fall,4.0,Yes,Next Day Air,Yes,Yes,7,Cash,Fortnightly,1.0,176,1,8,0.0,24,1,0.5244764572495665,46.44482586283678,High Value,0,1,Deal Hunter
1042,36,Male,Shirt,Clothing,25,Minnesota,M,Orange,Summer,4.9,Yes,Next Day Air,Yes,Yes,11,Cash,Fortnightly,1.0,300,1,12,0.0,24,1,0.5516873416033079,48.59748475262353,High Value,0,1,Deal Hunter
1043,55,Male,Belt,Accessories,80,Maryland,M,Maroon,Spring,4.9,Yes,Next Day Air,Yes,Yes,47,Credit Card,Weekly,1.0,3840,1,48,0.0,52,1,0.9795918367346939,91.81315918356908,High Value,0,1,Deal Hunter
1044,28,Male,Jeans,Clothing,76,Hawaii,M,Green,Spring,3.3,Yes,2-Day Shipping,Yes,Yes,28,Debit Card,Fortnightly,1.0,2204,0,29,0.0,24,1,0.6673336001067094,65.56702360667475,High Value,0,1,Deal Hunter
1045,39,Male,Jeans,Clothing,30,Oregon,L,Teal,Summer,4.4,Yes,Next Day Air,Yes,Yes,17,Bank Transfer,Every 3 Months,1.0,540,1,18,0.0,4,1,0.4617847138855542,45.31140070388742,High Value,0,0,Deal Hunter
1046,54,Male,Sweater,Clothing,79,New Mexico,L,Black,Fall,3.5,Yes,2-Day Shipping,Yes,Yes,11,PayPal,Bi-Weekly,1.0,948,0,12,0.0,26,1,0.5647592370281446,52.80830580062502,High Value,0,1,Deal Hunter
1047,40,Male,Sneakers,Footwear,22,Illinois,M,Magenta,Winter,4.2,Yes,Standard,Yes,Yes,12,Venmo,Annually,1.0,286,1,13,0.0,1,1,0.40816326530612246,41.01258296701104,Mid Value,0,0,Deal Hunter
1048,31,Male,Socks,Clothing,36,Utah,S,Olive,Fall,4.2,Yes,Standard,Yes,Yes,7,Credit Card,Fortnightly,1.0,288,1,8,0.0,24,1,0.5244764572495665,47.104416207548404,High Value,0,1,Deal Hunter
1049,30,Male,Socks,Clothing,77,Maine,L,Yellow,Fall,2.7,Yes,Standard,Yes,Yes,19,Venmo,Fortnightly,1.0,1540,0,20,0.0,24,1,0.606109110310791,58.45619929470831,High Value,0,1,Deal Hunter
1050,45,Male,Sunglasses,Accessories,33,Virginia,S,Purple,Fall,2.8,Yes,Store Pickup,Yes,Yes,24,Cash,Quarterly,1.0,825,0,25,0.0,4,1,0.5094037615046019,49.190330179654595,High Value,0,0,Deal Hunter
1051,48,Male,Sneakers,Footwear,64,Florida,M,Beige,Winter,3.8,Yes,Next Day Air,Yes,Yes,19,Venmo,Monthly,1.0,1280,0,20,0.0,12,1,0.5276777377617714,52.82515392900071,High Value,0,1,Deal Hunter
1052,45,Male,Socks,Clothing,53,Ohio,M,Indigo,Fall,2.6,Yes,Free Shipping,Yes,Yes,39,PayPal,Annually,1.0,2120,0,40,0.0,1,1,0.5918367346938775,61.12587323311469,High Value,0,0,Deal Hunter
1053,60,Male,Shoes,Footwear,36,Virginia,XL,Pink,Fall,3.0,Yes,2-Day Shipping,Yes,Yes,1,Credit Card,Fortnightly,1.0,72,0,2,0.0,24,1,0.4836601307189542,43.41006273988594,Mid Value,0,1,Deal Hunter
1054,59,Male,Blouse,Clothing,70,Kansas,M,Blue,Spring,3.3,No,2-Day Shipping,Yes,Yes,10,Debit Card,Bi-Weekly,1.0,770,0,11,0.0,26,0,0.22462318260637587,33.980051401007955,Mid Value,0,0,Deal Hunter
1055,18,Male,Shorts,Clothing,96,Arkansas,L,Cyan,Winter,4.9,No,Express,Yes,Yes,48,PayPal,Quarterly,1.0,4704,1,49,0.0,4,0,0.33933573429371744,63.43323576884966,High Value,0,0,Deal Hunter
1056,70,Male,Jacket,Outerwear,27,Massachusetts,M,Orange,Spring,3.3,No,Next Day Air,Yes,Yes,24,Debit Card,Annually,1.0,675,0,25,0.0,1,0,0.1564625850340136,29.857609530451253,Mid Value,0,0,Deal Hunter
1057,20,Male,Sweater,Clothing,64,Idaho,L,Black,Winter,2.9,No,2-Day Shipping,Yes,Yes,42,Venmo,Fortnightly,1.0,2752,0,43,0.0,24,0,0.42923836201147125,56.34832111491635,High Value,0,0,Deal Hunter
1058,65,Male,Jacket,Outerwear,23,Wisconsin,S,Maroon,Spring,4.4,No,2-Day Shipping,Yes,Yes,20,Credit Card,Weekly,1.0,483,1,21,0.0,52,0,0.4625850340136054,45.017551571760514,High Value,0,0,Deal Hunter
1059,29,Male,Scarf,Accessories,33,New Mexico,L,Violet,Summer,3.1,No,Next Day Air,Yes,Yes,49,Bank Transfer,Every 3 Months,1.0,1650,0,50,0.0,4,0,0.3461384553821528,45.514530866403156,High Value,0,0,Deal Hunter
1060,22,Male,Jacket,Outerwear,34,North Carolina,M,Beige,Winter,2.5,No,Standard,Yes,Yes,25,Debit Card,Monthly,1.0,884,0,26,0.0,12,0,0.23516073095905027,35.202250801246564,Mid Value,0,0,Deal Hunter
1061,27,Male,Sweater,Clothing,35,Iowa,S,Gray,Summer,2.6,No,Next Day Air,Yes,Yes,21,Debit Card,Every 3 Months,1.0,770,0,22,0.0,4,0,0.15566226490596236,30.3752482438196,Mid Value,0,0,Deal Hunter
1062,36,Male,Coat,Outerwear,62,Idaho,M,Gray,Summer,4.4,No,Free Shipping,Yes,Yes,12,Venmo,Every 3 Months,1.0,806,1,13,0.0,4,0,0.09443777511004402,27.675552734092555,Mid Value,0,0,Deal Hunter
1063,59,Male,Boots,Footwear,75,Ohio,M,Brown,Fall,2.6,No,Next Day Air,Yes,Yes,21,Debit Card,Every 3 Months,1.0,1650,0,22,0.0,4,0,0.15566226490596236,35.557743809410944,Mid Value,0,0,Deal Hunter
1064,62,Male,Hoodie,Clothing,29,Alabama,S,Indigo,Summer,3.3,No,Free Shipping,Yes,Yes,35,Cash,Monthly,1.0,1044,0,36,0.0,12,0,0.30318794184340403,39.70051809976039,Mid Value,0,0,Deal Hunter
1065,34,Male,Hat,Accessories,28,Wyoming,M,Violet,Spring,3.5,No,Express,Yes,Yes,42,Credit Card,Every 3 Months,1.0,1204,0,43,0.0,4,0,0.2985194077631052,40.3987511223213,Mid Value,0,0,Deal Hunter
1066,59,Male,T-shirt,Clothing,20,Alabama,XL,Blue,Spring,4.1,No,Store Pickup,Yes,Yes,3,PayPal,Every 3 Months,1.0,80,1,4,0.0,4,0,0.03321328531412565,20.199598052732203,Low Value,0,0,At Risk
1067,49,Male,Coat,Outerwear,96,Mississippi,M,Red,Winter,4.0,No,Store Pickup,Yes,Yes,11,PayPal,Bi-Weekly,1.0,1152,1,12,0.0,26,0,0.23142590369481122,36.874014297976544,Mid Value,0,0,Deal Hunter
1068,18,Male,Dress,Clothing,43,Pennsylvania,S,Peach,Summer,2.7,No,2-Day Shipping,Yes,Yes,22,PayPal,Quarterly,1.0,989,0,23,0.0,4,0,0.16246498599439774,32.020582473460806,Mid Value,0,0,Deal Hunter
1069,55,Male,Shirt,Clothing,94,Wyoming,M,Olive,Fall,2.5,No,Standard,Yes,Yes,47,Credit Card,Weekly,1.0,4512,0,48,0.0,52,0,0.6462585034013606,78.05763475431075,High Value,0,0,Deal Hunter
1070,38,Male,Skirt,Clothing,81,Maryland,XL,White,Fall,4.3,No,Next Day Air,Yes,Yes,33,Venmo,Every 3 Months,1.0,2754,1,34,0.0,4,0,0.23729491796718682,46.61530366521392,High Value,0,0,Deal Hunter
1071,50,Male,Jewelry,Accessories,75,North Carolina,M,Magenta,Summer,3.3,No,Free Shipping,Yes,Yes,50,Debit Card,Weekly,1.0,3825,0,51,0.0,52,0,0.6666666666666666,75.07855330669486,High Value,0,0,Deal Hunter
1072,61,Male,Hat,Accessories,81,Pennsylvania,M,Beige,Summer,2.6,No,Express,Yes,Yes,46,Credit Card,Monthly,1.0,3807,0,47,0.0,12,0,0.3780178738161931,59.88397125106288,High Value,0,0,Deal Hunter
1073,48,Male,Shorts,Clothing,92,Idaho,L,Gold,Fall,3.8,No,Express,Yes,Yes,34,Debit Card,Fortnightly,1.0,3220,0,35,0.0,24,0,0.3748165933039882,56.259670181892155,High Value,0,0,Deal Hunter
1074,22,Male,Scarf,Accessories,96,California,XL,Purple,Spring,4.0,No,Store Pickup,Yes,Yes,33,Credit Card,Monthly,1.0,3264,1,34,0.0,12,0,0.28958249966653327,52.3520310761581,High Value,0,0,Deal Hunter
1075,48,Male,Jewelry,Accessories,71,Tennessee,S,White,Fall,2.6,No,Standard,Yes,Yes,45,Bank Transfer,Fortnightly,1.0,3266,0,46,0.0,24,0,0.4496465252767774,60.442168274431374,High Value,0,0,Deal Hunter
1076,57,Male,Sunglasses,Accessories,50,Missouri,L,Indigo,Summer,4.9,No,Next Day Air,Yes,Yes,32,Debit Card,Bi-Weekly,1.0,1650,1,33,0.0,26,0,0.3742830465519541,47.2744259448849,High Value,0,0,Deal Hunter
1077,33,Male,Coat,Outerwear,72,North Dakota,L,Charcoal,Spring,2.9,No,Standard,Yes,Yes,47,Venmo,Bi-Weekly,1.0,3456,0,48,0.0,26,0,0.4763238628784847,62.95562417181397,High Value,0,0,Deal Hunter
1078,58,Male,Jacket,Outerwear,28,West Virginia,M,Pink,Winter,3.7,No,Standard,Yes,Yes,5,PayPal,Quarterly,1.0,168,0,6,0.0,4,0,0.046818727490996394,21.140357536999066,Low Value,0,0,At Risk
1079,37,Male,Sweater,Clothing,59,Arizona,M,Silver,Fall,4.4,No,Express,Yes,Yes,49,Credit Card,Fortnightly,1.0,2950,1,50,0.0,24,0,0.4768574096305188,60.29226852921417,High Value,0,0,Deal Hunter
1080,18,Male,Coat,Outerwear,33,Oklahoma,S,Blue,Summer,4.4,No,Free Shipping,Yes,Yes,48,Bank Transfer,Monthly,1.0,1617,1,49,0.0,12,0,0.3916233159930639,47.98651255543921,High Value,0,0,Deal Hunter
1081,65,Male,Scarf,Accessories,59,Pennsylvania,L,Blue,Fall,3.8,No,Express,Yes,Yes,22,Cash,Every 3 Months,1.0,1357,0,23,0.0,4,0,0.16246498599439774,34.187807891799,Mid Value,0,0,Deal Hunter
1082,62,Male,Belt,Accessories,30,Idaho,XL,Brown,Spring,4.5,No,Standard,Yes,Yes,45,Credit Card,Annually,1.0,1380,1,46,0.0,1,0,0.29931972789115646,41.76577462296655,Mid Value,0,0,Deal Hunter
1083,54,Male,Hat,Accessories,85,South Carolina,XL,Cyan,Winter,2.6,No,Next Day Air,Yes,Yes,30,Venmo,Quarterly,1.0,2635,0,31,0.0,4,0,0.21688675470188074,44.55900116291694,High Value,0,0,Deal Hunter
1084,35,Male,Backpack,Accessories,97,Washington,L,Teal,Summer,3.3,No,Store Pickup,Yes,Yes,43,Cash,Weekly,1.0,4268,0,44,0.0,52,0,0.6190476190476191,75.19827192376154,High Value,0,0,Deal Hunter
1085,34,Male,T-shirt,Clothing,36,Arkansas,S,Purple,Fall,4.1,No,Next Day Air,Yes,Yes,48,Cash,Quarterly,1.0,1764,1,49,0.0,4,0,0.33933573429371744,46.11898922016948,High Value,0,0,Deal Hunter
1086,25,Male,Jewelry,Accessories,85,Utah,M,Turquoise,Winter,3.0,No,Store Pickup,Yes,Yes,23,Venmo,Fortnightly,1.0,2040,0,24,0.0,24,0,0.2999866613311991,45.39881984914773,High Value,0,0,Deal Hunter
1087,53,Male,Sunglasses,Accessories,62,Alaska,M,Olive,Winter,3.0,No,Free Shipping,Yes,Yes,27,PayPal,Bi-Weekly,1.0,1736,0,28,0.0,26,0,0.3402694411097772,45.714210265891,High Value,0,0,Deal Hunter
1088,45,Male,Jeans,Clothing,71,West Virginia,S,White,Winter,3.4,No,Next Day Air,Yes,Yes,7,Bank Transfer,Monthly,1.0,568,0,8,0.0,12,0,0.11271175136721354,26.94047207774377,Mid Value,0,0,Deal Hunter
1089,49,Male,Pants,Clothing,21,Louisiana,M,Turquoise,Winter,2.7,No,Free Shipping,Yes,Yes,2,PayPal,Weekly,1.0,63,0,3,0.0,52,0,0.3401360544217687,35.85460695180521,Mid Value,0,0,Deal Hunter
1090,40,Male,Backpack,Accessories,61,Arizona,M,Silver,Spring,3.8,No,Next Day Air,Yes,Yes,33,PayPal,Bi-Weekly,1.0,2074,0,34,0.0,26,0,0.38108576764038943,49.838356925536914,High Value,0,0,Deal Hunter
1091,38,Male,Scarf,Accessories,58,Connecticut,M,Violet,Spring,4.2,No,Store Pickup,Yes,Yes,27,Cash,Fortnightly,1.0,1624,1,28,0.0,24,0,0.32719754568494064,44.66000015329515,High Value,0,0,Deal Hunter
1092,44,Male,Sweater,Clothing,80,North Carolina,L,Lavender,Spring,4.7,No,Store Pickup,Yes,Yes,6,Credit Card,Fortnightly,1.0,560,1,7,0.0,24,0,0.1843404028277978,30.92630158579055,Mid Value,0,0,Deal Hunter
1093,68,Male,Jewelry,Accessories,50,South Dakota,L,Magenta,Spring,4.1,No,2-Day Shipping,Yes,Yes,20,Venmo,Quarterly,1.0,1050,1,21,0.0,4,0,0.14885954381752697,31.95731371564065,Mid Value,0,0,Deal Hunter
1094,60,Male,Sneakers,Footwear,48,Delaware,S,Indigo,Winter,4.2,No,2-Day Shipping,Yes,Yes,46,Venmo,Every 3 Months,1.0,2256,1,47,0.0,4,0,0.32573029211684673,48.30527630179611,High Value,0,0,Deal Hunter
1095,25,Male,Jewelry,Accessories,40,Connecticut,M,Black,Winter,4.8,No,Next Day Air,Yes,Yes,25,Cash,Quarterly,1.0,1040,1,26,0.0,4,0,0.18287314925970388,33.676419409325725,Mid Value,0,0,Deal Hunter
1096,19,Male,Coat,Outerwear,34,Tennessee,S,Peach,Summer,3.0,No,Free Shipping,Yes,Yes,30,Bank Transfer,Quarterly,1.0,1054,0,31,0.0,4,0,0.21688675470188074,35.24817674337157,Mid Value,0,0,Deal Hunter
1097,57,Male,Coat,Outerwear,46,New Hampshire,S,Beige,Fall,2.6,No,Standard,Yes,Yes,48,Credit Card,Annually,1.0,2254,0,49,0.0,1,0,0.31972789115646255,47.691044456977224,High Value,0,0,Deal Hunter
1098,58,Male,Sunglasses,Accessories,27,Vermont,M,Black,Summer,3.2,No,Store Pickup,Yes,Yes,47,Bank Transfer,Weekly,1.0,1296,0,48,0.0,52,0,0.6462585034013606,59.11796914187693,High Value,0,0,Deal Hunter
1099,49,Male,Handbag,Accessories,98,Idaho,S,Turquoise,Spring,3.6,No,Next Day Air,Yes,Yes,27,Credit Card,Weekly,1.0,2744,0,28,0.0,52,0,0.5102040816326531,60.533539272082805,High Value,0,0,Deal Hunter
1100,19,Male,Sweater,Clothing,73,North Carolina,M,Peach,Fall,2.6,No,Next Day Air,Yes,Yes,45,Bank Transfer,Fortnightly,1.0,3358,0,46,0.0,24,0,0.4496465252767774,60.983974629015925,High Value,0,0,Deal Hunter
1101,50,Male,Pants,Clothing,28,Nevada,L,Gold,Spring,4.4,No,Express,Yes,Yes,2,Credit Card,Weekly,1.0,84,1,3,0.0,52,0,0.3401360544217687,36.26696928923035,Mid Value,0,0,Deal Hunter
1102,30,Male,Gloves,Accessories,76,Delaware,XL,Silver,Fall,3.0,No,Free Shipping,Yes,Yes,39,Cash,Fortnightly,1.0,3040,0,40,0.0,24,0,0.4088301987461651,56.97761195949709,High Value,0,0,Deal Hunter
1103,52,Male,Sweater,Clothing,83,Texas,M,Peach,Fall,2.9,No,Express,Yes,Yes,24,Cash,Fortnightly,1.0,2075,0,25,0.0,24,0,0.3067893824196345,45.96054136961983,High Value,0,0,Deal Hunter
1104,35,Male,Hoodie,Clothing,23,Tennessee,S,Charcoal,Spring,4.3,No,Free Shipping,Yes,Yes,8,Debit Card,Bi-Weekly,1.0,207,1,9,0.0,26,0,0.2110177404295051,30.241922151223033,Mid Value,0,0,Deal Hunter
1105,35,Male,Hat,Accessories,28,Delaware,M,Beige,Fall,3.1,No,Express,Yes,Yes,8,Bank Transfer,Quarterly,1.0,252,0,9,0.0,4,0,0.06722689075630252,22.701848908781948,Low Value,0,0,At Risk
1106,33,Male,T-shirt,Clothing,83,Massachusetts,S,Olive,Spring,3.0,No,Next Day Air,Yes,Yes,6,Venmo,Every 3 Months,1.0,581,0,7,0.0,4,0,0.05362144857943177,23.92819647087291,Low Value,0,0,At Risk
1107,52,Male,Skirt,Clothing,96,Minnesota,L,Violet,Winter,3.6,No,Store Pickup,Yes,Yes,12,Venmo,Fortnightly,1.0,1248,0,13,0.0,24,0,0.22515672935841002,36.82297892486858,Mid Value,0,0,Deal Hunter
1108,69,Male,Sneakers,Footwear,62,Texas,M,Peach,Fall,2.8,No,Store Pickup,Yes,Yes,26,Bank Transfer,Weekly,1.0,1674,0,27,0.0,52,0,0.5034013605442177,53.87649626253451,High Value,0,0,Deal Hunter
1109,27,Male,Shorts,Clothing,25,Nebraska,M,Teal,Fall,2.8,No,Standard,Yes,Yes,50,Cash,Fortnightly,1.0,1275,0,51,0.0,24,0,0.4836601307189542,50.49476974602957,High Value,0,0,Deal Hunter
1110,66,Male,Hoodie,Clothing,97,Oklahoma,L,Violet,Winter,3.8,No,Next Day Air,Yes,Yes,2,Venmo,Weekly,1.0,291,0,3,0.0,52,0,0.3401360544217687,37.19734443925388,Mid Value,0,0,Deal Hunter
1111,28,Male,Hoodie,Clothing,61,Texas,L,Cyan,Fall,3.0,No,Standard,Yes,Yes,31,Cash,Bi-Weekly,1.0,1952,0,32,0.0,26,0,0.3674803254635187,48.408675510262306,High Value,0,0,Deal Hunter
1112,22,Male,Shoes,Footwear,66,New York,S,Olive,Summer,4.1,No,Next Day Air,Yes,Yes,4,Credit Card,Bi-Weekly,1.0,330,1,5,0.0,26,0,0.1838068560757636,29.54389553950566,Mid Value,0,0,Deal Hunter
1113,69,Male,Hoodie,Clothing,67,Washington,XL,Pink,Spring,4.6,No,Free Shipping,Yes,Yes,32,PayPal,Quarterly,1.0,2211,1,33,0.0,4,0,0.2304921968787515,43.06186879551408,Mid Value,0,0,Deal Hunter
1114,28,Male,Sunglasses,Accessories,80,Maryland,M,Purple,Summer,4.8,No,Next Day Air,Yes,Yes,11,PayPal,Bi-Weekly,1.0,960,1,12,0.0,26,0,0.23142590369481122,35.74328799275661,Mid Value,0,0,Deal Hunter
1115,55,Male,Skirt,Clothing,25,New Hampshire,L,Violet,Fall,2.6,No,Next Day Air,Yes,Yes,47,Bank Transfer,Every 3 Months,1.0,1200,0,48,0.0,4,0,0.3325330132052821,42.1531920130445,Mid Value,0,0,Deal Hunter
1116,30,Male,Hat,Accessories,58,New York,S,Peach,Fall,4.0,No,2-Day Shipping,Yes,Yes,37,Cash,Weekly,1.0,2204,1,38,0.0,52,0,0.5782312925170068,61.198056063940676,High Value,0,0,Deal Hunter
1117,67,Male,Backpack,Accessories,96,Hawaii,M,Charcoal,Winter,4.2,No,Express,Yes,Yes,39,PayPal,Fortnightly,1.0,3840,1,40,0.0,24,0,0.4088301987461651,61.97766071237183,High Value,0,0,Deal Hunter
1118,25,Male,Sunglasses,Accessories,77,California,L,Lavender,Spring,4.5,No,Store Pickup,Yes,Yes,24,Credit Card,Monthly,1.0,1925,1,25,0.0,12,0,0.22835800987061491,41.26599709740287,Mid Value,0,0,Deal Hunter
1119,49,Male,Belt,Accessories,65,Indiana,M,Purple,Summer,4.9,No,Standard,Yes,Yes,11,PayPal,Every 3 Months,1.0,780,1,12,0.0,4,0,0.08763505402160864,27.166834009177638,Mid Value,0,0,Deal Hunter
1120,34,Male,Jewelry,Accessories,36,Louisiana,M,Indigo,Spring,3.1,No,Standard,Yes,Yes,36,Credit Card,Weekly,1.0,1332,0,37,0.0,52,0,0.5714285714285714,55.418385408858725,High Value,0,0,Deal Hunter
1121,22,Male,Sneakers,Footwear,84,Pennsylvania,M,Magenta,Winter,4.0,No,Next Day Air,Yes,Yes,40,Debit Card,Monthly,1.0,3444,1,41,0.0,12,0,0.3372015472855808,55.90128375154983,High Value,0,0,Deal Hunter
1122,63,Male,T-shirt,Clothing,58,Florida,XL,Peach,Fall,3.2,No,Express,Yes,Yes,25,Cash,Quarterly,1.0,1508,0,26,0.0,4,0,0.18287314925970388,36.143875630507594,Mid Value,0,0,Deal Hunter
1123,70,Male,Handbag,Accessories,62,North Carolina,S,Charcoal,Spring,4.3,No,2-Day Shipping,Yes,Yes,12,Credit Card,Annually,1.0,806,1,13,0.0,1,0,0.07482993197278912,26.650589360578653,Mid Value,0,0,Deal Hunter
1124,36,Male,Hat,Accessories,67,Massachusetts,S,Purple,Fall,2.5,No,Store Pickup,Yes,Yes,38,Cash,Monthly,1.0,2613,0,39,0.0,12,0,0.32359610510871006,50.007470738478666,High Value,0,0,Deal Hunter
1125,42,Male,Sweater,Clothing,20,Iowa,M,Orange,Spring,3.8,No,Express,Yes,Yes,40,Cash,Quarterly,1.0,820,0,41,0.0,4,0,0.28491396558623444,37.426099436381996,Mid Value,0,0,Deal Hunter
1126,27,Male,Sandals,Footwear,90,North Dakota,M,Lavender,Summer,2.7,No,2-Day Shipping,Yes,Yes,10,Bank Transfer,Weekly,1.0,990,0,11,0.0,52,0,0.3945578231292517,44.15869119619296,High Value,0,0,Deal Hunter
1127,23,Male,Scarf,Accessories,58,Iowa,L,Beige,Winter,3.4,No,Standard,Yes,Yes,47,Venmo,Fortnightly,1.0,2784,0,48,0.0,24,0,0.46325196745364816,58.31477318786828,High Value,0,0,Deal Hunter
1128,50,Male,Shirt,Clothing,53,Delaware,XL,Maroon,Spring,4.8,No,Store Pickup,Yes,Yes,22,Debit Card,Monthly,1.0,1219,1,23,0.0,12,0,0.21475256769374415,36.39702317041763,Mid Value,0,0,Deal Hunter
1129,56,Male,Gloves,Accessories,30,New York,L,Charcoal,Winter,4.7,No,Next Day Air,Yes,Yes,35,Debit Card,Monthly,1.0,1080,1,36,0.0,12,0,0.30318794184340403,40.20121842978084,Mid Value,0,0,Deal Hunter
1130,37,Male,Hoodie,Clothing,65,New Hampshire,XL,White,Winter,4.7,No,Express,Yes,Yes,46,Venmo,Fortnightly,1.0,3055,1,47,0.0,24,0,0.4564492463652128,59.84383586413215,High Value,0,0,Deal Hunter
1131,67,Male,Jewelry,Accessories,41,Kentucky,M,Lavender,Summer,3.9,No,Standard,Yes,Yes,30,PayPal,Bi-Weekly,1.0,1271,0,31,0.0,26,0,0.36067760437508334,44.04253110868565,High Value,0,0,Deal Hunter
1132,67,Male,Shirt,Clothing,73,Illinois,M,Black,Spring,3.7,No,Express,Yes,Yes,20,Bank Transfer,Monthly,1.0,1533,0,21,0.0,12,0,0.2011471255168734,37.24634359212157,Mid Value,0,0,Deal Hunter
1133,50,Male,Hoodie,Clothing,98,North Carolina,S,Teal,Spring,4.3,No,Store Pickup,Yes,Yes,25,Cash,Fortnightly,1.0,2548,1,26,0.0,24,0,0.3135921035080699,49.390421421666616,High Value,0,0,Deal Hunter
1134,36,Male,Shoes,Footwear,36,Connecticut,XL,Magenta,Winter,4.1,No,2-Day Shipping,Yes,Yes,29,Cash,Weekly,1.0,1080,1,30,0.0,52,0,0.5238095238095237,51.73379951680123,High Value,0,0,Deal Hunter
1135,62,Male,T-shirt,Clothing,81,Wisconsin,M,Brown,Summer,3.8,No,Express,Yes,Yes,2,Venmo,Every 3 Months,1.0,243,0,3,0.0,4,0,0.026410564225690276,20.515248886726436,Low Value,0,0,At Risk
1136,65,Male,Skirt,Clothing,90,Massachusetts,L,Peach,Winter,3.6,No,2-Day Shipping,Yes,Yes,32,Bank Transfer,Quarterly,1.0,2970,0,33,0.0,4,0,0.2304921968787515,47.2430820730449,High Value,0,0,Deal Hunter
1137,23,Male,Handbag,Accessories,83,Illinois,S,Cyan,Summer,4.8,No,Free Shipping,Yes,Yes,37,Cash,Monthly,1.0,3154,1,38,0.0,12,0,0.3167933840202748,53.126617281458074,High Value,0,0,Deal Hunter
1138,46,Male,Shirt,Clothing,91,New Mexico,XL,Pink,Winter,2.8,No,2-Day Shipping,Yes,Yes,16,Bank Transfer,Every 3 Months,1.0,1547,0,17,0.0,4,0,0.12164865946378552,33.1731585715079,Mid Value,0,0,Deal Hunter
1139,18,Male,Pants,Clothing,36,Iowa,M,Purple,Summer,4.7,No,Express,Yes,Yes,32,Venmo,Fortnightly,1.0,1188,1,33,0.0,24,0,0.36121115112711755,43.8703068572735,High Value,0,0,Deal Hunter
1140,58,Male,Coat,Outerwear,53,Alabama,L,Purple,Spring,3.9,No,Standard,Yes,Yes,42,Debit Card,Bi-Weekly,1.0,2279,0,43,0.0,26,0,0.4423102574363078,54.24603866408694,High Value,0,0,Deal Hunter
1141,31,Male,Jeans,Clothing,39,Maryland,M,White,Winter,2.6,No,Store Pickup,Yes,Yes,6,Credit Card,Every 3 Months,1.0,273,0,7,0.0,4,0,0.05362144857943177,22.11432302291594,Low Value,0,0,At Risk
1142,39,Male,Gloves,Accessories,33,Ohio,S,Silver,Winter,4.7,No,Next Day Air,Yes,Yes,23,PayPal,Fortnightly,1.0,792,1,24,0.0,24,0,0.2999866613311991,38.3377880130099,Mid Value,0,0,Deal Hunter
1143,69,Male,T-shirt,Clothing,76,Ohio,L,Green,Spring,3.5,No,Store Pickup,Yes,Yes,27,Venmo,Bi-Weekly,1.0,2128,0,28,0.0,26,0,0.3402694411097772,48.02277647238169,High Value,0,0,Deal Hunter
1144,68,Male,Boots,Footwear,23,Nevada,L,Teal,Winter,4.4,No,Standard,Yes,Yes,43,PayPal,Quarterly,1.0,1012,1,44,0.0,4,0,0.3053221288515406,39.91231350264281,Mid Value,0,0,Deal Hunter
1145,41,Male,Jeans,Clothing,54,South Carolina,S,Indigo,Fall,4.4,No,2-Day Shipping,Yes,Yes,25,Bank Transfer,Fortnightly,1.0,1404,1,26,0.0,24,0,0.3135921035080699,42.65317718639787,Mid Value,0,0,Deal Hunter
1146,31,Male,Sneakers,Footwear,89,Nevada,L,Pink,Summer,3.0,No,Express,Yes,Yes,30,Cash,Every 3 Months,1.0,2759,0,31,0.0,4,0,0.21688675470188074,45.289261901704805,High Value,0,0,Deal Hunter
1147,48,Male,Sneakers,Footwear,38,Wisconsin,M,Indigo,Summer,4.2,No,Standard,Yes,Yes,7,Bank Transfer,Every 3 Months,1.0,304,1,8,0.0,4,0,0.06042416966786714,22.941176893154335,Low Value,0,0,At Risk
1148,59,Male,Hat,Accessories,36,Tennessee,XL,Red,Winter,4.3,No,Next Day Air,Yes,Yes,17,Debit Card,Annually,1.0,648,1,18,0.0,1,0,0.10884353741496597,27.498093527323352,Mid Value,0,0,Deal Hunter
1149,34,Male,Pants,Clothing,66,Florida,M,Violet,Spring,2.6,No,Store Pickup,Yes,Yes,10,PayPal,Fortnightly,1.0,726,0,11,0.0,24,0,0.21155128718153926,33.037617707052455,Mid Value,0,0,Deal Hunter
1150,21,Male,Jewelry,Accessories,42,Georgia,L,Cyan,Spring,3.3,No,Store Pickup,Yes,Yes,40,Venmo,Annually,1.0,1722,0,41,0.0,1,0,0.26530612244897955,41.71319401759923,Mid Value,0,0,Deal Hunter
1151,29,Male,Jewelry,Accessories,36,Kentucky,S,Red,Winter,2.7,No,Next Day Air,Yes,Yes,50,Venmo,Bi-Weekly,1.0,1836,0,51,0.0,26,0,0.4967320261437908,54.481919584769976,High Value,0,0,Deal Hunter
1152,41,Male,Blouse,Clothing,86,Ohio,M,Gray,Spring,3.8,No,Express,Yes,Yes,24,Credit Card,Weekly,1.0,2150,0,25,0.0,52,0,0.4897959183673469,55.96855615205948,High Value,0,0,Deal Hunter
1153,62,Male,Handbag,Accessories,49,Connecticut,M,Gold,Fall,4.0,No,Standard,Yes,Yes,8,PayPal,Every 3 Months,1.0,441,1,9,0.0,4,0,0.06722689075630252,24.103596763274528,Low Value,0,0,At Risk
1154,27,Male,Shirt,Clothing,41,Idaho,M,Pink,Summer,4.0,No,Free Shipping,Yes,Yes,6,Bank Transfer,Quarterly,1.0,287,1,7,0.0,4,0,0.05362144857943177,22.4854609637966,Low Value,0,0,At Risk
1155,49,Male,Dress,Clothing,82,Georgia,L,Cyan,Spring,2.9,No,2-Day Shipping,Yes,Yes,44,Credit Card,Bi-Weekly,1.0,3690,0,45,0.0,26,0,0.45591569961317857,63.26689824305159,High Value,0,0,Deal Hunter
1156,67,Male,T-shirt,Clothing,53,Tennessee,S,Red,Fall,2.6,No,Express,Yes,Yes,47,PayPal,Quarterly,1.0,2544,0,48,0.0,4,0,0.3325330132052821,50.068276149584015,High Value,0,0,Deal Hunter
1157,20,Male,Shoes,Footwear,21,Hawaii,M,Gold,Summer,4.8,No,Express,Yes,Yes,6,Venmo,Every 3 Months,1.0,147,1,7,0.0,4,0,0.05362144857943177,21.66097303290707,Low Value,0,0,At Risk
1158,37,Male,Belt,Accessories,66,Maryland,M,Charcoal,Fall,4.4,No,Standard,Yes,Yes,11,Cash,Quarterly,1.0,792,1,12,0.0,4,0,0.08763505402160864,27.237504403253883,Mid Value,0,0,Deal Hunter
1159,69,Male,Belt,Accessories,89,Nevada,L,Orange,Summer,4.0,No,2-Day Shipping,Yes,Yes,41,Bank Transfer,Annually,1.0,3738,1,42,0.0,1,0,0.27210884353741494,54.230108907949926,High Value,0,0,Deal Hunter
1160,66,Male,Handbag,Accessories,55,New Hampshire,L,Blue,Fall,3.6,No,2-Day Shipping,Yes,Yes,46,Venmo,Every 3 Months,1.0,2585,0,47,0.0,4,0,0.32573029211684673,49.9541337915948,High Value,0,0,Deal Hunter
1161,37,Male,Scarf,Accessories,42,North Dakota,S,Blue,Summer,3.2,No,Next Day Air,Yes,Yes,9,Venmo,Bi-Weekly,1.0,420,0,10,0.0,26,0,0.2178204615179405,31.5632320360344,Mid Value,0,0,Deal Hunter
1162,63,Male,Shorts,Clothing,52,Oklahoma,S,Orange,Fall,3.1,No,2-Day Shipping,Yes,Yes,37,PayPal,Monthly,1.0,1976,0,38,0.0,12,0,0.3167933840202748,45.90045111518158,High Value,0,0,Deal Hunter
1163,47,Male,Sandals,Footwear,92,North Carolina,M,Blue,Winter,4.2,No,Express,Yes,Yes,13,PayPal,Weekly,1.0,1288,1,14,0.0,52,0,0.4149659863945578,47.26916041012727,High Value,0,0,Deal Hunter
1164,26,Male,Pants,Clothing,56,Tennessee,L,White,Summer,3.0,No,2-Day Shipping,Yes,Yes,24,Debit Card,Monthly,1.0,1400,0,25,0.0,12,0,0.22835800987061491,37.88547820877541,Mid Value,0,0,Deal Hunter
1165,68,Male,Dress,Clothing,96,Montana,M,Green,Winter,4.2,No,Standard,Yes,Yes,47,PayPal,Quarterly,1.0,4608,1,48,0.0,4,0,0.3325330132052821,62.51227307848997,High Value,0,0,Deal Hunter
1166,51,Male,T-shirt,Clothing,64,Wisconsin,M,Silver,Winter,2.9,No,Next Day Air,Yes,Yes,21,Venmo,Every 3 Months,1.0,1408,0,22,0.0,4,0,0.15566226490596236,34.13255752887333,Mid Value,0,0,Deal Hunter
1167,48,Male,Dress,Clothing,48,Connecticut,S,Lavender,Winter,3.7,No,Store Pickup,Yes,Yes,22,Venmo,Fortnightly,1.0,1104,0,23,0.0,24,0,0.29318394024276373,39.53092957345085,Mid Value,0,0,Deal Hunter
1168,60,Male,Socks,Clothing,83,New Jersey,XL,Beige,Summer,3.6,No,Free Shipping,Yes,Yes,16,PayPal,Quarterly,1.0,1411,0,17,0.0,4,0,0.12164865946378552,32.372227438643776,Mid Value,0,0,Deal Hunter
1169,68,Male,Scarf,Accessories,91,Mississippi,L,Violet,Summer,3.6,No,Standard,Yes,Yes,37,Debit Card,Fortnightly,1.0,3458,0,38,0.0,24,0,0.39522475656929434,58.72809827765353,High Value,0,0,Deal Hunter
1170,25,Male,Backpack,Accessories,94,Wyoming,S,Gray,Fall,4.5,No,2-Day Shipping,Yes,Yes,3,Cash,Annually,1.0,376,1,4,0.0,1,0,0.013605442176870746,20.91783773309902,Low Value,0,0,At Risk
1171,57,Male,Skirt,Clothing,62,Illinois,S,Red,Spring,3.2,No,Express,Yes,Yes,33,Cash,Bi-Weekly,1.0,2108,0,34,0.0,26,0,0.38108576764038943,50.038589708752944,High Value,0,0,Deal Hunter
1172,41,Male,Socks,Clothing,55,Louisiana,M,Lavender,Spring,3.9,No,Next Day Air,Yes,Yes,15,Debit Card,Annually,1.0,880,0,16,0.0,1,0,0.09523809523809523,27.86449958950628,Mid Value,0,0,Deal Hunter
1173,59,Male,Coat,Outerwear,68,Oregon,L,Peach,Spring,4.6,No,Store Pickup,Yes,Yes,42,Bank Transfer,Bi-Weekly,1.0,2924,1,43,0.0,26,0,0.4423102574363078,58.333261493476854,High Value,0,0,Deal Hunter
1174,44,Male,Jewelry,Accessories,76,South Dakota,M,Indigo,Winter,2.5,No,Express,Yes,Yes,42,Cash,Bi-Weekly,1.0,3268,0,43,0.0,26,0,0.4423102574363078,60.07045697587085,High Value,0,0,Deal Hunter
1175,42,Male,Backpack,Accessories,31,Michigan,M,Black,Winter,4.3,No,Express,Yes,Yes,19,Bank Transfer,Bi-Weekly,1.0,620,1,20,0.0,26,0,0.28584767240229425,36.58575646259409,Mid Value,0,0,Deal Hunter
1176,35,Male,Belt,Accessories,81,New Jersey,M,Beige,Spring,4.1,No,Store Pickup,Yes,Yes,26,PayPal,Quarterly,1.0,2187,1,27,0.0,4,0,0.18967587034813926,40.78693078086326,Mid Value,0,0,Deal Hunter
1177,36,Male,Dress,Clothing,83,Oregon,M,Red,Winter,3.8,No,Free Shipping,Yes,Yes,39,PayPal,Quarterly,1.0,3320,0,40,0.0,4,0,0.27811124449779906,51.79349866451678,High Value,0,0,Deal Hunter
1178,54,Male,Skirt,Clothing,21,Iowa,M,Black,Spring,4.8,No,Standard,Yes,Yes,24,Debit Card,Monthly,1.0,525,1,25,0.0,12,0,0.22835800987061491,33.021117788507546,Mid Value,0,0,Deal Hunter
1179,37,Male,Dress,Clothing,22,South Carolina,M,Teal,Spring,4.9,No,Express,Yes,Yes,23,Debit Card,Annually,1.0,528,1,24,0.0,1,0,0.14965986394557823,28.924986813059235,Mid Value,0,0,Deal Hunter
1180,20,Male,T-shirt,Clothing,33,Indiana,M,Blue,Summer,2.8,No,Free Shipping,Yes,Yes,44,Bank Transfer,Annually,1.0,1485,0,45,0.0,1,0,0.2925170068027211,41.739851885592266,Mid Value,0,0,Deal Hunter
1181,23,Male,Skirt,Clothing,23,Oregon,S,Beige,Spring,4.9,No,Standard,Yes,Yes,34,Cash,Monthly,1.0,805,1,35,0.0,12,0,0.29638522075496865,38.22608902778383,Mid Value,0,0,Deal Hunter
1182,61,Male,Shorts,Clothing,96,New York,L,Teal,Summer,3.5,No,Free Shipping,Yes,Yes,43,Bank Transfer,Quarterly,1.0,4224,0,44,0.0,4,0,0.3053221288515406,58.5397331692595,High Value,0,0,Deal Hunter
1183,37,Male,Jewelry,Accessories,21,New Mexico,M,Maroon,Spring,3.8,No,Express,Yes,Yes,45,PayPal,Quarterly,1.0,966,0,46,0.0,4,0,0.31892757102841135,40.06392025305827,Mid Value,0,0,Deal Hunter
1184,23,Male,Pants,Clothing,39,Louisiana,M,Yellow,Spring,4.5,No,2-Day Shipping,Yes,Yes,4,Credit Card,Weekly,1.0,195,1,5,0.0,52,0,0.35374149659863946,37.631869509935065,Mid Value,0,0,Deal Hunter
1185,63,Male,Belt,Accessories,73,South Carolina,S,Indigo,Fall,3.4,No,Express,Yes,Yes,19,Credit Card,Annually,1.0,1460,0,20,0.0,1,0,0.12244897959183673,32.70263345419038,Mid Value,0,0,Deal Hunter
1186,47,Male,Jeans,Clothing,64,Maine,M,Magenta,Spring,3.9,No,Standard,Yes,Yes,29,Credit Card,Monthly,1.0,1920,0,30,0.0,12,0,0.26237161531279174,42.72585964082799,Mid Value,0,0,Deal Hunter
1187,63,Male,Jeans,Clothing,68,Indiana,M,Beige,Summer,4.1,No,2-Day Shipping,Yes,Yes,27,Credit Card,Annually,1.0,1904,1,28,0.0,1,0,0.17687074829931973,38.45092348480095,Mid Value,0,0,Deal Hunter
1188,56,Male,Hat,Accessories,89,Iowa,L,Maroon,Fall,3.0,No,Express,Yes,Yes,37,Credit Card,Every 3 Months,1.0,3382,0,38,0.0,4,0,0.26450580232092835,51.447429958411284,High Value,0,0,Deal Hunter
1189,68,Male,Blouse,Clothing,29,Mississippi,M,Magenta,Summer,3.3,No,Next Day Air,Yes,Yes,11,Credit Card,Weekly,1.0,348,0,12,0.0,52,0,0.4013605442176871,40.73342465086355,Mid Value,0,0,Deal Hunter
1190,64,Male,Shirt,Clothing,97,Arkansas,XL,Teal,Summer,3.8,No,Free Shipping,Yes,Yes,28,Debit Card,Annually,1.0,2813,0,29,0.0,1,0,0.18367346938775508,43.87111622603457,High Value,0,0,Deal Hunter
1191,62,Male,Shirt,Clothing,45,South Carolina,M,Orange,Winter,4.3,No,Next Day Air,Yes,Yes,31,Credit Card,Weekly,1.0,1440,1,32,0.0,52,0,0.5374149659863945,54.565110414588034,High Value,0,0,Deal Hunter
1192,34,Male,T-shirt,Clothing,70,Indiana,L,Charcoal,Winter,4.1,No,Free Shipping,Yes,Yes,50,Venmo,Quarterly,1.0,3570,1,51,0.0,4,0,0.3529411764705882,57.466082604143885,High Value,0,0,Deal Hunter
1193,49,Male,Coat,Outerwear,56,Florida,M,Turquoise,Summer,4.0,No,2-Day Shipping,Yes,Yes,42,Venmo,Quarterly,1.0,2408,1,43,0.0,4,0,0.2985194077631052,47.778036475762995,High Value,0,0,Deal Hunter
1194,40,Male,Jacket,Outerwear,55,Alaska,L,Pink,Fall,5.0,No,2-Day Shipping,Yes,Yes,18,Credit Card,Fortnightly,1.0,1045,1,19,0.0,24,0,0.26597305588902226,38.049757799368805,Mid Value,0,0,Deal Hunter
1195,50,Male,Hoodie,Clothing,46,New York,S,Teal,Winter,3.1,No,2-Day Shipping,Yes,Yes,6,Credit Card,Fortnightly,1.0,322,0,7,0.0,24,0,0.1843404028277978,29.235982955486627,Mid Value,0,0,Deal Hunter
1196,25,Male,Scarf,Accessories,95,Texas,M,White,Winter,4.0,No,2-Day Shipping,Yes,Yes,33,Venmo,Monthly,1.0,3230,1,34,0.0,12,0,0.28958249966653327,52.15179829294206,High Value,0,0,Deal Hunter
1197,30,Male,Belt,Accessories,88,North Dakota,M,Maroon,Winter,3.2,No,2-Day Shipping,Yes,Yes,13,Bank Transfer,Bi-Weekly,1.0,1232,0,14,0.0,26,0,0.24503134587168196,37.76766018619258,Mid Value,0,0,Deal Hunter
1198,54,Male,Sneakers,Footwear,92,Vermont,L,Violet,Fall,3.9,No,Standard,Yes,Yes,26,PayPal,Annually,1.0,2484,0,27,0.0,1,0,0.17006802721088435,41.22237051294472,Mid Value,0,0,Deal Hunter
1199,40,Male,Socks,Clothing,49,New Jersey,M,Brown,Summer,3.9,No,2-Day Shipping,Yes,Yes,17,Cash,Annually,1.0,882,0,18,0.0,1,0,0.10884353741496597,28.587477064018437,Mid Value,0,0,Deal Hunter
1200,49,Male,Sandals,Footwear,89,Maryland,M,Indigo,Fall,4.5,No,Free Shipping,Yes,Yes,3,Debit Card,Weekly,1.0,356,1,4,0.0,52,0,0.3469387755102041,38.22443109270831,Mid Value,0,0,Deal Hunter
1201,27,Male,Coat,Outerwear,22,Connecticut,XL,Black,Winter,4.4,No,Store Pickup,Yes,Yes,7,PayPal,Weekly,1.0,176,1,8,0.0,52,0,0.37414965986394555,38.58677333256351,Mid Value,0,0,Deal Hunter
1202,27,Male,Shoes,Footwear,61,Illinois,XL,Black,Summer,3.1,No,2-Day Shipping,Yes,Yes,46,Venmo,Fortnightly,1.0,2867,0,47,0.0,24,0,0.4564492463652128,58.44797720914593,High Value,0,0,Deal Hunter
1203,48,Male,Scarf,Accessories,29,Maryland,S,Olive,Spring,2.9,No,Standard,Yes,Yes,14,Venmo,Every 3 Months,1.0,435,0,15,0.0,4,0,0.10804321728691477,25.913169644943025,Mid Value,0,0,Deal Hunter
1204,40,Male,Sneakers,Footwear,82,Minnesota,M,Orange,Winter,3.7,No,Free Shipping,Yes,Yes,23,Bank Transfer,Annually,1.0,1968,0,24,0.0,1,0,0.14965986394557823,37.116744954416994,Mid Value,0,0,Deal Hunter
1205,67,Male,Belt,Accessories,94,Florida,M,Pink,Spring,3.2,No,2-Day Shipping,Yes,Yes,20,Credit Card,Every 3 Months,1.0,1974,0,21,0.0,4,0,0.14885954381752697,37.11024491171985,Mid Value,0,0,Deal Hunter
1206,52,Male,Handbag,Accessories,99,California,M,Olive,Spring,3.5,No,Standard,Yes,Yes,38,Bank Transfer,Fortnightly,1.0,3861,0,39,0.0,24,0,0.4020274776577297,61.45704521646383,High Value,0,0,Deal Hunter
1207,22,Male,Handbag,Accessories,59,Mississippi,S,Cyan,Fall,3.0,No,Free Shipping,Yes,Yes,16,Venmo,Every 3 Months,1.0,1003,0,17,0.0,4,0,0.12164865946378552,29.969434040051425,Mid Value,0,0,Deal Hunter
1208,62,Male,Boots,Footwear,90,Washington,M,White,Summer,4.1,No,Next Day Air,Yes,Yes,48,Credit Card,Every 3 Months,1.0,4410,1,49,0.0,4,0,0.33933573429371744,61.70181111398164,High Value,0,0,Deal Hunter
1209,20,Male,Boots,Footwear,100,Wisconsin,S,Red,Winter,3.8,No,2-Day Shipping,Yes,Yes,8,Debit Card,Annually,1.0,900,0,9,0.0,1,0,0.047619047619047616,25.49308681538531,Mid Value,0,0,Deal Hunter
1210,41,Male,Pants,Clothing,62,Pennsylvania,M,Blue,Winter,3.8,No,Next Day Air,Yes,Yes,16,Bank Transfer,Monthly,1.0,1054,0,17,0.0,12,0,0.17393624116313192,33.003018877579215,Mid Value,0,0,Deal Hunter
1211,34,Male,Sunglasses,Accessories,78,Missouri,M,Olive,Fall,4.1,No,Next Day Air,Yes,Yes,5,Cash,Quarterly,1.0,468,1,6,0.0,4,0,0.046818727490996394,23.19580653669692,Low Value,0,0,At Risk
1212,23,Male,Hoodie,Clothing,94,Oklahoma,M,Green,Spring,4.6,No,Store Pickup,Yes,Yes,14,Venmo,Every 3 Months,1.0,1410,1,15,0.0,4,0,0.10804321728691477,31.943828311429694,Mid Value,0,0,Deal Hunter
1213,32,Male,Shoes,Footwear,74,Pennsylvania,M,Yellow,Summer,2.5,No,Free Shipping,Yes,Yes,18,Credit Card,Weekly,1.0,1406,0,19,0.0,52,0,0.44897959183673464,49.453394492833915,High Value,0,0,Deal Hunter
1214,68,Male,Handbag,Accessories,52,Kentucky,XL,Black,Spring,3.7,No,Express,Yes,Yes,14,Debit Card,Every 3 Months,1.0,780,0,15,0.0,4,0,0.10804321728691477,27.944943474635085,Mid Value,0,0,Deal Hunter
1215,30,Male,Jacket,Outerwear,81,Vermont,M,Blue,Fall,3.8,No,Free Shipping,Yes,Yes,5,Cash,Every 3 Months,1.0,486,0,6,0.0,4,0,0.046818727490996394,23.013122980019574,Low Value,0,0,At Risk
1216,66,Male,Blouse,Clothing,20,Oregon,L,Pink,Winter,2.6,No,2-Day Shipping,Yes,Yes,15,Credit Card,Every 3 Months,1.0,320,0,16,0.0,4,0,0.11484593837535013,25.59151123946206,Mid Value,0,0,Deal Hunter
1217,62,Male,Pants,Clothing,32,Utah,XL,Lavender,Summer,3.7,No,Free Shipping,Yes,Yes,3,Venmo,Every 3 Months,1.0,128,0,4,0.0,4,0,0.03321328531412565,20.19359048124547,Low Value,0,0,At Risk
1218,50,Male,Boots,Footwear,63,Nebraska,XL,Cyan,Fall,2.6,No,Free Shipping,Yes,Yes,12,Cash,Every 3 Months,1.0,819,0,13,0.0,4,0,0.09443777511004402,27.463423179883446,Mid Value,0,0,Deal Hunter
1219,55,Male,Boots,Footwear,79,Pennsylvania,M,Cyan,Spring,3.1,No,Store Pickup,Yes,Yes,43,Cash,Every 3 Months,1.0,3476,0,44,0.0,4,0,0.3053221288515406,54.13461193850687,High Value,0,0,Deal Hunter
1220,19,Male,Sweater,Clothing,23,Vermont,M,Gold,Winter,2.5,No,Next Day Air,Yes,Yes,35,Credit Card,Bi-Weekly,1.0,828,0,36,0.0,26,0,0.3946912098172602,43.21161341611952,Mid Value,0,0,Deal Hunter
1221,67,Male,Gloves,Accessories,64,Kentucky,M,Green,Winter,3.8,No,Express,Yes,Yes,36,Bank Transfer,Quarterly,1.0,2368,0,37,0.0,4,0,0.25770308123249297,45.1201821212188,High Value,0,0,Deal Hunter
1222,18,Male,Socks,Clothing,69,Iowa,M,Red,Winter,4.5,No,Standard,Yes,Yes,3,Cash,Quarterly,1.0,276,1,4,0.0,4,0,0.03321328531412565,21.353881155977543,Low Value,0,0,At Risk
1223,58,Male,Jeans,Clothing,69,Indiana,L,Magenta,Fall,3.4,No,Store Pickup,Yes,Yes,27,Bank Transfer,Annually,1.0,1932,0,28,0.0,1,0,0.17687074829931973,38.32713192318714,Mid Value,0,0,Deal Hunter
1224,69,Male,Pants,Clothing,24,Kansas,L,Red,Winter,3.9,No,Free Shipping,Yes,Yes,21,Bank Transfer,Weekly,1.0,528,0,22,0.0,52,0,0.4693877551020408,45.349475939504444,High Value,0,0,Deal Hunter
1225,62,Male,Shorts,Clothing,50,Illinois,M,Yellow,Summer,3.7,No,Store Pickup,Yes,Yes,18,Venmo,Weekly,1.0,950,0,19,0.0,52,0,0.44897959183673464,46.767919517936576,High Value,0,0,Deal Hunter
1226,28,Male,Gloves,Accessories,97,North Carolina,S,Turquoise,Fall,2.6,No,Free Shipping,Yes,Yes,16,Debit Card,Weekly,1.0,1649,0,17,0.0,52,0,0.43537414965986393,50.17327089737845,High Value,0,0,Deal Hunter
1227,53,Male,Sandals,Footwear,91,Ohio,S,Cyan,Fall,3.4,No,Store Pickup,Yes,Yes,18,Venmo,Bi-Weekly,1.0,1729,0,19,0.0,26,0,0.27904495131385887,42.472590029599026,Mid Value,0,0,Deal Hunter
1228,27,Male,Blouse,Clothing,37,Illinois,L,Yellow,Spring,4.9,No,Store Pickup,Yes,Yes,19,Bank Transfer,Bi-Weekly,1.0,740,1,20,0.0,26,0,0.28584767240229425,37.29246040335655,Mid Value,0,0,Deal Hunter
1229,55,Male,Jacket,Outerwear,55,Indiana,S,Yellow,Winter,3.9,No,Express,Yes,Yes,1,Cash,Annually,1.0,110,0,2,0.0,1,0,0.0,18.35142244111775,Low Value,0,0,At Risk
1230,34,Male,Jewelry,Accessories,52,Kansas,XL,Maroon,Winter,3.6,No,Express,Yes,Yes,39,Bank Transfer,Annually,1.0,2080,0,40,0.0,1,0,0.25850340136054417,43.46592790312416,Mid Value,0,0,Deal Hunter
1231,25,Male,Hat,Accessories,80,Illinois,L,Brown,Spring,3.8,No,Standard,Yes,Yes,49,Venmo,Monthly,1.0,4000,0,50,0.0,12,0,0.39842603708149926,62.08738536903834,High Value,0,0,Deal Hunter
1232,66,Male,Socks,Clothing,79,Pennsylvania,M,Gold,Spring,4.0,No,2-Day Shipping,Yes,Yes,43,Credit Card,Fortnightly,1.0,3476,1,44,0.0,24,0,0.43604108309990663,61.25639024305794,High Value,0,0,Deal Hunter
1233,57,Male,Handbag,Accessories,23,New York,M,Charcoal,Summer,3.6,No,Free Shipping,Yes,Yes,31,Debit Card,Every 3 Months,1.0,736,0,32,0.0,4,0,0.22368947579031612,33.73101083810079,Mid Value,0,0,Deal Hunter
1234,46,Male,Pants,Clothing,73,Utah,L,Beige,Winter,3.5,No,Next Day Air,Yes,Yes,40,Venmo,Every 3 Months,1.0,2993,0,41,0.0,4,0,0.28491396558623444,50.223329963688826,High Value,0,0,Deal Hunter
1235,38,Male,Gloves,Accessories,99,New Jersey,M,Indigo,Fall,4.1,No,Store Pickup,Yes,Yes,2,Bank Transfer,Bi-Weekly,1.0,297,1,3,0.0,26,0,0.17020141389889287,28.638352880296548,Mid Value,0,0,Deal Hunter
1236,23,Male,Sweater,Clothing,22,Idaho,M,Red,Spring,3.0,No,Store Pickup,Yes,Yes,46,PayPal,Every 3 Months,1.0,1034,0,47,0.0,4,0,0.32573029211684673,40.81998535724004,Mid Value,0,0,Deal Hunter
1237,42,Male,Hat,Accessories,68,New Mexico,M,White,Summer,4.4,No,Store Pickup,Yes,Yes,35,Debit Card,Every 3 Months,1.0,2448,1,36,0.0,4,0,0.2509003601440576,45.52440769176909,High Value,0,0,Deal Hunter
1238,25,Male,Dress,Clothing,92,Michigan,S,Charcoal,Spring,4.4,No,2-Day Shipping,Yes,Yes,42,Credit Card,Quarterly,1.0,3956,1,43,0.0,4,0,0.2985194077631052,56.89451731159868,High Value,0,0,Deal Hunter
1239,55,Male,Pants,Clothing,77,Wyoming,M,Violet,Winter,3.7,No,Express,Yes,Yes,3,Venmo,Fortnightly,1.0,308,0,4,0.0,24,0,0.16393223956249164,28.08673554914851,Mid Value,0,0,Deal Hunter
1240,62,Male,Coat,Outerwear,37,New Jersey,XL,Magenta,Spring,4.8,No,Standard,Yes,Yes,32,Debit Card,Every 3 Months,1.0,1221,1,33,0.0,4,0,0.2304921968787515,37.231561284223815,Mid Value,0,0,Deal Hunter
1241,41,Male,Scarf,Accessories,79,New Jersey,L,White,Winter,2.9,No,Store Pickup,Yes,Yes,48,Debit Card,Annually,1.0,3871,0,49,0.0,1,0,0.31972789115646255,57.21388005875132,High Value,0,0,Deal Hunter
1242,58,Male,Hoodie,Clothing,51,Hawaii,XL,Pink,Winter,3.1,No,Express,Yes,Yes,34,Credit Card,Weekly,1.0,1785,0,35,0.0,52,0,0.5578231292517006,57.37499370973755,High Value,0,0,Deal Hunter
1243,56,Male,Socks,Clothing,27,Nevada,M,Lavender,Summer,4.0,No,Next Day Air,Yes,Yes,15,Bank Transfer,Quarterly,1.0,432,1,16,0.0,4,0,0.11484593837535013,26.539790731965397,Mid Value,0,0,Deal Hunter
1244,25,Male,Blouse,Clothing,23,New Hampshire,S,Pink,Spring,3.0,No,Store Pickup,Yes,Yes,22,Debit Card,Annually,1.0,529,0,23,0.0,1,0,0.14285714285714285,28.286587327024147,Mid Value,0,0,Deal Hunter
1245,70,Male,Socks,Clothing,76,Indiana,S,Silver,Summer,3.9,No,2-Day Shipping,Yes,Yes,2,Cash,Monthly,1.0,228,0,3,0.0,12,0,0.07869814592503667,23.160146556834864,Low Value,0,0,At Risk
1246,42,Male,Dress,Clothing,31,New York,M,Violet,Fall,3.4,No,Standard,Yes,Yes,30,Bank Transfer,Weekly,1.0,961,0,31,0.0,52,0,0.5306122448979591,51.09989516550313,High Value,0,0,Deal Hunter
1247,27,Male,Hoodie,Clothing,60,Louisiana,M,Charcoal,Winter,2.7,No,Standard,Yes,Yes,27,Cash,Monthly,1.0,1680,0,28,0.0,12,0,0.24876617313592103,40.60125268380364,Mid Value,0,0,Deal Hunter
1248,65,Male,T-shirt,Clothing,99,Virginia,M,Charcoal,Spring,3.8,No,Express,Yes,Yes,18,Venmo,Bi-Weekly,1.0,1881,0,19,0.0,26,0,0.27904495131385887,43.3677483545648,Mid Value,0,0,Deal Hunter
1249,62,Male,Hat,Accessories,37,Wisconsin,XL,Red,Winter,3.0,No,Free Shipping,Yes,Yes,8,Credit Card,Annually,1.0,333,0,9,0.0,1,0,0.047619047619047616,22.153910695282704,Low Value,0,0,At Risk
1250,62,Male,Boots,Footwear,50,Oregon,M,Peach,Winter,4.5,No,Express,Yes,Yes,48,Venmo,Fortnightly,1.0,2450,1,49,0.0,24,0,0.47005468854208343,56.99206923828755,High Value,0,0,Deal Hunter
1251,52,Male,Jeans,Clothing,26,New Hampshire,XL,Purple,Winter,4.1,No,Free Shipping,Yes,Yes,24,Cash,Monthly,1.0,650,1,25,0.0,12,0,0.22835800987061491,33.757267726801764,Mid Value,0,0,Deal Hunter
1252,56,Male,Shorts,Clothing,86,Indiana,XL,Orange,Spring,5.0,No,Next Day Air,Yes,Yes,43,Credit Card,Monthly,1.0,3784,1,44,0.0,12,0,0.35760971055088697,58.9704101969593,High Value,0,0,Deal Hunter
1253,28,Male,Sandals,Footwear,41,Massachusetts,L,Magenta,Fall,4.0,No,Standard,Yes,Yes,8,Cash,Quarterly,1.0,369,1,9,0.0,4,0,0.06722689075630252,23.679574398817053,Low Value,0,0,At Risk
1254,39,Male,Sandals,Footwear,23,Montana,XL,Red,Winter,4.9,No,Express,Yes,Yes,49,PayPal,Annually,1.0,1150,1,50,0.0,1,0,0.32653061224489793,41.83365688750406,Mid Value,0,0,Deal Hunter
1255,54,Male,Sneakers,Footwear,56,California,XL,Black,Spring,3.3,No,2-Day Shipping,Yes,Yes,2,Credit Card,Bi-Weekly,1.0,168,0,3,0.0,26,0,0.17020141389889287,27.589956996185194,Mid Value,0,0,Deal Hunter
1256,30,Male,Hat,Accessories,68,Indiana,M,Peach,Fall,4.1,No,Standard,Yes,Yes,38,Cash,Fortnightly,1.0,2652,1,39,0.0,24,0,0.4020274776577297,54.62569216107379,High Value,0,0,Deal Hunter
1257,45,Male,Coat,Outerwear,48,West Virginia,S,Olive,Winter,3.6,No,Express,Yes,Yes,4,Cash,Fortnightly,1.0,240,0,5,0.0,24,0,0.17073496065092703,28.04186952046617,Mid Value,0,0,Deal Hunter
1258,68,Male,Dress,Clothing,67,Minnesota,L,Gold,Spring,3.0,No,Free Shipping,Yes,Yes,31,Cash,Every 3 Months,1.0,2144,0,32,0.0,4,0,0.22368947579031612,42.023003743046935,Mid Value,0,0,Deal Hunter
1259,47,Male,Boots,Footwear,87,Ohio,XL,Gold,Spring,4.1,No,2-Day Shipping,Yes,Yes,34,Debit Card,Every 3 Months,1.0,3045,1,35,0.0,4,0,0.2440976390556222,48.684660259312594,High Value,0,0,Deal Hunter
1260,68,Male,Skirt,Clothing,64,Minnesota,M,Turquoise,Fall,3.9,No,Standard,Yes,Yes,45,Credit Card,Monthly,1.0,2944,0,46,0.0,12,0,0.37121515272775774,54.445992539329836,High Value,0,0,Deal Hunter
1261,63,Male,Shirt,Clothing,93,Virginia,XL,Green,Spring,4.1,No,Store Pickup,Yes,Yes,30,Debit Card,Quarterly,1.0,2883,1,31,0.0,4,0,0.21688675470188074,46.30821178828439,High Value,0,0,Deal Hunter
1262,20,Male,Shirt,Clothing,29,Connecticut,L,Maroon,Summer,2.8,No,Next Day Air,Yes,Yes,2,Credit Card,Fortnightly,1.0,87,0,3,0.0,24,0,0.1571295184740563,26.4296229204946,Mid Value,0,0,Deal Hunter
1263,29,Male,Boots,Footwear,62,Tennessee,L,Brown,Winter,4.8,No,Store Pickup,Yes,Yes,44,Venmo,Monthly,1.0,2790,1,45,0.0,12,0,0.36441243163932235,53.472145425393336,High Value,0,0,Deal Hunter
1264,41,Male,Hoodie,Clothing,70,Delaware,L,Brown,Winter,4.6,No,2-Day Shipping,Yes,Yes,1,Credit Card,Bi-Weekly,1.0,140,1,2,0.0,26,0,0.1633986928104575,27.35814902004928,Mid Value,0,0,Deal Hunter
1265,52,Male,Sweater,Clothing,92,Vermont,S,Blue,Winter,2.5,No,Next Day Air,Yes,Yes,1,Venmo,Bi-Weekly,1.0,184,0,2,0.0,26,0,0.1633986928104575,27.32858465053713,Mid Value,0,0,Deal Hunter
1266,32,Male,Shirt,Clothing,79,Louisiana,M,Lavender,Spring,2.7,No,Next Day Air,Yes,Yes,27,Bank Transfer,Weekly,1.0,2212,0,28,0.0,52,0,0.5102040816326531,57.400485134702585,High Value,0,0,Deal Hunter
1267,20,Male,Blouse,Clothing,31,North Dakota,M,Peach,Fall,4.0,No,Standard,Yes,Yes,14,Debit Card,Every 3 Months,1.0,465,1,15,0.0,4,0,0.10804321728691477,26.37853477792535,Mid Value,0,0,Deal Hunter
1268,47,Male,T-shirt,Clothing,83,Oregon,S,Gray,Spring,2.7,No,Standard,Yes,Yes,41,Cash,Weekly,1.0,3486,0,42,0.0,52,0,0.6054421768707483,69.88171883429342,High Value,0,0,Deal Hunter
1269,23,Male,Jacket,Outerwear,88,Idaho,XL,Charcoal,Winter,2.9,No,Next Day Air,Yes,Yes,25,Debit Card,Bi-Weekly,1.0,2288,0,26,0.0,26,0,0.32666399893290643,48.25384931789885,High Value,0,0,Deal Hunter
1270,43,Male,Jewelry,Accessories,53,Vermont,M,Lavender,Spring,3.0,No,Standard,Yes,Yes,47,PayPal,Quarterly,1.0,2544,0,48,0.0,4,0,0.3325330132052821,50.068276149584015,High Value,0,0,Deal Hunter
1271,67,Male,Hoodie,Clothing,98,West Virginia,M,Green,Fall,3.3,No,Standard,Yes,Yes,20,Cash,Annually,1.0,2058,0,21,0.0,1,0,0.12925170068027209,36.57997429673968,Mid Value,0,0,Deal Hunter
1272,70,Male,Jewelry,Accessories,57,Kentucky,S,Gray,Spring,4.3,No,Store Pickup,Yes,Yes,42,PayPal,Annually,1.0,2451,1,43,0.0,1,0,0.2789115646258503,47.006308681022304,High Value,0,0,Deal Hunter
1273,35,Male,Sandals,Footwear,80,Wisconsin,M,Orange,Winter,4.4,No,Express,Yes,Yes,16,Bank Transfer,Monthly,1.0,1360,1,17,0.0,12,0,0.17393624116313192,35.09380307431519,Mid Value,0,0,Deal Hunter
1274,41,Male,Jeans,Clothing,29,Mississippi,L,Silver,Spring,4.1,No,Next Day Air,Yes,Yes,32,Credit Card,Every 3 Months,1.0,957,1,33,0.0,4,0,0.2304921968787515,35.676812614546414,Mid Value,0,0,Deal Hunter
1275,54,Male,Hat,Accessories,73,Missouri,M,Olive,Spring,3.1,No,2-Day Shipping,Yes,Yes,37,PayPal,Quarterly,1.0,2774,0,38,0.0,4,0,0.26450580232092835,47.86679665854817,High Value,0,0,Deal Hunter
1276,55,Male,Sweater,Clothing,32,Arkansas,S,Turquoise,Fall,4.5,No,Standard,Yes,Yes,1,PayPal,Monthly,1.0,64,1,2,0.0,12,0,0.0718954248366013,22.127407447834845,Low Value,0,0,At Risk
1277,51,Male,Boots,Footwear,68,Wyoming,L,Turquoise,Spring,4.8,No,Next Day Air,Yes,Yes,37,Bank Transfer,Weekly,1.0,2584,1,38,0.0,52,0,0.5782312925170068,63.435951876355126,High Value,0,0,Deal Hunter
1278,19,Male,Blouse,Clothing,97,Rhode Island,L,Green,Spring,5.0,No,Express,Yes,Yes,5,Venmo,Quarterly,1.0,582,1,6,0.0,4,0,0.046818727490996394,23.86717528042125,Low Value,0,0,At Risk
1279,28,Male,Shorts,Clothing,98,Utah,M,Violet,Fall,2.8,No,Next Day Air,Yes,Yes,31,Venmo,Fortnightly,1.0,3136,0,32,0.0,24,0,0.35440843003868217,54.698178810109276,High Value,0,0,Deal Hunter
1280,63,Male,Hoodie,Clothing,56,Maryland,L,Charcoal,Fall,3.7,No,Express,Yes,Yes,18,Debit Card,Annually,1.0,1064,0,19,0.0,1,0,0.11564625850340135,30.01491091192455,Mid Value,0,0,Deal Hunter
1281,30,Male,Pants,Clothing,78,Georgia,L,White,Winter,4.4,No,2-Day Shipping,Yes,Yes,39,Venmo,Every 3 Months,1.0,3120,1,40,0.0,4,0,0.27811124449779906,50.90434791103774,High Value,0,0,Deal Hunter
1282,29,Male,Belt,Accessories,81,New Jersey,M,Olive,Spring,4.5,No,Store Pickup,Yes,Yes,8,Venmo,Bi-Weekly,1.0,729,1,9,0.0,26,0,0.2110177404295051,33.31608429353972,Mid Value,0,0,Deal Hunter
1283,24,Male,Shirt,Clothing,68,New Hampshire,L,Violet,Winter,3.0,No,Free Shipping,Yes,Yes,20,Venmo,Monthly,1.0,1428,0,21,0.0,12,0,0.2011471255168734,36.62797764395442,Mid Value,0,0,Deal Hunter
1284,69,Male,Shirt,Clothing,94,Oregon,M,Violet,Winter,3.9,No,2-Day Shipping,Yes,Yes,23,Debit Card,Every 3 Months,1.0,2256,0,24,0.0,4,0,0.16926770708283312,39.8377977857608,Mid Value,0,0,Deal Hunter
1285,65,Male,Dress,Clothing,93,Arkansas,M,Black,Spring,3.9,No,Express,Yes,Yes,38,PayPal,Fortnightly,1.0,3627,0,39,0.0,24,0,0.4020274776577297,60.07897253197704,High Value,0,0,Deal Hunter
1286,64,Male,Gloves,Accessories,99,North Carolina,M,Charcoal,Fall,3.5,No,Next Day Air,Yes,Yes,45,Bank Transfer,Fortnightly,1.0,4554,0,46,0.0,24,0,0.4496465252767774,68.02745723861507,High Value,0,0,Deal Hunter
1287,40,Male,Gloves,Accessories,49,West Virginia,L,Yellow,Winter,4.9,No,Next Day Air,Yes,Yes,44,Debit Card,Fortnightly,1.0,2205,1,45,0.0,24,0,0.442843804188342,54.126817208231984,High Value,0,0,Deal Hunter
1288,24,Male,Jeans,Clothing,28,Utah,XL,Blue,Winter,3.4,No,Standard,Yes,Yes,20,PayPal,Monthly,1.0,588,0,21,0.0,12,0,0.2011471255168734,31.68105005861723,Mid Value,0,0,Deal Hunter
1289,66,Male,Belt,Accessories,93,South Dakota,XL,Charcoal,Winter,4.1,No,Standard,Yes,Yes,34,PayPal,Bi-Weekly,1.0,3255,1,35,0.0,26,0,0.3878884887288248,57.437790228082186,High Value,0,0,Deal Hunter
1290,35,Male,Jacket,Outerwear,24,New Hampshire,M,Red,Fall,2.9,No,Next Day Air,Yes,Yes,10,PayPal,Weekly,1.0,264,0,11,0.0,52,0,0.3945578231292517,39.8831323545801,Mid Value,0,0,Deal Hunter
1291,67,Male,Skirt,Clothing,35,Maryland,M,Indigo,Spring,3.4,No,Free Shipping,Yes,Yes,3,PayPal,Annually,1.0,140,0,4,0.0,1,0,0.013605442176870746,19.23929750180781,Low Value,0,0,At Risk
1292,69,Male,Sandals,Footwear,68,South Dakota,S,Beige,Spring,3.2,No,2-Day Shipping,Yes,Yes,23,Debit Card,Fortnightly,1.0,1632,0,24,0.0,24,0,0.2999866613311991,42.99602645055538,Mid Value,0,0,Deal Hunter
1293,26,Male,Belt,Accessories,61,Kentucky,M,Maroon,Summer,3.8,No,Free Shipping,Yes,Yes,42,Bank Transfer,Annually,1.0,2623,0,43,0.0,1,0,0.2789115646258503,47.73056184832345,High Value,0,0,Deal Hunter
1294,23,Male,Sweater,Clothing,74,Florida,XL,Yellow,Fall,4.1,No,Standard,Yes,Yes,30,Debit Card,Annually,1.0,2294,1,31,0.0,1,0,0.19727891156462585,41.8145099055281,Mid Value,0,0,Deal Hunter
1295,27,Male,Shirt,Clothing,64,Texas,M,Silver,Summer,4.5,No,Standard,Yes,Yes,21,Cash,Every 3 Months,1.0,1408,1,22,0.0,4,0,0.15566226490596236,34.421246676665035,Mid Value,0,0,Deal Hunter
1296,30,Male,Sneakers,Footwear,60,New Mexico,M,Olive,Fall,2.8,No,Standard,Yes,Yes,50,PayPal,Weekly,1.0,3060,0,51,0.0,52,0,0.6666666666666666,70.5733156843342,High Value,0,0,Deal Hunter
1297,48,Male,Jeans,Clothing,29,South Dakota,S,Teal,Spring,2.8,No,Express,Yes,Yes,16,Cash,Bi-Weekly,1.0,493,0,17,0.0,26,0,0.2654395091369881,34.48234036424628,Mid Value,0,0,Deal Hunter
1298,44,Male,Sandals,Footwear,85,New Jersey,M,Silver,Summer,4.6,No,Standard,Yes,Yes,32,Venmo,Annually,1.0,2805,1,33,0.0,1,0,0.2108843537414966,45.53508992877433,High Value,0,0,Deal Hunter
1299,29,Male,Pants,Clothing,81,Indiana,S,Indigo,Summer,3.0,No,Free Shipping,Yes,Yes,14,Bank Transfer,Fortnightly,1.0,1215,0,15,0.0,24,0,0.2387621715352808,37.33983441665835,Mid Value,0,0,Deal Hunter
1300,29,Male,Belt,Accessories,23,Louisiana,L,Teal,Fall,3.6,No,2-Day Shipping,Yes,Yes,42,Venmo,Bi-Weekly,1.0,989,0,43,0.0,26,0,0.4423102574363078,46.64897130089054,High Value,0,0,Deal Hunter
1301,67,Male,T-shirt,Clothing,100,West Virginia,M,Charcoal,Spring,4.5,No,Next Day Air,Yes,Yes,47,Credit Card,Every 3 Months,1.0,4800,1,48,0.0,4,0,0.3325330132052821,63.6429993837099,High Value,0,0,Deal Hunter
1302,42,Male,Shirt,Clothing,54,Maine,M,Orange,Fall,5.0,No,Express,Yes,Yes,21,Debit Card,Weekly,1.0,1188,1,22,0.0,52,0,0.4693877551020408,49.525036761489666,High Value,0,0,Deal Hunter
1303,23,Male,Sneakers,Footwear,25,Idaho,M,Gold,Fall,2.9,No,Next Day Air,Yes,Yes,37,Credit Card,Monthly,1.0,950,0,38,0.0,12,0,0.3167933840202748,39.85813242166258,Mid Value,0,0,Deal Hunter
1304,34,Male,Blouse,Clothing,32,New York,L,Silver,Summer,3.1,No,Next Day Air,Yes,Yes,10,Credit Card,Annually,1.0,352,0,11,0.0,1,0,0.061224489795918366,22.97700456140287,Low Value,0,0,At Risk
1305,64,Male,Backpack,Accessories,63,Montana,S,Orange,Spring,4.0,No,2-Day Shipping,Yes,Yes,18,PayPal,Every 3 Months,1.0,1197,1,19,0.0,4,0,0.13525410164065627,32.111826967575226,Mid Value,0,0,Deal Hunter
1306,31,Male,Pants,Clothing,56,Mississippi,XL,Peach,Spring,4.5,No,Express,Yes,Yes,2,PayPal,Every 3 Months,1.0,168,1,3,0.0,4,0,0.026410564225690276,20.362248071541615,Low Value,0,0,At Risk
1307,54,Male,Sweater,Clothing,33,Alaska,L,Brown,Winter,4.5,No,Next Day Air,Yes,Yes,40,PayPal,Annually,1.0,1353,1,41,0.0,1,0,0.26530612244897955,39.82876854754639,Mid Value,0,0,Deal Hunter
1308,23,Male,Coat,Outerwear,32,Missouri,L,Black,Summer,3.1,No,Express,Yes,Yes,43,PayPal,Annually,1.0,1408,0,44,0.0,1,0,0.2857142857142857,40.930783985853296,Mid Value,0,0,Deal Hunter
1309,59,Male,Dress,Clothing,38,Rhode Island,L,Red,Summer,4.4,No,Next Day Air,Yes,Yes,14,Credit Card,Every 3 Months,1.0,570,1,15,0.0,4,0,0.10804321728691477,26.9969007260925,Mid Value,0,0,Deal Hunter
1310,32,Male,Blouse,Clothing,21,Hawaii,L,Lavender,Summer,4.7,No,Store Pickup,Yes,Yes,41,Cash,Quarterly,1.0,882,1,42,0.0,4,0,0.2917166866746698,38.435518491317374,Mid Value,0,0,Deal Hunter
1311,43,Male,Hoodie,Clothing,59,South Carolina,L,Brown,Winter,3.1,No,Store Pickup,Yes,Yes,38,Credit Card,Every 3 Months,1.0,2301,0,39,0.0,4,0,0.2713085234093637,45.436804829792536,High Value,0,0,Deal Hunter
1312,32,Male,Shoes,Footwear,87,Tennessee,M,Maroon,Fall,4.2,No,Express,Yes,Yes,12,Venmo,Annually,1.0,1131,1,13,0.0,1,0,0.07482993197278912,28.564579200143637,Mid Value,0,0,Deal Hunter
1313,66,Male,T-shirt,Clothing,79,Missouri,M,Violet,Winter,3.0,No,Store Pickup,Yes,Yes,19,Bank Transfer,Monthly,1.0,1580,0,20,0.0,12,0,0.19434440442843803,37.167536431170475,Mid Value,0,0,Deal Hunter
1314,70,Male,Shoes,Footwear,28,Missouri,M,Lavender,Summer,3.8,No,Free Shipping,Yes,Yes,23,Credit Card,Bi-Weekly,1.0,672,0,24,0.0,26,0,0.3130585567560357,38.02570384013166,Mid Value,0,0,Deal Hunter
1315,42,Male,Boots,Footwear,67,Missouri,S,Magenta,Summer,3.4,No,Free Shipping,Yes,Yes,49,Debit Card,Annually,1.0,3350,0,50,0.0,1,0,0.32653061224489793,54.501206653690716,High Value,0,0,Deal Hunter
1316,56,Male,Shorts,Clothing,75,Mississippi,L,Green,Spring,4.2,No,2-Day Shipping,Yes,Yes,29,Debit Card,Quarterly,1.0,2250,1,30,0.0,4,0,0.21008403361344535,42.224748963012715,Mid Value,0,0,Deal Hunter
1317,28,Male,Belt,Accessories,32,Arkansas,S,Lavender,Spring,4.6,No,Standard,Yes,Yes,14,Debit Card,Bi-Weekly,1.0,480,1,15,0.0,26,0,0.25183406696011734,33.98327084295595,Mid Value,0,0,Deal Hunter
1318,28,Male,Pants,Clothing,43,Kentucky,M,Green,Spring,2.8,No,Free Shipping,Yes,Yes,19,Cash,Monthly,1.0,860,0,20,0.0,12,0,0.19434440442843803,32.92731278659575,Mid Value,0,0,Deal Hunter
1319,52,Male,Shorts,Clothing,93,Connecticut,M,Maroon,Spring,2.7,No,Express,Yes,Yes,19,Credit Card,Bi-Weekly,1.0,1860,0,20,0.0,26,0,0.28584767240229425,43.5996747026811,Mid Value,0,0,Deal Hunter
1320,65,Male,Sunglasses,Accessories,24,Oklahoma,M,Magenta,Spring,4.0,No,Standard,Yes,Yes,48,Bank Transfer,Weekly,1.0,1176,1,49,0.0,52,0,0.6530612244897959,59.0555538866559,High Value,0,0,Deal Hunter
1321,56,Male,Hat,Accessories,31,California,XL,Teal,Fall,3.1,No,Free Shipping,Yes,Yes,19,Debit Card,Annually,1.0,620,0,20,0.0,1,0,0.12244897959183673,27.755705868853187,Mid Value,0,0,Deal Hunter
1322,59,Male,T-shirt,Clothing,84,Missouri,L,Orange,Winter,3.7,No,Express,Yes,Yes,45,Bank Transfer,Every 3 Months,1.0,3864,0,46,0.0,4,0,0.31892757102841135,57.13082042247159,High Value,0,0,Deal Hunter
1323,23,Male,Pants,Clothing,74,Washington,M,Violet,Winter,4.0,No,Next Day Air,Yes,Yes,17,Bank Transfer,Quarterly,1.0,1332,1,18,0.0,4,0,0.12845138055222088,32.551269363183266,Mid Value,0,0,Deal Hunter
1324,58,Male,Shorts,Clothing,62,New York,M,Yellow,Spring,4.6,No,Standard,Yes,Yes,15,Debit Card,Every 3 Months,1.0,992,1,16,0.0,4,0,0.11484593837535013,29.837742455523525,Mid Value,0,0,Deal Hunter
1325,39,Male,Jewelry,Accessories,77,Indiana,S,Orange,Summer,3.8,No,Free Shipping,Yes,Yes,11,Credit Card,Fortnightly,1.0,924,0,12,0.0,24,0,0.21835400826997464,34.559278747060226,Mid Value,0,0,Deal Hunter
1326,28,Male,Backpack,Accessories,73,Oregon,L,Gold,Summer,3.5,No,Express,Yes,Yes,1,Cash,Monthly,1.0,146,0,2,0.0,12,0,0.0718954248366013,22.32163265956414,Low Value,0,0,At Risk
1327,40,Male,Shoes,Footwear,50,Texas,M,Indigo,Spring,3.8,No,Free Shipping,Yes,Yes,17,Cash,Monthly,1.0,900,0,18,0.0,12,0,0.18073896225156727,32.45168169135045,Mid Value,0,0,Deal Hunter
1328,52,Male,Coat,Outerwear,40,Florida,M,Turquoise,Winter,2.8,No,Standard,Yes,Yes,37,Cash,Weekly,1.0,1520,0,38,0.0,52,0,0.5782312925170068,56.881154453802964,High Value,0,0,Deal Hunter
1329,37,Male,Sweater,Clothing,97,Rhode Island,M,Orange,Winter,3.7,No,Standard,Yes,Yes,40,Bank Transfer,Weekly,1.0,3977,0,41,0.0,52,0,0.5986394557823129,72.41771625416342,High Value,0,0,Deal Hunter
1330,70,Male,Gloves,Accessories,63,Texas,M,Indigo,Fall,3.3,No,Express,Yes,Yes,50,PayPal,Every 3 Months,1.0,3213,0,51,0.0,4,0,0.3529411764705882,55.07494923258387,High Value,0,0,Deal Hunter
1331,30,Male,Handbag,Accessories,65,Vermont,M,Charcoal,Fall,2.9,No,Standard,Yes,Yes,20,PayPal,Bi-Weekly,1.0,1365,0,21,0.0,26,0,0.2926503934907296,41.04012048478569,Mid Value,0,0,Deal Hunter
1332,38,Male,Socks,Clothing,91,Maryland,M,Lavender,Spring,3.2,No,Standard,Yes,Yes,8,PayPal,Bi-Weekly,1.0,819,0,9,0.0,26,0,0.2110177404295051,33.55742310131984,Mid Value,0,0,Deal Hunter
1333,66,Male,Hoodie,Clothing,60,Alaska,S,Gold,Spring,4.3,No,Store Pickup,Yes,Yes,16,Bank Transfer,Quarterly,1.0,1020,1,17,0.0,4,0,0.12164865946378552,30.35823957945115,Mid Value,0,0,Deal Hunter
1334,29,Male,Pants,Clothing,69,Idaho,M,Lavender,Winter,2.7,No,Next Day Air,Yes,Yes,9,Bank Transfer,Quarterly,1.0,690,0,10,0.0,4,0,0.07402961184473789,25.636917830314637,Mid Value,0,0,Deal Hunter
1335,46,Male,Coat,Outerwear,52,West Virginia,S,White,Spring,3.8,No,Store Pickup,Yes,Yes,12,Venmo,Monthly,1.0,676,0,13,0.0,12,0,0.14672535680939042,29.354503313178586,Mid Value,0,0,Deal Hunter
1336,56,Male,Boots,Footwear,49,Nevada,M,Lavender,Fall,4.8,No,2-Day Shipping,Yes,Yes,26,Credit Card,Weekly,1.0,1323,1,27,0.0,52,0,0.5034013605442177,52.09807638359604,High Value,0,0,Deal Hunter
1337,23,Male,Sneakers,Footwear,85,Oregon,M,Charcoal,Spring,4.8,No,Store Pickup,Yes,Yes,44,Debit Card,Fortnightly,1.0,3825,1,45,0.0,24,0,0.442843804188342,63.66732040852513,High Value,0,0,Deal Hunter
1338,37,Male,Sweater,Clothing,86,Tennessee,L,Silver,Spring,3.4,No,Express,Yes,Yes,19,Credit Card,Bi-Weekly,1.0,1720,0,20,0.0,26,0,0.28584767240229425,42.77518677179157,Mid Value,0,0,Deal Hunter
1339,56,Male,Handbag,Accessories,51,Alabama,S,Yellow,Winter,2.6,No,Standard,Yes,Yes,43,PayPal,Fortnightly,1.0,2244,0,44,0.0,24,0,0.43604108309990663,53.71220730343834,High Value,0,0,Deal Hunter
1340,36,Male,Belt,Accessories,56,Indiana,L,Olive,Winter,5.0,No,Next Day Air,Yes,Yes,5,Bank Transfer,Every 3 Months,1.0,336,1,6,0.0,4,0,0.046818727490996394,22.418432201858213,Low Value,0,0,At Risk
1341,40,Male,Belt,Accessories,72,Idaho,M,Peach,Fall,4.4,No,Next Day Air,Yes,Yes,5,Debit Card,Every 3 Months,1.0,432,1,6,0.0,4,0,0.046818727490996394,22.98379535446818,Low Value,0,0,At Risk
1342,26,Male,Hoodie,Clothing,27,Rhode Island,XL,Yellow,Fall,3.8,No,Standard,Yes,Yes,31,Bank Transfer,Quarterly,1.0,864,0,32,0.0,4,0,0.22368947579031612,34.48482837491408,Mid Value,0,0,Deal Hunter
1343,57,Male,Sunglasses,Accessories,43,Arizona,XL,Yellow,Summer,3.4,No,2-Day Shipping,Yes,Yes,11,Bank Transfer,Monthly,1.0,516,0,12,0.0,12,0,0.13992263572095504,28.056631854412263,Mid Value,0,0,Deal Hunter
1344,68,Male,Sneakers,Footwear,56,Florida,M,Indigo,Spring,3.4,No,Standard,Yes,Yes,34,Bank Transfer,Monthly,1.0,1960,0,35,0.0,12,0,0.29638522075496865,44.73942530983075,High Value,0,0,Deal Hunter
1345,56,Male,T-shirt,Clothing,37,New York,S,Violet,Fall,4.9,No,Next Day Air,Yes,Yes,14,Cash,Annually,1.0,555,1,15,0.0,1,0,0.08843537414965986,25.88359935998329,Mid Value,0,0,Deal Hunter
1346,40,Male,Dress,Clothing,21,Nebraska,M,White,Fall,3.6,No,Standard,Yes,Yes,42,Venmo,Weekly,1.0,903,0,43,0.0,52,0,0.6122448979591837,55.025516047131276,High Value,0,0,Deal Hunter
1347,44,Male,Hoodie,Clothing,91,Mississippi,L,White,Winter,3.0,No,Free Shipping,Yes,Yes,15,Venmo,Bi-Weekly,1.0,1456,0,16,0.0,26,0,0.2586367880485527,39.79803995111527,Mid Value,0,0,Deal Hunter
1348,44,Male,Sweater,Clothing,95,Vermont,M,Cyan,Summer,3.9,No,2-Day Shipping,Yes,Yes,47,Bank Transfer,Monthly,1.0,4560,0,48,0.0,12,0,0.3848205949046285,64.67413801709702,High Value,0,0,Deal Hunter
1349,19,Male,Belt,Accessories,54,Nebraska,XL,Purple,Spring,3.2,No,Standard,Yes,Yes,23,Credit Card,Fortnightly,1.0,1296,0,24,0.0,24,0,0.2999866613311991,41.017255416420504,Mid Value,0,0,Deal Hunter
1350,21,Male,Socks,Clothing,36,South Carolina,XL,Black,Spring,3.2,No,Next Day Air,Yes,Yes,23,Cash,Bi-Weekly,1.0,864,0,24,0.0,26,0,0.3130585567560357,39.1564301453516,Mid Value,0,0,Deal Hunter
1351,31,Male,Sunglasses,Accessories,71,Delaware,M,Orange,Fall,4.3,No,Next Day Air,Yes,Yes,1,Cash,Every 3 Months,1.0,142,1,2,0.0,4,0,0.0196078431372549,19.85352934662669,Low Value,0,0,At Risk
1352,30,Male,Coat,Outerwear,31,Vermont,L,Maroon,Summer,2.8,No,2-Day Shipping,Yes,Yes,28,Bank Transfer,Quarterly,1.0,899,0,29,0.0,4,0,0.20328131252500997,33.62415174438729,Mid Value,0,0,Deal Hunter
1353,65,Male,Hat,Accessories,89,Indiana,XL,Orange,Spring,4.5,No,Next Day Air,Yes,Yes,37,Credit Card,Bi-Weekly,1.0,3382,1,38,0.0,26,0,0.40829665199413095,59.252517178638286,High Value,0,0,Deal Hunter
1354,39,Male,Pants,Clothing,83,Oregon,M,Teal,Winter,4.1,No,Next Day Air,Yes,Yes,4,Cash,Every 3 Months,1.0,415,1,5,0.0,4,0,0.04001600640256102,22.528079425110445,Low Value,0,0,At Risk
1355,64,Male,Backpack,Accessories,42,Maryland,M,Gray,Spring,3.6,No,2-Day Shipping,Yes,Yes,21,Bank Transfer,Quarterly,1.0,924,0,22,0.0,4,0,0.15566226490596236,31.28218496779808,Mid Value,0,0,Deal Hunter
1356,59,Male,Shorts,Clothing,91,Florida,M,Blue,Summer,3.0,No,2-Day Shipping,Yes,Yes,50,PayPal,Bi-Weekly,1.0,4641,0,51,0.0,26,0,0.4967320261437908,71.00112420009238,High Value,0,0,Deal Hunter
1357,49,Male,Jacket,Outerwear,61,Indiana,M,Cyan,Spring,4.0,No,Free Shipping,Yes,Yes,34,Bank Transfer,Annually,1.0,2135,1,35,0.0,1,0,0.22448979591836732,42.30052533501673,Mid Value,0,0,Deal Hunter
1358,24,Male,Backpack,Accessories,66,Texas,S,Red,Summer,3.5,No,Next Day Air,Yes,Yes,20,Cash,Quarterly,1.0,1386,0,21,0.0,4,0,0.14885954381752697,33.64739560198382,Mid Value,0,0,Deal Hunter
1359,19,Male,Scarf,Accessories,22,Nebraska,XL,Pink,Spring,2.5,No,Store Pickup,Yes,Yes,25,Venmo,Every 3 Months,1.0,572,0,26,0.0,4,0,0.18287314925970388,30.631584892560436,Mid Value,0,0,Deal Hunter
1360,27,Male,Hoodie,Clothing,68,North Carolina,S,Cyan,Winter,4.3,No,Store Pickup,Yes,Yes,26,Bank Transfer,Fortnightly,1.0,1836,1,27,0.0,24,0,0.32039482459650526,45.552910910892436,High Value,0,0,Deal Hunter
1361,56,Male,Skirt,Clothing,43,Alabama,L,Black,Fall,2.8,No,Express,Yes,Yes,4,Bank Transfer,Annually,1.0,215,0,5,0.0,1,0,0.02040816326530612,20.036587002534066,Low Value,0,0,At Risk
1362,49,Male,Dress,Clothing,32,Alabama,M,Beige,Fall,3.7,No,Next Day Air,Yes,Yes,39,Debit Card,Monthly,1.0,1280,0,40,0.0,12,0,0.33039882619714545,42.51276733425877,Mid Value,0,0,Deal Hunter
1363,41,Male,Coat,Outerwear,46,Colorado,M,Gray,Fall,4.3,No,Express,Yes,Yes,29,Cash,Weekly,1.0,1380,1,30,0.0,52,0,0.5238095238095237,53.50055936870737,High Value,0,0,Deal Hunter
1364,36,Male,Blouse,Clothing,90,Wisconsin,L,Red,Summer,4.0,No,Express,Yes,Yes,47,PayPal,Quarterly,1.0,4320,1,48,0.0,4,0,0.3325330132052821,60.816183620660084,High Value,0,0,Deal Hunter
1365,68,Male,Hat,Accessories,75,Delaware,L,Yellow,Fall,4.7,No,Express,Yes,Yes,5,Cash,Every 3 Months,1.0,450,1,6,0.0,4,0,0.046818727490996394,23.089800945582546,Low Value,0,0,At Risk
1366,28,Male,Handbag,Accessories,69,Indiana,M,Magenta,Winter,4.5,No,Store Pickup,Yes,Yes,18,Bank Transfer,Fortnightly,1.0,1311,1,19,0.0,24,0,0.26597305588902226,39.61628486805891,Mid Value,0,0,Deal Hunter
1367,45,Male,Belt,Accessories,40,Iowa,M,Magenta,Fall,3.1,No,Free Shipping,Yes,Yes,10,Credit Card,Fortnightly,1.0,440,0,11,0.0,24,0,0.21155128718153926,31.353306648235268,Mid Value,0,0,Deal Hunter
1368,60,Male,Belt,Accessories,63,Iowa,S,Black,Fall,3.8,No,Express,Yes,Yes,25,Cash,Quarterly,1.0,1638,0,26,0.0,4,0,0.18287314925970388,36.909471566333586,Mid Value,0,0,Deal Hunter
1369,21,Male,Shirt,Clothing,36,Wisconsin,L,Orange,Summer,4.9,No,Express,Yes,Yes,2,Cash,Weekly,1.0,108,1,3,0.0,52,0,0.3401360544217687,36.40831007738284,Mid Value,0,0,Deal Hunter
1370,32,Male,Shoes,Footwear,75,Iowa,M,Green,Winter,3.2,No,Standard,Yes,Yes,48,Venmo,Fortnightly,1.0,3675,0,49,0.0,24,0,0.47005468854208343,63.917649485779236,High Value,0,0,Deal Hunter
1371,27,Male,Scarf,Accessories,67,Montana,L,Peach,Summer,3.8,No,2-Day Shipping,Yes,Yes,41,Bank Transfer,Every 3 Months,1.0,2814,0,42,0.0,4,0,0.2917166866746698,49.52476278980121,High Value,0,0,Deal Hunter
1372,40,Male,Pants,Clothing,64,Mississippi,M,Charcoal,Spring,2.8,No,Store Pickup,Yes,Yes,42,Credit Card,Monthly,1.0,2752,0,43,0.0,12,0,0.3508069894624516,52.24846762086074,High Value,0,0,Deal Hunter
1373,64,Male,Blouse,Clothing,61,Michigan,M,Gray,Fall,4.0,No,2-Day Shipping,Yes,Yes,44,PayPal,Bi-Weekly,1.0,2745,1,45,0.0,26,0,0.45591569961317857,57.99029385733897,High Value,0,0,Deal Hunter
1374,18,Male,Gloves,Accessories,40,Virginia,L,Turquoise,Winter,2.6,No,Store Pickup,Yes,Yes,6,Cash,Quarterly,1.0,280,0,7,0.0,4,0,0.05362144857943177,22.15554741946041,Low Value,0,0,At Risk
1375,22,Male,Handbag,Accessories,97,New York,M,Red,Fall,2.7,No,Free Shipping,Yes,Yes,5,Bank Transfer,Quarterly,1.0,582,0,6,0.0,4,0,0.046818727490996394,23.57848613262954,Low Value,0,0,At Risk
1376,42,Male,Sneakers,Footwear,31,Maine,L,Brown,Spring,4.1,No,2-Day Shipping,Yes,Yes,8,Credit Card,Annually,1.0,279,1,9,0.0,1,0,0.047619047619047616,22.12458306973131,Low Value,0,0,At Risk
1377,57,Male,Sandals,Footwear,65,New Jersey,L,Pink,Spring,5.0,No,Free Shipping,Yes,Yes,24,PayPal,Annually,1.0,1625,1,25,0.0,1,0,0.1564625850340136,35.741038209279075,Mid Value,0,0,Deal Hunter
1378,33,Male,Sunglasses,Accessories,54,Maryland,L,Olive,Spring,3.0,No,Next Day Air,Yes,Yes,42,Venmo,Monthly,1.0,2322,0,43,0.0,12,0,0.3508069894624516,49.7161118331286,High Value,0,0,Deal Hunter
1379,37,Male,Jacket,Outerwear,49,Kentucky,XL,Lavender,Fall,3.6,No,Free Shipping,Yes,Yes,24,Venmo,Weekly,1.0,1225,0,25,0.0,52,0,0.4897959183673469,50.521046608682205,High Value,0,0,Deal Hunter
1380,21,Male,T-shirt,Clothing,64,Minnesota,L,Purple,Fall,2.8,No,2-Day Shipping,Yes,Yes,38,Venmo,Bi-Weekly,1.0,2496,0,39,0.0,26,0,0.4150993730825663,54.10159680596682,High Value,0,0,Deal Hunter
1381,51,Male,Sneakers,Footwear,35,Massachusetts,S,Beige,Winter,4.6,No,Standard,Yes,Yes,41,Cash,Fortnightly,1.0,1470,1,42,0.0,24,0,0.42243564092303587,48.731456957812775,High Value,0,0,Deal Hunter
1382,30,Male,Shoes,Footwear,86,Illinois,L,Green,Winter,2.9,No,Standard,Yes,Yes,48,Venmo,Quarterly,1.0,4214,0,49,0.0,4,0,0.33933573429371744,60.25883886294457,High Value,0,0,Deal Hunter
1383,68,Male,Jacket,Outerwear,55,Michigan,L,Brown,Winter,4.8,No,Express,Yes,Yes,16,Bank Transfer,Quarterly,1.0,935,1,17,0.0,4,0,0.12164865946378552,29.857657621411082,Mid Value,0,0,Deal Hunter
1384,36,Male,Scarf,Accessories,58,Wisconsin,M,Beige,Spring,3.3,No,Express,Yes,Yes,4,Venmo,Monthly,1.0,290,0,5,0.0,12,0,0.09230358810190742,24.23647600172825,Low Value,0,0,At Risk
1385,46,Male,Sneakers,Footwear,96,Alaska,M,Beige,Fall,4.6,No,Standard,Yes,Yes,8,Bank Transfer,Weekly,1.0,864,1,9,0.0,52,0,0.38095238095238093,42.99414213068465,Mid Value,0,0,Deal Hunter
1386,41,Male,Jewelry,Accessories,64,Mississippi,M,Indigo,Fall,2.6,No,Store Pickup,Yes,Yes,1,Bank Transfer,Bi-Weekly,1.0,128,0,2,0.0,26,0,0.1633986928104575,26.99878947818132,Mid Value,0,0,Deal Hunter
1387,68,Male,Jacket,Outerwear,56,Oregon,M,Silver,Fall,4.0,No,Next Day Air,Yes,Yes,4,Debit Card,Quarterly,1.0,280,1,5,0.0,4,0,0.04001600640256102,21.73303749175268,Low Value,0,0,At Risk
1388,21,Male,Blouse,Clothing,85,Maryland,M,Gold,Winter,3.8,No,Standard,Yes,Yes,20,Credit Card,Monthly,1.0,1785,0,21,0.0,12,0,0.2011471255168734,38.73042186772273,Mid Value,0,0,Deal Hunter
1389,62,Male,Dress,Clothing,23,Arkansas,M,Lavender,Spring,3.9,No,Express,Yes,Yes,40,Cash,Quarterly,1.0,943,0,41,0.0,4,0,0.28491396558623444,38.15047097566352,Mid Value,0,0,Deal Hunter
1390,59,Male,Scarf,Accessories,72,Illinois,L,Orange,Fall,2.6,No,Store Pickup,Yes,Yes,8,Debit Card,Fortnightly,1.0,648,0,9,0.0,24,0,0.19794584500466852,31.86706107005741,Mid Value,0,0,Deal Hunter
1391,25,Male,Hat,Accessories,38,Arkansas,M,Maroon,Summer,4.3,No,Standard,Yes,Yes,42,Debit Card,Weekly,1.0,1634,1,43,0.0,52,0,0.6122448979591837,59.61921003406761,High Value,0,0,Deal Hunter
1392,53,Male,Blouse,Clothing,29,Mississippi,S,White,Winter,3.6,No,Express,Yes,Yes,38,Credit Card,Annually,1.0,1131,0,39,0.0,1,0,0.2517006802721088,37.52147803384469,Mid Value,0,0,Deal Hunter
1393,31,Male,Gloves,Accessories,46,Arkansas,M,Yellow,Spring,4.2,No,Express,Yes,Yes,34,Venmo,Every 3 Months,1.0,1610,1,35,0.0,4,0,0.2440976390556222,40.23365896769489,Mid Value,0,0,Deal Hunter
1394,46,Male,Gloves,Accessories,58,Idaho,L,Yellow,Spring,3.9,No,Express,Yes,Yes,14,PayPal,Fortnightly,1.0,870,0,15,0.0,24,0,0.2387621715352808,35.30806058696629,Mid Value,0,0,Deal Hunter
1395,26,Male,Coat,Outerwear,43,Iowa,L,Magenta,Fall,4.7,No,Next Day Air,Yes,Yes,39,Cash,Weekly,1.0,1720,1,40,0.0,52,0,0.5918367346938775,59.05888257836488,High Value,0,0,Deal Hunter
1396,47,Male,Scarf,Accessories,32,West Virginia,L,Turquoise,Spring,2.8,No,Next Day Air,Yes,Yes,40,PayPal,Bi-Weekly,1.0,1312,0,41,0.0,26,0,0.42870481525943704,47.83998366594337,High Value,0,0,Deal Hunter
1397,37,Male,Pants,Clothing,30,Wisconsin,XL,Lavender,Winter,3.0,No,Next Day Air,Yes,Yes,49,Debit Card,Monthly,1.0,1500,0,50,0.0,12,0,0.39842603708149926,47.36438660315383,High Value,0,0,Deal Hunter
1398,55,Male,Sunglasses,Accessories,67,Massachusetts,S,Magenta,Summer,4.7,No,Store Pickup,Yes,Yes,33,PayPal,Annually,1.0,2278,1,34,0.0,1,0,0.21768707482993194,42.787081326675604,Mid Value,0,0,Deal Hunter
1399,30,Male,Dress,Clothing,45,Texas,M,Cyan,Summer,2.5,No,Free Shipping,Yes,Yes,25,Credit Card,Weekly,1.0,1170,0,26,0.0,52,0,0.4965986394557823,50.552740173582464,High Value,0,0,Deal Hunter
1400,19,Male,Hat,Accessories,81,Nebraska,M,Olive,Winter,3.1,No,Store Pickup,Yes,Yes,48,Venmo,Annually,1.0,3969,0,49,0.0,1,0,0.31972789115646255,57.791021610373996,High Value,0,0,Deal Hunter
1401,36,Male,Backpack,Accessories,23,Nevada,M,Red,Fall,3.6,No,Next Day Air,Yes,Yes,22,Credit Card,Every 3 Months,1.0,529,0,23,0.0,4,0,0.16246498599439774,29.311550700538053,Mid Value,0,0,Deal Hunter
1402,23,Male,Sandals,Footwear,59,Indiana,M,Blue,Fall,3.5,No,2-Day Shipping,Yes,Yes,1,PayPal,Weekly,1.0,118,0,2,0.0,52,0,0.3333333333333333,35.82291338690495,Mid Value,0,0,Deal Hunter
1403,62,Male,Sunglasses,Accessories,21,North Dakota,L,White,Summer,3.1,No,Express,Yes,Yes,47,PayPal,Monthly,1.0,1008,0,48,0.0,12,0,0.3848205949046285,43.755701370528314,Mid Value,0,0,Deal Hunter
1404,26,Male,Backpack,Accessories,20,Georgia,M,Peach,Spring,3.6,No,Store Pickup,Yes,Yes,20,Credit Card,Bi-Weekly,1.0,420,0,21,0.0,26,0,0.2926503934907296,35.474826951281344,Mid Value,0,0,Deal Hunter
1405,36,Male,Jewelry,Accessories,28,New Mexico,M,Charcoal,Winter,3.5,No,Next Day Air,Yes,Yes,10,Debit Card,Weekly,1.0,308,0,11,0.0,52,0,0.3945578231292517,40.14225713285967,Mid Value,0,0,Deal Hunter
1406,33,Male,Socks,Clothing,100,New Hampshire,M,Peach,Winter,2.7,No,Store Pickup,Yes,Yes,39,Credit Card,Monthly,1.0,4000,0,40,0.0,12,0,0.33039882619714545,58.53138999154112,High Value,0,0,Deal Hunter
1407,32,Male,Shirt,Clothing,46,Washington,L,Turquoise,Spring,3.6,No,Express,Yes,Yes,15,Debit Card,Monthly,1.0,736,0,16,0.0,12,0,0.16713352007469653,30.774653896808985,Mid Value,0,0,Deal Hunter
1408,56,Male,Handbag,Accessories,61,Nevada,XL,Charcoal,Spring,4.5,No,Express,Yes,Yes,11,Credit Card,Annually,1.0,732,1,12,0.0,1,0,0.06802721088435373,25.85918905935875,Mid Value,0,0,Deal Hunter
1409,58,Male,Blouse,Clothing,58,Maine,M,Yellow,Winter,4.1,No,Free Shipping,Yes,Yes,38,Venmo,Weekly,1.0,2262,1,39,0.0,52,0,0.5850340136054422,61.89522917305892,High Value,0,0,Deal Hunter
1410,34,Male,Backpack,Accessories,50,Idaho,M,Blue,Spring,4.2,No,Standard,Yes,Yes,41,Cash,Fortnightly,1.0,2100,1,42,0.0,24,0,0.42243564092303587,52.441652646815676,High Value,0,0,Deal Hunter
1411,61,Male,Hat,Accessories,93,Tennessee,M,Purple,Summer,4.0,No,Store Pickup,Yes,Yes,18,Debit Card,Annually,1.0,1767,1,19,0.0,1,0,0.11564625850340135,34.44370731268298,Mid Value,0,0,Deal Hunter
1412,48,Male,Skirt,Clothing,24,Louisiana,L,Green,Summer,2.8,No,Store Pickup,Yes,Yes,13,Venmo,Quarterly,1.0,336,0,14,0.0,4,0,0.10124049619847938,24.974539356064277,Mid Value,0,0,Deal Hunter
1413,25,Male,Shorts,Clothing,100,Michigan,M,Charcoal,Summer,2.6,No,2-Day Shipping,Yes,Yes,43,Venmo,Annually,1.0,4400,0,44,0.0,1,0,0.2857142857142857,58.551268908863875,High Value,0,0,Deal Hunter
1414,51,Male,Blouse,Clothing,79,New Hampshire,S,Indigo,Fall,2.7,No,Store Pickup,Yes,Yes,12,Bank Transfer,Quarterly,1.0,1027,0,13,0.0,4,0,0.09443777511004402,28.688376677205028,Mid Value,0,0,Deal Hunter
1415,29,Male,Socks,Clothing,51,Minnesota,M,Black,Summer,4.5,No,Store Pickup,Yes,Yes,3,Credit Card,Bi-Weekly,1.0,204,1,4,0.0,26,0,0.17700413498732823,28.44625686395536,Mid Value,0,0,Deal Hunter
1416,54,Male,Belt,Accessories,90,Illinois,M,Blue,Winter,3.7,No,Free Shipping,Yes,Yes,12,Credit Card,Every 3 Months,1.0,1170,0,13,0.0,4,0,0.09443777511004402,29.530532206613625,Mid Value,0,0,Deal Hunter
1417,48,Male,Boots,Footwear,56,Idaho,L,Silver,Summer,3.4,No,Free Shipping,Yes,Yes,46,Cash,Quarterly,1.0,2632,0,47,0.0,4,0,0.32573029211684673,50.23092616839343,High Value,0,0,Deal Hunter
1418,62,Male,Shorts,Clothing,25,Montana,S,Brown,Spring,4.6,No,Standard,Yes,Yes,21,Debit Card,Fortnightly,1.0,550,1,22,0.0,24,0,0.28638121915432835,36.20140265697284,Mid Value,0,0,Deal Hunter
1419,18,Male,Shirt,Clothing,75,Alabama,M,Violet,Summer,4.1,No,2-Day Shipping,Yes,Yes,23,Venmo,Every 3 Months,1.0,1800,1,24,0.0,4,0,0.16926770708283312,37.441011958655174,Mid Value,0,0,Deal Hunter
1420,43,Male,Handbag,Accessories,75,Montana,M,Orange,Summer,2.6,No,Free Shipping,Yes,Yes,4,Debit Card,Quarterly,1.0,375,0,5,0.0,4,0,0.04001600640256102,22.00382229706458,Low Value,0,0,At Risk
1421,22,Male,Jeans,Clothing,53,California,XL,Gray,Summer,4.6,No,Store Pickup,Yes,Yes,45,PayPal,Every 3 Months,1.0,2438,1,46,0.0,4,0,0.31892757102841135,49.02151107420277,High Value,0,0,Deal Hunter
1422,68,Male,Dress,Clothing,100,Pennsylvania,S,Gold,Spring,3.0,No,Standard,Yes,Yes,24,Bank Transfer,Fortnightly,1.0,2500,0,25,0.0,24,0,0.3067893824196345,48.46345115982021,High Value,0,0,Deal Hunter
1423,44,Male,Dress,Clothing,27,Texas,L,Charcoal,Fall,3.4,No,Free Shipping,Yes,Yes,3,PayPal,Bi-Weekly,1.0,108,0,4,0.0,26,0,0.17700413498732823,27.592204563553686,Mid Value,0,0,Deal Hunter
1424,51,Male,Sandals,Footwear,60,Michigan,S,Black,Fall,3.5,No,Free Shipping,Yes,Yes,12,Venmo,Every 3 Months,1.0,780,0,13,0.0,4,0,0.09443777511004402,27.233744399135638,Mid Value,0,0,Deal Hunter
1425,66,Male,Jacket,Outerwear,23,Connecticut,S,Indigo,Fall,3.5,No,Standard,Yes,Yes,34,Bank Transfer,Every 3 Months,1.0,805,0,35,0.0,4,0,0.2440976390556222,35.204164217288366,Mid Value,0,0,Deal Hunter
1426,59,Male,Coat,Outerwear,40,Wyoming,S,White,Winter,3.7,No,Next Day Air,Yes,Yes,39,Credit Card,Annually,1.0,1600,0,40,0.0,1,0,0.25850340136054417,40.63911214007434,Mid Value,0,0,Deal Hunter
1427,60,Male,Pants,Clothing,38,Michigan,M,Yellow,Summer,4.8,No,Free Shipping,Yes,Yes,35,PayPal,Every 3 Months,1.0,1368,1,36,0.0,4,0,0.2509003601440576,39.164072224906995,Mid Value,0,0,Deal Hunter
1428,31,Male,Backpack,Accessories,90,South Dakota,S,Orange,Summer,4.9,No,Store Pickup,Yes,Yes,8,Credit Card,Annually,1.0,810,1,9,0.0,1,0,0.047619047619047616,25.25174800760518,Mid Value,0,0,Deal Hunter
1429,20,Male,Blouse,Clothing,97,North Dakota,S,Green,Summer,4.9,No,Express,Yes,Yes,42,PayPal,Quarterly,1.0,4171,1,43,0.0,4,0,0.2985194077631052,58.160695205464755,High Value,0,0,Deal Hunter
1430,24,Male,Skirt,Clothing,38,Maryland,L,Gold,Fall,4.7,No,Standard,Yes,Yes,6,Credit Card,Every 3 Months,1.0,266,1,7,0.0,4,0,0.05362144857943177,22.36178777416317,Low Value,0,0,At Risk
1431,48,Male,Sandals,Footwear,30,Michigan,S,Orange,Summer,4.9,No,Free Shipping,Yes,Yes,3,Credit Card,Fortnightly,1.0,120,1,4,0.0,24,0,0.16393223956249164,27.26825518974571,Mid Value,0,0,Deal Hunter
1432,39,Male,Pants,Clothing,88,South Dakota,M,Cyan,Fall,2.9,No,Express,Yes,Yes,29,Venmo,Quarterly,1.0,2640,0,30,0.0,4,0,0.21008403361344535,44.23284762269898,High Value,0,0,Deal Hunter
1433,34,Male,Hat,Accessories,33,Florida,L,Black,Winter,4.4,No,Express,Yes,Yes,32,Debit Card,Quarterly,1.0,1089,1,33,0.0,4,0,0.2304921968787515,36.45418694938512,Mid Value,0,0,Deal Hunter
1434,70,Male,Hoodie,Clothing,60,Minnesota,L,Yellow,Winter,3.2,No,Next Day Air,Yes,Yes,45,Debit Card,Weekly,1.0,2760,0,46,0.0,52,0,0.6326530612244898,67.02855814367946,High Value,0,0,Deal Hunter
1435,59,Male,Sweater,Clothing,64,New York,L,Maroon,Summer,4.6,No,Free Shipping,Yes,Yes,21,Debit Card,Bi-Weekly,1.0,1408,1,22,0.0,26,0,0.29945311457916496,41.93764474910033,Mid Value,0,0,Deal Hunter
1436,45,Male,Scarf,Accessories,95,Oregon,XL,Black,Fall,4.0,No,Standard,Yes,Yes,41,Cash,Weekly,1.0,3990,1,42,0.0,52,0,0.6054421768707483,73.13856453328745,High Value,0,0,Deal Hunter
1437,35,Male,Sneakers,Footwear,83,Minnesota,M,Gray,Winter,3.7,No,Free Shipping,Yes,Yes,23,PayPal,Fortnightly,1.0,1992,0,24,0.0,24,0,0.2999866613311991,45.11613827284275,High Value,0,0,Deal Hunter
1438,69,Male,Boots,Footwear,97,Montana,XL,Orange,Winter,4.2,No,Free Shipping,Yes,Yes,14,Cash,Annually,1.0,1455,1,15,0.0,1,0,0.08843537414965986,31.183878915701708,Mid Value,0,0,Deal Hunter
1439,58,Male,Coat,Outerwear,38,Washington,M,Cyan,Spring,2.9,No,Standard,Yes,Yes,24,Debit Card,Monthly,1.0,950,0,25,0.0,12,0,0.22835800987061491,35.235338430916194,Mid Value,0,0,Deal Hunter
1440,25,Male,Boots,Footwear,48,New Mexico,M,Magenta,Summer,4.8,No,Next Day Air,Yes,Yes,25,Cash,Fortnightly,1.0,1248,1,26,0.0,24,0,0.3135921035080699,41.73446206340668,Mid Value,0,0,Deal Hunter
1441,27,Male,Sandals,Footwear,76,Arizona,M,Pink,Spring,4.4,No,Standard,Yes,Yes,13,Venmo,Monthly,1.0,1064,1,14,0.0,12,0,0.1535280778978258,32.2838014071853,Mid Value,0,0,Deal Hunter
1442,34,Male,Pants,Clothing,25,Nebraska,S,Turquoise,Summer,3.4,No,Free Shipping,Yes,Yes,3,Venmo,Every 3 Months,1.0,100,0,4,0.0,4,0,0.03321328531412565,20.02869289506756,Low Value,0,0,At Risk
1443,53,Male,Hoodie,Clothing,92,Idaho,S,Violet,Spring,2.8,No,2-Day Shipping,Yes,Yes,42,Credit Card,Annually,1.0,3956,0,43,0.0,1,0,0.2789115646258503,55.58086479029306,High Value,0,0,Deal Hunter
1444,58,Male,Sandals,Footwear,47,Idaho,L,Teal,Fall,4.2,No,Next Day Air,Yes,Yes,2,Cash,Monthly,1.0,141,1,3,0.0,12,0,0.07869814592503667,22.9364753475738,Low Value,0,0,At Risk
1445,32,Male,Sweater,Clothing,36,Vermont,L,Pink,Fall,3.8,No,Express,Yes,Yes,26,Cash,Quarterly,1.0,972,0,27,0.0,4,0,0.18967587034813926,33.342864232851674,Mid Value,0,0,Deal Hunter
1446,64,Male,Belt,Accessories,51,Arkansas,M,Gold,Fall,3.1,No,2-Day Shipping,Yes,Yes,24,Credit Card,Annually,1.0,1275,0,25,0.0,1,0,0.1564625850340136,33.39112923426353,Mid Value,0,0,Deal Hunter
1447,63,Male,Jeans,Clothing,35,Wyoming,XL,Red,Summer,3.2,No,Express,Yes,Yes,6,Credit Card,Quarterly,1.0,245,0,7,0.0,4,0,0.05362144857943177,21.949425436738032,Low Value,0,0,At Risk
1448,23,Male,Hoodie,Clothing,57,New Mexico,S,Beige,Summer,3.0,No,Next Day Air,Yes,Yes,25,PayPal,Monthly,1.0,1482,0,26,0.0,12,0,0.23516073095905027,38.72399210604614,Mid Value,0,0,Deal Hunter
1449,64,Male,Boots,Footwear,95,West Virginia,M,Black,Summer,3.6,No,Free Shipping,Yes,Yes,11,Credit Card,Every 3 Months,1.0,1140,0,12,0.0,4,0,0.08763505402160864,28.99825668367329,Mid Value,0,0,Deal Hunter
1450,18,Male,Socks,Clothing,41,New York,L,Lavender,Winter,2.5,No,Store Pickup,Yes,Yes,20,Cash,Every 3 Months,1.0,861,0,21,0.0,4,0,0.14885954381752697,30.55556586114807,Mid Value,0,0,Deal Hunter
1451,25,Male,Dress,Clothing,44,Illinois,S,Teal,Winter,3.4,No,Free Shipping,Yes,Yes,25,Cash,Quarterly,1.0,1144,0,26,0.0,4,0,0.18287314925970388,34.00020701019481,Mid Value,0,0,Deal Hunter
1452,54,Male,Jacket,Outerwear,34,Utah,M,Maroon,Fall,2.5,No,Next Day Air,Yes,Yes,35,PayPal,Quarterly,1.0,1224,0,36,0.0,4,0,0.2509003601440576,38.02733834820033,Mid Value,0,0,Deal Hunter
1453,60,Male,Jacket,Outerwear,25,Colorado,L,Blue,Spring,4.7,No,2-Day Shipping,Yes,Yes,11,Bank Transfer,Quarterly,1.0,300,1,12,0.0,4,0,0.08763505402160864,24.34001824612781,Low Value,0,0,At Risk
1454,36,Male,Boots,Footwear,93,Virginia,S,Teal,Winter,3.2,No,2-Day Shipping,Yes,Yes,41,Bank Transfer,Fortnightly,1.0,3906,0,42,0.0,24,0,0.42243564092303587,62.78885780749892,High Value,0,0,Deal Hunter
1455,66,Male,Sneakers,Footwear,50,Georgia,L,Maroon,Winter,2.9,No,Free Shipping,Yes,Yes,17,Credit Card,Annually,1.0,900,0,18,0.0,1,0,0.10884353741496597,28.6934826551328,Mid Value,0,0,Deal Hunter
1456,60,Male,Pants,Clothing,79,Alabama,L,Silver,Fall,4.9,No,Express,Yes,Yes,1,PayPal,Every 3 Months,1.0,158,1,2,0.0,4,0,0.0196078431372549,19.94775653872835,Low Value,0,0,At Risk
1457,59,Male,Coat,Outerwear,100,Montana,S,Olive,Spring,2.7,No,Store Pickup,Yes,Yes,30,PayPal,Every 3 Months,1.0,3100,0,31,0.0,4,0,0.21688675470188074,47.29747893337145,High Value,0,0,Deal Hunter
1458,58,Male,Shirt,Clothing,57,Pennsylvania,S,Gray,Spring,4.7,No,Express,Yes,Yes,47,Venmo,Fortnightly,1.0,2736,1,48,0.0,24,0,0.46325196745364816,58.32078075935502,High Value,0,0,Deal Hunter
1459,35,Male,Sweater,Clothing,28,Missouri,M,Peach,Spring,2.9,No,2-Day Shipping,Yes,Yes,34,Venmo,Weekly,1.0,980,0,35,0.0,52,0,0.5578231292517006,52.63418810712274,High Value,0,0,Deal Hunter
1460,20,Male,Shoes,Footwear,35,Maine,L,Yellow,Winter,4.8,No,Express,Yes,Yes,18,Venmo,Fortnightly,1.0,665,1,19,0.0,24,0,0.26597305588902226,35.811861986954355,Mid Value,0,0,Deal Hunter
1461,70,Male,Boots,Footwear,85,Pennsylvania,L,Violet,Fall,4.6,No,Standard,Yes,Yes,33,Venmo,Bi-Weekly,1.0,2890,1,34,0.0,26,0,0.38108576764038943,54.93263287051333,High Value,0,0,Deal Hunter
1462,54,Male,Sunglasses,Accessories,95,Oregon,S,Red,Summer,5.0,No,2-Day Shipping,Yes,Yes,42,Venmo,Quarterly,1.0,4085,1,43,0.0,4,0,0.2985194077631052,57.654224047918326,High Value,0,0,Deal Hunter
1463,38,Male,Sneakers,Footwear,90,Utah,S,Charcoal,Summer,4.8,No,2-Day Shipping,Yes,Yes,2,Venmo,Quarterly,1.0,270,1,3,0.0,4,0,0.026410564225690276,20.9629464211897,Low Value,0,0,At Risk
1464,54,Male,Jewelry,Accessories,49,Oklahoma,M,Beige,Summer,4.9,No,Store Pickup,Yes,Yes,1,Bank Transfer,Monthly,1.0,98,1,2,0.0,12,0,0.0718954248366013,22.32764023105087,Low Value,0,0,At Risk
1465,33,Male,Belt,Accessories,92,Montana,M,Peach,Winter,4.6,No,2-Day Shipping,Yes,Yes,23,Bank Transfer,Quarterly,1.0,2208,1,24,0.0,4,0,0.16926770708283312,39.843805357247525,Mid Value,0,0,Deal Hunter
1466,46,Male,Gloves,Accessories,72,Nebraska,XL,Violet,Winter,3.9,No,Store Pickup,Yes,Yes,42,Cash,Bi-Weekly,1.0,3096,0,43,0.0,26,0,0.4423102574363078,59.057514660778,High Value,0,0,Deal Hunter
1467,58,Male,Shorts,Clothing,71,Alabama,M,Green,Summer,4.5,No,Store Pickup,Yes,Yes,3,PayPal,Annually,1.0,284,1,4,0.0,1,0,0.013605442176870746,20.37603137851447,Low Value,0,0,At Risk
1468,30,Male,Jewelry,Accessories,27,Ohio,XL,Olive,Winter,4.7,No,Store Pickup,Yes,Yes,16,Debit Card,Fortnightly,1.0,459,1,17,0.0,24,0,0.25236761371215155,33.88748781314603,Mid Value,0,0,Deal Hunter
1469,42,Male,Gloves,Accessories,39,Arkansas,S,Silver,Fall,3.9,No,Express,Yes,Yes,46,Cash,Fortnightly,1.0,1833,0,47,0.0,24,0,0.4564492463652128,52.3585449195761,High Value,0,0,Deal Hunter
1470,28,Male,Jewelry,Accessories,98,Mississippi,M,Purple,Winter,4.4,No,Standard,Yes,Yes,31,PayPal,Every 3 Months,1.0,3136,1,32,0.0,4,0,0.22368947579031612,48.15377880114163,High Value,0,0,Deal Hunter
1471,43,Male,Sandals,Footwear,27,California,M,Silver,Spring,3.9,No,Next Day Air,Yes,Yes,15,Cash,Every 3 Months,1.0,432,0,16,0.0,4,0,0.11484593837535013,26.251101584173686,Mid Value,0,0,Deal Hunter
1472,31,Male,Jewelry,Accessories,71,Alaska,S,Gray,Spring,2.8,No,2-Day Shipping,Yes,Yes,48,Venmo,Every 3 Months,1.0,3479,0,49,0.0,4,0,0.33933573429371744,55.93027722577454,High Value,0,0,Deal Hunter
1473,39,Male,Hat,Accessories,24,Indiana,L,Turquoise,Spring,3.5,No,Store Pickup,Yes,Yes,11,Cash,Weekly,1.0,288,0,12,0.0,52,0,0.4013605442176871,40.380072680482314,Mid Value,0,0,Deal Hunter
1474,69,Male,Shorts,Clothing,63,Wisconsin,M,Violet,Fall,4.3,No,Express,Yes,Yes,20,Credit Card,Every 3 Months,1.0,1323,1,21,0.0,4,0,0.14885954381752697,33.56506518087524,Mid Value,0,0,Deal Hunter
1475,31,Male,Sweater,Clothing,72,New Jersey,S,Pink,Fall,3.9,No,Next Day Air,Yes,Yes,6,Credit Card,Monthly,1.0,504,0,7,0.0,12,0,0.10590903027877817,26.207963771587405,Mid Value,0,0,Deal Hunter
1476,44,Male,Blouse,Clothing,61,Rhode Island,M,Teal,Spring,4.0,No,Express,Yes,Yes,24,Cash,Monthly,1.0,1525,1,25,0.0,12,0,0.22835800987061491,38.91031729486134,Mid Value,0,0,Deal Hunter
1477,39,Male,Hat,Accessories,56,Wyoming,M,Magenta,Fall,4.1,No,Next Day Air,Yes,Yes,18,Credit Card,Monthly,1.0,1064,1,19,0.0,12,0,0.18754168334000265,34.06179909593391,Mid Value,0,0,Deal Hunter
1478,24,Male,Belt,Accessories,32,Oregon,XL,Silver,Summer,4.3,No,Standard,Yes,Yes,1,PayPal,Every 3 Months,1.0,64,1,2,0.0,4,0,0.0196078431372549,19.394171785131093,Low Value,0,0,At Risk
1479,28,Male,Gloves,Accessories,23,Washington,M,Blue,Summer,4.2,No,Free Shipping,Yes,Yes,13,Venmo,Bi-Weekly,1.0,322,1,14,0.0,26,0,0.24503134587168196,32.69717778320233,Mid Value,0,0,Deal Hunter
1480,48,Male,Coat,Outerwear,100,Washington,L,Black,Spring,4.0,No,Standard,Yes,Yes,2,Bank Transfer,Weekly,1.0,300,1,3,0.0,52,0,0.3401360544217687,37.539036382602774,Mid Value,0,0,Deal Hunter
1481,39,Male,Jewelry,Accessories,74,New Hampshire,M,Gold,Fall,3.6,No,Express,Yes,Yes,26,Cash,Quarterly,1.0,1998,0,27,0.0,4,0,0.18967587034813926,39.385182926370675,Mid Value,0,0,Deal Hunter
1482,64,Male,Skirt,Clothing,33,Maryland,S,Gray,Spring,3.3,No,Standard,Yes,Yes,31,PayPal,Quarterly,1.0,1056,0,32,0.0,4,0,0.22368947579031612,35.615554680134004,Mid Value,0,0,Deal Hunter
1483,28,Male,Gloves,Accessories,67,Wisconsin,S,Magenta,Spring,4.1,No,2-Day Shipping,Yes,Yes,43,Bank Transfer,Weekly,1.0,2948,1,44,0.0,52,0,0.6190476190476191,67.71321772316622,High Value,0,0,Deal Hunter
1484,39,Male,Jewelry,Accessories,61,Massachusetts,S,Yellow,Summer,4.7,No,Next Day Air,Yes,Yes,12,Debit Card,Bi-Weekly,1.0,793,1,13,0.0,26,0,0.2382286247832466,35.11539121294525,Mid Value,0,0,Deal Hunter
1485,49,Male,Shorts,Clothing,46,Nebraska,M,Teal,Summer,4.4,No,Store Pickup,Yes,Yes,22,Venmo,Every 3 Months,1.0,1058,1,23,0.0,4,0,0.16246498599439774,32.71562638719093,Mid Value,0,0,Deal Hunter
1486,22,Male,Gloves,Accessories,56,Nebraska,L,Red,Spring,3.4,No,Standard,Yes,Yes,3,Cash,Fortnightly,1.0,224,0,4,0.0,24,0,0.16393223956249164,27.59204279061479,Mid Value,0,0,Deal Hunter
1487,25,Male,Sneakers,Footwear,73,Idaho,S,Yellow,Spring,5.0,No,Free Shipping,Yes,Yes,23,Venmo,Every 3 Months,1.0,1752,1,24,0.0,4,0,0.16926770708283312,37.158330382350194,Mid Value,0,0,Deal Hunter
1488,40,Male,Skirt,Clothing,44,Arizona,L,Black,Summer,4.6,No,Store Pickup,Yes,Yes,26,PayPal,Annually,1.0,1188,1,27,0.0,1,0,0.17006802721088435,33.87865710050191,Mid Value,0,0,Deal Hunter
1489,23,Male,Hat,Accessories,44,Hawaii,L,Pink,Winter,4.0,No,Standard,Yes,Yes,37,Credit Card,Weekly,1.0,1672,1,38,0.0,52,0,0.5782312925170068,58.065001926560456,High Value,0,0,Deal Hunter
1490,24,Male,Jewelry,Accessories,26,Missouri,XL,Magenta,Summer,4.1,No,Next Day Air,Yes,Yes,42,Venmo,Quarterly,1.0,1118,1,43,0.0,4,0,0.2985194077631052,40.180969112566586,Mid Value,0,0,Deal Hunter
1491,66,Male,Sneakers,Footwear,52,Louisiana,L,Olive,Spring,4.9,No,Express,Yes,Yes,15,Venmo,Bi-Weekly,1.0,832,1,16,0.0,26,0,0.2586367880485527,36.41186860694221,Mid Value,0,0,Deal Hunter
1492,27,Male,Shirt,Clothing,54,Arkansas,S,Black,Summer,2.7,No,Free Shipping,Yes,Yes,10,Bank Transfer,Quarterly,1.0,594,0,11,0.0,4,0,0.08083233293317327,25.427154215454394,Mid Value,0,0,Deal Hunter
1493,62,Male,Jacket,Outerwear,38,North Carolina,M,Maroon,Summer,4.5,No,Free Shipping,Yes,Yes,3,Venmo,Quarterly,1.0,152,1,4,0.0,4,0,0.03321328531412565,20.62362041718967,Low Value,0,0,At Risk
1494,70,Male,Belt,Accessories,44,North Dakota,S,Gold,Fall,2.7,No,Standard,Yes,Yes,44,Credit Card,Quarterly,1.0,1980,0,45,0.0,4,0,0.31212484993997597,45.6799690147513,High Value,0,0,Deal Hunter
1495,43,Male,T-shirt,Clothing,76,Montana,M,Gray,Spring,3.0,No,Next Day Air,Yes,Yes,23,Bank Transfer,Fortnightly,1.0,1824,0,24,0.0,24,0,0.2999866613311991,44.126752755775314,High Value,0,0,Deal Hunter
1496,45,Male,Jewelry,Accessories,23,Rhode Island,M,Brown,Winter,4.5,No,Next Day Air,Yes,Yes,6,PayPal,Weekly,1.0,161,1,7,0.0,52,0,0.36734693877551017,38.142835802218485,Mid Value,0,0,Deal Hunter
1497,63,Male,T-shirt,Clothing,98,Idaho,M,Purple,Winter,5.0,No,Standard,Yes,Yes,9,Venmo,Bi-Weekly,1.0,980,1,10,0.0,26,0,0.2178204615179405,35.149872907384236,Mid Value,0,0,Deal Hunter
1498,69,Male,Jacket,Outerwear,33,Michigan,S,Magenta,Spring,3.8,No,2-Day Shipping,Yes,Yes,16,Debit Card,Every 3 Months,1.0,561,0,17,0.0,4,0,0.12164865946378552,27.366407858243047,Mid Value,0,0,Deal Hunter
1499,59,Male,Sweater,Clothing,32,Illinois,M,Teal,Summer,3.1,No,Standard,Yes,Yes,46,Venmo,Fortnightly,1.0,1504,0,47,0.0,24,0,0.4564492463652128,50.420998281985696,High Value,0,0,Deal Hunter
1500,19,Male,Boots,Footwear,85,Georgia,S,Olive,Fall,3.4,No,Free Shipping,Yes,Yes,24,Credit Card,Every 3 Months,1.0,2125,0,25,0.0,4,0,0.1760704281712685,39.42191218817817,Mid Value,0,0,Deal Hunter
1501,63,Male,Jeans,Clothing,69,Alabama,L,Maroon,Summer,4.8,No,Next Day Air,Yes,Yes,22,Debit Card,Monthly,1.0,1587,1,23,0.0,12,0,0.21475256769374415,38.56424858875583,Mid Value,0,0,Deal Hunter
1502,37,Male,Jeans,Clothing,55,Alaska,XL,Silver,Spring,2.7,No,Standard,Yes,Yes,13,Debit Card,Every 3 Months,1.0,770,0,14,0.0,4,0,0.10124049619847938,27.530451941821827,Mid Value,0,0,Deal Hunter
1503,37,Male,Pants,Clothing,66,Massachusetts,M,Black,Summer,3.2,No,Store Pickup,Yes,Yes,20,Cash,Fortnightly,1.0,1386,0,21,0.0,24,0,0.27957849806589297,40.480484758743174,Mid Value,0,0,Deal Hunter
1504,50,Male,Jacket,Outerwear,30,Michigan,M,Maroon,Fall,3.9,No,2-Day Shipping,Yes,Yes,46,Cash,Quarterly,1.0,1410,0,47,0.0,4,0,0.32573029211684673,43.034324371629076,Mid Value,0,0,Deal Hunter
1505,60,Male,Jacket,Outerwear,80,Alaska,M,Teal,Winter,4.2,No,Next Day Air,Yes,Yes,10,Bank Transfer,Monthly,1.0,880,1,11,0.0,12,0,0.13311991463251965,30.133390084767036,Mid Value,0,0,Deal Hunter
1506,46,Male,Belt,Accessories,20,North Dakota,M,Teal,Summer,3.0,No,Express,Yes,Yes,39,Cash,Monthly,1.0,800,0,40,0.0,12,0,0.33039882619714545,39.685951571208946,Mid Value,0,0,Deal Hunter
1507,35,Male,Shirt,Clothing,30,South Carolina,L,Beige,Fall,3.0,No,2-Day Shipping,Yes,Yes,44,PayPal,Quarterly,1.0,1350,0,45,0.0,4,0,0.31212484993997597,41.96977332574841,Mid Value,0,0,Deal Hunter
1508,66,Male,Dress,Clothing,86,Pennsylvania,S,Maroon,Winter,3.7,No,2-Day Shipping,Yes,Yes,7,Venmo,Annually,1.0,688,0,8,0.0,1,0,0.04081632653061224,23.888976982288582,Low Value,0,0,At Risk
1509,35,Male,Blouse,Clothing,84,Colorado,L,Beige,Spring,4.4,No,Store Pickup,Yes,Yes,3,Cash,Every 3 Months,1.0,336,1,4,0.0,4,0,0.03321328531412565,21.707233126358773,Low Value,0,0,At Risk
1510,20,Male,Dress,Clothing,54,New Hampshire,XL,White,Summer,4.6,No,Free Shipping,Yes,Yes,44,Debit Card,Annually,1.0,2430,1,45,0.0,1,0,0.2925170068027211,47.59383456688832,High Value,0,0,Deal Hunter
1511,55,Male,Blouse,Clothing,30,Maryland,XL,Gray,Fall,3.0,No,Free Shipping,Yes,Yes,31,Venmo,Annually,1.0,960,0,32,0.0,1,0,0.20408163265306123,34.02522815401014,Mid Value,0,0,Deal Hunter
1512,34,Male,Dress,Clothing,91,Georgia,M,Violet,Winter,3.6,No,Express,Yes,Yes,48,Credit Card,Weekly,1.0,4459,0,49,0.0,52,0,0.6530612244897959,78.10110671822372,High Value,0,0,Deal Hunter
1513,60,Male,Sneakers,Footwear,23,Wisconsin,L,Silver,Winter,3.9,No,Standard,Yes,Yes,18,PayPal,Bi-Weekly,1.0,437,0,19,0.0,26,0,0.27904495131385887,34.86374426738991,Mid Value,0,0,Deal Hunter
1514,22,Male,Socks,Clothing,35,Texas,M,Red,Spring,4.1,No,Free Shipping,Yes,Yes,27,Cash,Monthly,1.0,980,1,28,0.0,12,0,0.24876617313592103,36.76750217714769,Mid Value,0,0,Deal Hunter
1515,26,Male,Shoes,Footwear,90,Utah,L,Brown,Winter,3.9,No,2-Day Shipping,Yes,Yes,1,Venmo,Weekly,1.0,180,0,2,0.0,52,0,0.3333333333333333,36.18804375629889,Mid Value,0,0,Deal Hunter
1516,39,Male,Jeans,Clothing,93,Indiana,S,Turquoise,Fall,3.9,No,2-Day Shipping,Yes,Yes,34,Cash,Weekly,1.0,3255,0,35,0.0,52,0,0.5578231292517006,66.03211698407763,High Value,0,0,Deal Hunter
1517,20,Male,Jeans,Clothing,68,Nevada,L,Indigo,Winter,4.5,No,Express,Yes,Yes,5,Bank Transfer,Bi-Weekly,1.0,408,1,6,0.0,26,0,0.190609577164199,30.35885263875098,Mid Value,0,0,Deal Hunter
1518,57,Male,Gloves,Accessories,41,New Hampshire,M,Violet,Spring,3.4,No,Standard,Yes,Yes,12,Cash,Quarterly,1.0,533,0,13,0.0,4,0,0.09443777511004402,25.779112121066255,Mid Value,0,0,Deal Hunter
1519,68,Male,Belt,Accessories,73,New York,M,Yellow,Winter,4.1,No,Next Day Air,Yes,Yes,14,Venmo,Fortnightly,1.0,1095,1,15,0.0,24,0,0.2387621715352808,36.921819623687604,Mid Value,0,0,Deal Hunter
1520,50,Male,Sunglasses,Accessories,73,Texas,L,Cyan,Fall,4.9,No,Next Day Air,Yes,Yes,40,PayPal,Weekly,1.0,2993,1,41,0.0,52,0,0.5986394557823129,66.911433087703,High Value,0,0,Deal Hunter
1521,21,Male,Hat,Accessories,66,Iowa,M,Brown,Summer,4.4,No,2-Day Shipping,Yes,Yes,39,Cash,Quarterly,1.0,2640,1,40,0.0,4,0,0.27811124449779906,48.07753214798791,High Value,0,0,Deal Hunter
1522,29,Male,Backpack,Accessories,59,Washington,M,White,Summer,2.7,No,2-Day Shipping,Yes,Yes,50,Bank Transfer,Weekly,1.0,3009,0,51,0.0,52,0,0.6666666666666666,70.27296650951016,High Value,0,0,Deal Hunter
1523,38,Male,Shorts,Clothing,72,Tennessee,L,Yellow,Spring,4.8,No,Free Shipping,Yes,Yes,5,Debit Card,Monthly,1.0,432,1,6,0.0,12,0,0.0991063091903428,25.71703101717192,Mid Value,0,0,Deal Hunter
1524,54,Male,Socks,Clothing,88,Georgia,M,White,Summer,3.3,No,2-Day Shipping,Yes,Yes,35,Debit Card,Annually,1.0,3168,0,36,0.0,1,0,0.2312925170068027,48.45097881503822,High Value,0,0,Deal Hunter
1525,22,Male,Socks,Clothing,76,Massachusetts,L,Pink,Summer,4.4,No,Free Shipping,Yes,Yes,6,Cash,Bi-Weekly,1.0,532,1,7,0.0,26,0,0.19741229825263434,31.444712915288576,Mid Value,0,0,Deal Hunter
1526,29,Male,Belt,Accessories,31,Oregon,M,Indigo,Winter,4.6,No,2-Day Shipping,Yes,Yes,22,Cash,Fortnightly,1.0,713,1,23,0.0,24,0,0.29318394024276373,37.51694171425823,Mid Value,0,0,Deal Hunter
1527,41,Male,Jacket,Outerwear,22,Oklahoma,L,White,Summer,3.1,No,Next Day Air,Yes,Yes,27,PayPal,Monthly,1.0,616,0,28,0.0,12,0,0.24876617313592103,34.33514440904319,Mid Value,0,0,Deal Hunter
1528,26,Male,Hat,Accessories,75,Wisconsin,L,Red,Fall,4.5,No,2-Day Shipping,Yes,Yes,33,Debit Card,Fortnightly,1.0,2550,1,34,0.0,24,0,0.3680138722155528,52.24699612267709,High Value,0,0,Deal Hunter
1529,69,Male,T-shirt,Clothing,75,Oregon,S,Red,Spring,4.0,No,Store Pickup,Yes,Yes,47,Venmo,Bi-Weekly,1.0,3600,1,48,0.0,26,0,0.4763238628784847,64.09235804852064,High Value,0,0,Deal Hunter
1530,20,Male,Backpack,Accessories,63,Georgia,M,Lavender,Winter,3.1,No,Free Shipping,Yes,Yes,48,Credit Card,Bi-Weekly,1.0,3087,0,49,0.0,26,0,0.48312658396692004,61.13810909171914,High Value,0,0,Deal Hunter
1531,59,Male,Coat,Outerwear,21,New Mexico,M,Teal,Spring,3.9,No,Next Day Air,Yes,Yes,22,Bank Transfer,Quarterly,1.0,483,0,23,0.0,4,0,0.16246498599439774,29.040647523245777,Mid Value,0,0,Deal Hunter
1532,63,Male,Backpack,Accessories,83,Mississippi,S,Violet,Spring,4.5,No,Next Day Air,Yes,Yes,8,PayPal,Bi-Weekly,1.0,747,1,9,0.0,26,0,0.2110177404295051,33.422089884654085,Mid Value,0,0,Deal Hunter
1533,68,Male,Jacket,Outerwear,46,Wisconsin,S,Silver,Winter,4.4,No,Next Day Air,Yes,Yes,5,PayPal,Every 3 Months,1.0,276,1,6,0.0,4,0,0.046818727490996394,22.065080231476987,Low Value,0,0,At Risk
1534,50,Male,Shoes,Footwear,59,New Hampshire,M,Gold,Summer,3.6,No,2-Day Shipping,Yes,Yes,16,Bank Transfer,Quarterly,1.0,1003,0,17,0.0,4,0,0.12164865946378552,29.969434040051425,Mid Value,0,0,Deal Hunter
1535,55,Male,Blouse,Clothing,66,Wyoming,M,Green,Summer,3.4,No,Free Shipping,Yes,Yes,26,Venmo,Fortnightly,1.0,1782,0,27,0.0,24,0,0.32039482459650526,44.94620498975762,High Value,0,0,Deal Hunter
1536,36,Male,Sandals,Footwear,74,West Virginia,S,Turquoise,Fall,4.0,No,2-Day Shipping,Yes,Yes,8,Venmo,Monthly,1.0,666,1,9,0.0,12,0,0.11951447245564892,28.161902314907877,Mid Value,0,0,Deal Hunter
1537,18,Male,Sunglasses,Accessories,82,Michigan,M,Indigo,Summer,2.6,No,Store Pickup,Yes,Yes,17,Cash,Quarterly,1.0,1476,0,18,0.0,4,0,0.12845138055222088,33.1106249443065,Mid Value,0,0,Deal Hunter
1538,68,Male,Shoes,Footwear,89,Alaska,L,Black,Spring,3.2,No,Next Day Air,Yes,Yes,50,Venmo,Annually,1.0,4539,0,51,0.0,1,0,0.3333333333333333,61.8590644044951,High Value,0,0,Deal Hunter
1539,56,Male,Dress,Clothing,65,Illinois,L,Charcoal,Fall,3.2,No,Standard,Yes,Yes,22,Venmo,Bi-Weekly,1.0,1495,0,23,0.0,26,0,0.30625583566760034,42.516915496111125,Mid Value,0,0,Deal Hunter
1540,32,Male,Belt,Accessories,55,Hawaii,M,Turquoise,Spring,5.0,No,2-Day Shipping,Yes,Yes,19,Cash,Every 3 Months,1.0,1100,1,20,0.0,4,0,0.14205682272909165,31.89617415320863,Mid Value,0,0,Deal Hunter
1541,28,Male,Shorts,Clothing,95,Colorado,M,Red,Winter,2.9,No,Next Day Air,Yes,Yes,14,Bank Transfer,Monthly,1.0,1425,0,15,0.0,12,0,0.16033079898626118,34.47671281893703,Mid Value,0,0,Deal Hunter
1542,24,Male,Handbag,Accessories,77,Illinois,S,Indigo,Winter,2.9,No,Store Pickup,Yes,Yes,35,Cash,Bi-Weekly,1.0,2772,0,36,0.0,26,0,0.3946912098172602,54.66021725647131,High Value,0,0,Deal Hunter
1543,59,Male,Blouse,Clothing,44,Hawaii,M,Maroon,Winter,3.5,No,Next Day Air,Yes,Yes,43,PayPal,Weekly,1.0,1936,0,44,0.0,52,0,0.6190476190476191,61.464658674944474,High Value,0,0,Deal Hunter
1544,56,Male,Jeans,Clothing,89,Wisconsin,M,Indigo,Fall,4.0,No,Standard,Yes,Yes,24,Venmo,Annually,1.0,2225,1,25,0.0,1,0,0.1564625850340136,39.27455791309136,Mid Value,0,0,Deal Hunter
1545,30,Male,Jewelry,Accessories,24,Arkansas,M,Maroon,Spring,3.9,No,Standard,Yes,Yes,17,Debit Card,Bi-Weekly,1.0,432,0,18,0.0,26,0,0.2722422302254235,34.47869873210843,Mid Value,0,0,Deal Hunter
1546,48,Male,Belt,Accessories,43,Delaware,M,Black,Winter,4.9,No,Store Pickup,Yes,Yes,49,Bank Transfer,Annually,1.0,2150,1,50,0.0,1,0,0.32653061224489793,47.72285639385787,High Value,0,0,Deal Hunter
1547,60,Male,Sneakers,Footwear,51,Oregon,XL,Purple,Summer,3.8,No,Express,Yes,Yes,17,Bank Transfer,Annually,1.0,918,0,18,0.0,1,0,0.10884353741496597,28.799488246247172,Mid Value,0,0,Deal Hunter
1548,46,Male,Hat,Accessories,46,South Carolina,L,Teal,Summer,3.5,No,Standard,Yes,Yes,40,Cash,Quarterly,1.0,1886,0,41,0.0,4,0,0.28491396558623444,43.70398611015515,Mid Value,0,0,Deal Hunter
1549,69,Male,Dress,Clothing,32,Maryland,M,Silver,Summer,3.7,No,Store Pickup,Yes,Yes,43,Bank Transfer,Weekly,1.0,1408,0,44,0.0,52,0,0.6190476190476191,58.35516133558967,High Value,0,0,Deal Hunter
1550,19,Male,Sneakers,Footwear,55,Kansas,M,Black,Spring,2.9,No,2-Day Shipping,Yes,Yes,19,Debit Card,Every 3 Months,1.0,1100,0,20,0.0,4,0,0.14205682272909165,31.607485005416912,Mid Value,0,0,Deal Hunter
1551,66,Male,Sunglasses,Accessories,26,Arkansas,S,Black,Summer,2.8,No,Free Shipping,Yes,Yes,40,Bank Transfer,Quarterly,1.0,1066,0,41,0.0,4,0,0.28491396558623444,38.874842514945044,Mid Value,0,0,Deal Hunter
1552,64,Male,Handbag,Accessories,29,Minnesota,M,Olive,Summer,3.7,No,2-Day Shipping,Yes,Yes,13,Credit Card,Monthly,1.0,406,0,14,0.0,12,0,0.1535280778978258,28.120018984212784,Mid Value,0,0,Deal Hunter
1553,54,Male,Blouse,Clothing,49,New Mexico,L,Purple,Spring,3.0,No,Express,Yes,Yes,20,Credit Card,Monthly,1.0,1029,0,21,0.0,12,0,0.2011471255168734,34.278187040919256,Mid Value,0,0,Deal Hunter
1554,27,Male,Blouse,Clothing,45,Delaware,M,Indigo,Spring,4.8,No,Free Shipping,Yes,Yes,21,Debit Card,Quarterly,1.0,990,1,22,0.0,4,0,0.15566226490596236,31.959561283009148,Mid Value,0,0,Deal Hunter
1555,64,Male,Shorts,Clothing,48,Utah,S,Lavender,Winter,2.7,No,Standard,Yes,Yes,18,Cash,Bi-Weekly,1.0,912,0,19,0.0,26,0,0.27904495131385887,37.661114032907975,Mid Value,0,0,Deal Hunter
1556,43,Male,Shorts,Clothing,47,Ohio,S,Cyan,Winter,4.5,No,Free Shipping,Yes,Yes,44,Cash,Quarterly,1.0,2115,1,45,0.0,4,0,0.31212484993997597,46.76370009590078,High Value,0,0,Deal Hunter
1557,43,Male,Hoodie,Clothing,57,Alabama,M,Gold,Fall,2.7,No,Standard,Yes,Yes,26,Credit Card,Quarterly,1.0,1539,0,27,0.0,4,0,0.18967587034813926,36.68204035295428,Mid Value,0,0,Deal Hunter
1558,27,Male,Backpack,Accessories,34,South Dakota,L,Magenta,Fall,3.5,No,Next Day Air,Yes,Yes,34,PayPal,Quarterly,1.0,1190,0,35,0.0,4,0,0.2440976390556222,37.47150602723458,Mid Value,0,0,Deal Hunter
1559,35,Male,Sunglasses,Accessories,75,New Mexico,XL,Teal,Fall,3.5,No,Express,Yes,Yes,24,Credit Card,Every 3 Months,1.0,1875,0,25,0.0,4,0,0.1760704281712685,37.94961231158972,Mid Value,0,0,Deal Hunter
1560,43,Male,Scarf,Accessories,94,Oregon,L,Beige,Fall,4.5,No,Store Pickup,Yes,Yes,23,PayPal,Fortnightly,1.0,2256,1,24,0.0,24,0,0.2999866613311991,46.95957609031186,High Value,0,0,Deal Hunter
1561,57,Male,Hat,Accessories,84,Oregon,M,Teal,Winter,3.8,No,Free Shipping,Yes,Yes,3,Debit Card,Weekly,1.0,336,0,4,0.0,52,0,0.3469387755102041,37.81795795478952,Mid Value,0,0,Deal Hunter
1562,50,Male,Scarf,Accessories,38,Mississippi,M,Indigo,Summer,3.8,No,Standard,Yes,Yes,2,Bank Transfer,Quarterly,1.0,114,0,3,0.0,4,0,0.026410564225690276,19.755542150406793,Low Value,0,0,At Risk
1563,37,Male,Scarf,Accessories,75,Alabama,M,Purple,Winter,3.2,No,Next Day Air,Yes,Yes,23,Venmo,Bi-Weekly,1.0,1800,0,24,0.0,26,0,0.3130585567560357,44.668720883298754,High Value,0,0,Deal Hunter
1564,68,Male,Pants,Clothing,44,Kansas,M,Teal,Fall,4.3,No,Next Day Air,Yes,Yes,8,Cash,Weekly,1.0,396,1,9,0.0,52,0,0.38095238095238093,40.237996761711074,Mid Value,0,0,Deal Hunter
1565,22,Male,Backpack,Accessories,33,California,XL,Turquoise,Summer,4.5,No,Next Day Air,Yes,Yes,30,Debit Card,Every 3 Months,1.0,1023,1,31,0.0,4,0,0.21688675470188074,35.35430070646632,Mid Value,0,0,Deal Hunter
1566,58,Male,Sunglasses,Accessories,93,Idaho,L,Peach,Fall,4.2,No,Free Shipping,Yes,Yes,48,PayPal,Annually,1.0,4557,1,49,0.0,1,0,0.31972789115646255,61.54256006790174,High Value,0,0,Deal Hunter
1567,48,Male,Sneakers,Footwear,99,Wyoming,S,Green,Winter,3.0,No,Free Shipping,Yes,Yes,21,Cash,Bi-Weekly,1.0,2178,0,22,0.0,26,0,0.29945311457916496,46.183639221201055,High Value,0,0,Deal Hunter
1568,30,Male,Backpack,Accessories,33,Minnesota,M,Turquoise,Spring,4.1,No,Standard,Yes,Yes,9,Cash,Monthly,1.0,330,1,10,0.0,12,0,0.12631719354408427,26.538730818522723,Mid Value,0,0,Deal Hunter
1569,51,Male,Sneakers,Footwear,76,Washington,L,Yellow,Spring,4.6,No,Store Pickup,Yes,Yes,8,Debit Card,Monthly,1.0,684,1,9,0.0,12,0,0.11951447245564892,28.267907906022245,Mid Value,0,0,Deal Hunter
1570,20,Male,Skirt,Clothing,63,Hawaii,M,Orange,Summer,2.9,No,Standard,Yes,Yes,29,Debit Card,Weekly,1.0,1890,0,30,0.0,52,0,0.5238095238095237,56.215361969156085,High Value,0,0,Deal Hunter
1571,30,Male,Pants,Clothing,41,Missouri,L,Brown,Winter,4.8,No,Next Day Air,Yes,Yes,3,Bank Transfer,Every 3 Months,1.0,164,1,4,0.0,4,0,0.03321328531412565,20.694290811265915,Low Value,0,0,At Risk
1572,28,Male,Jewelry,Accessories,88,Colorado,L,Silver,Winter,4.5,No,Next Day Air,Yes,Yes,11,Bank Transfer,Fortnightly,1.0,1056,1,12,0.0,24,0,0.21835400826997464,35.625342229690645,Mid Value,0,0,Deal Hunter
1573,37,Male,Skirt,Clothing,92,Washington,L,White,Summer,3.4,No,2-Day Shipping,Yes,Yes,16,Debit Card,Monthly,1.0,1564,0,17,0.0,12,0,0.17393624116313192,36.00651062581966,Mid Value,0,0,Deal Hunter
1574,36,Male,T-shirt,Clothing,31,North Dakota,L,Indigo,Summer,4.3,No,2-Day Shipping,Yes,Yes,25,Debit Card,Weekly,1.0,806,1,26,0.0,52,0,0.4965986394557823,48.697760701061405,High Value,0,0,Deal Hunter
1575,18,Male,Skirt,Clothing,25,Minnesota,S,Magenta,Spring,4.2,No,Free Shipping,Yes,Yes,32,PayPal,Bi-Weekly,1.0,825,1,33,0.0,26,0,0.3742830465519541,42.41583635214301,Mid Value,0,0,Deal Hunter
1576,52,Male,Shirt,Clothing,28,California,M,Turquoise,Spring,3.6,No,Next Day Air,Yes,Yes,28,Cash,Fortnightly,1.0,812,0,29,0.0,24,0,0.334000266773376,39.94488054409387,Mid Value,0,0,Deal Hunter
1577,56,Male,Dress,Clothing,75,Michigan,M,White,Spring,3.7,No,2-Day Shipping,Yes,Yes,36,PayPal,Monthly,1.0,2775,0,37,0.0,12,0,0.3099906629318394,50.25032198300855,High Value,0,0,Deal Hunter
1578,68,Male,Boots,Footwear,34,Delaware,S,Olive,Spring,4.0,No,Standard,Yes,Yes,7,Venmo,Fortnightly,1.0,272,1,8,0.0,24,0,0.19114312391623314,29.58581166571037,Mid Value,0,0,Deal Hunter
1579,62,Male,Pants,Clothing,97,California,S,Maroon,Winter,4.9,No,2-Day Shipping,Yes,Yes,2,PayPal,Quarterly,1.0,291,1,3,0.0,4,0,0.026410564225690276,21.086619610823128,Low Value,0,0,At Risk
1580,35,Male,Jacket,Outerwear,80,Oklahoma,M,Violet,Summer,3.1,No,Free Shipping,Yes,Yes,6,Bank Transfer,Monthly,1.0,560,0,7,0.0,12,0,0.10590903027877817,26.537758943943217,Mid Value,0,0,Deal Hunter
1581,65,Male,Sneakers,Footwear,71,North Dakota,L,Cyan,Summer,3.7,No,Standard,Yes,Yes,30,Cash,Annually,1.0,2201,0,31,0.0,1,0,0.19727891156462585,40.97812520364548,Mid Value,0,0,Deal Hunter
1582,69,Male,Jewelry,Accessories,77,Ohio,L,Teal,Fall,4.2,No,Free Shipping,Yes,Yes,46,Cash,Quarterly,1.0,3619,1,47,0.0,4,0,0.32573029211684673,56.33225522895634,High Value,0,0,Deal Hunter
1583,28,Male,Belt,Accessories,41,Hawaii,L,Red,Spring,2.5,No,Next Day Air,Yes,Yes,39,Cash,Monthly,1.0,1640,0,40,0.0,12,0,0.33039882619714545,44.63287915654613,High Value,0,0,Deal Hunter
1584,37,Male,Scarf,Accessories,92,Maryland,XL,Yellow,Summer,4.3,No,Next Day Air,Yes,Yes,8,Venmo,Annually,1.0,828,1,9,0.0,1,0,0.047619047619047616,25.35775359871955,Mid Value,0,0,Deal Hunter
1585,41,Male,Blouse,Clothing,95,Hawaii,S,Silver,Spring,3.1,No,Store Pickup,Yes,Yes,46,Credit Card,Quarterly,1.0,4465,0,47,0.0,4,0,0.32573029211684673,61.02582886353994,High Value,0,0,Deal Hunter
1586,37,Male,Sweater,Clothing,25,Alabama,M,Charcoal,Fall,3.0,No,Next Day Air,Yes,Yes,40,Debit Card,Fortnightly,1.0,1025,0,41,0.0,24,0,0.4156329198346005,45.46647449194389,High Value,0,0,Deal Hunter
1587,25,Male,Boots,Footwear,77,Oklahoma,M,Purple,Fall,4.0,No,Express,Yes,Yes,21,Bank Transfer,Weekly,1.0,1694,1,22,0.0,52,0,0.4693877551020408,52.5049717117047,High Value,0,0,Deal Hunter
1588,41,Male,Socks,Clothing,99,Alabama,M,Beige,Summer,3.5,No,Free Shipping,Yes,Yes,33,Credit Card,Fortnightly,1.0,3366,0,34,0.0,24,0,0.3680138722155528,56.763893772070084,High Value,0,0,Deal Hunter
1589,48,Male,Belt,Accessories,24,Vermont,L,Cyan,Winter,3.2,No,Next Day Air,Yes,Yes,3,Venmo,Monthly,1.0,96,0,4,0.0,12,0,0.08550086701347205,22.73837175974589,Low Value,0,0,At Risk
1590,42,Male,Sneakers,Footwear,72,Ohio,M,Silver,Summer,2.7,No,Store Pickup,Yes,Yes,48,Cash,Weekly,1.0,3528,0,49,0.0,52,0,0.6530612244897959,72.61826197780833,High Value,0,0,Deal Hunter
1591,54,Male,Jeans,Clothing,80,Wisconsin,S,Pink,Winter,3.0,No,Free Shipping,Yes,Yes,8,PayPal,Annually,1.0,720,0,9,0.0,1,0,0.047619047619047616,24.433030904241626,Mid Value,0,0,Deal Hunter
1592,18,Male,Skirt,Clothing,100,South Dakota,L,Gold,Winter,2.9,No,Next Day Air,Yes,Yes,24,PayPal,Annually,1.0,2500,0,25,0.0,1,0,0.1564625850340136,40.60539862954694,Mid Value,0,0,Deal Hunter
1593,56,Male,Shoes,Footwear,83,Iowa,M,Cyan,Summer,3.3,No,Free Shipping,Yes,Yes,10,Bank Transfer,Every 3 Months,1.0,913,0,11,0.0,4,0,0.08083233293317327,27.305808857981255,Mid Value,0,0,Deal Hunter
1594,61,Male,Dress,Clothing,95,Maryland,M,Black,Spring,4.9,No,2-Day Shipping,Yes,Yes,25,Bank Transfer,Monthly,1.0,2470,1,26,0.0,12,0,0.23516073095905027,44.83121036611541,High Value,0,0,Deal Hunter
1595,40,Male,Handbag,Accessories,41,Colorado,XL,Charcoal,Summer,3.7,No,Store Pickup,Yes,Yes,3,Cash,Fortnightly,1.0,164,0,4,0.0,24,0,0.16393223956249164,27.238690820233565,Mid Value,0,0,Deal Hunter
1596,34,Male,Backpack,Accessories,35,Wisconsin,S,Magenta,Spring,3.5,No,Standard,Yes,Yes,45,Debit Card,Fortnightly,1.0,1610,0,46,0.0,24,0,0.4496465252767774,50.68965389190948,High Value,0,0,Deal Hunter
1597,42,Male,Jewelry,Accessories,30,Mississippi,S,Pink,Fall,4.7,No,Store Pickup,Yes,Yes,15,Debit Card,Monthly,1.0,480,1,16,0.0,12,0,0.16713352007469653,29.555707970974126,Mid Value,0,0,Deal Hunter
1598,43,Male,Hat,Accessories,21,Mississippi,XL,Maroon,Winter,2.6,No,Store Pickup,Yes,Yes,34,Bank Transfer,Quarterly,1.0,735,0,35,0.0,4,0,0.2440976390556222,34.79192025184359,Mid Value,0,0,Deal Hunter
1599,47,Male,Jewelry,Accessories,85,California,M,Teal,Fall,4.1,No,Express,Yes,Yes,21,Venmo,Bi-Weekly,1.0,1870,1,22,0.0,26,0,0.29945311457916496,44.65845492103579,High Value,0,0,Deal Hunter
1600,48,Male,Shirt,Clothing,54,Delaware,M,Orange,Winter,2.8,No,2-Day Shipping,Yes,Yes,22,Debit Card,Bi-Weekly,1.0,1242,0,23,0.0,26,0,0.30625583566760034,41.02694802100361,Mid Value,0,0,Deal Hunter
1601,20,Male,Boots,Footwear,26,Montana,S,Yellow,Spring,4.7,No,Next Day Air,Yes,Yes,24,PayPal,Weekly,1.0,650,1,25,0.0,52,0,0.4897959183673469,47.423446040320485,High Value,0,0,Deal Hunter
1602,65,Male,Shirt,Clothing,59,Indiana,XL,Red,Spring,2.9,No,Store Pickup,Yes,Yes,33,Credit Card,Monthly,1.0,2006,0,34,0.0,12,0,0.28958249966653327,44.65472894937331,High Value,0,0,Deal Hunter
1603,54,Male,Sunglasses,Accessories,48,West Virginia,S,Charcoal,Winter,2.8,No,Free Shipping,Yes,Yes,13,Venmo,Fortnightly,1.0,672,0,14,0.0,24,0,0.2319594504468454,33.78639954695852,Mid Value,0,0,Deal Hunter
1604,23,Male,Shorts,Clothing,98,Iowa,L,Black,Summer,4.3,No,Next Day Air,Yes,Yes,17,Debit Card,Bi-Weekly,1.0,1764,1,18,0.0,26,0,0.2722422302254235,42.6118016223634,Mid Value,0,0,Deal Hunter
1605,18,Male,Sweater,Clothing,92,Maine,M,White,Summer,4.8,No,2-Day Shipping,Yes,Yes,25,Credit Card,Every 3 Months,1.0,2392,1,26,0.0,4,0,0.18287314925970388,41.638617141916065,Mid Value,0,0,Deal Hunter
1606,70,Male,Belt,Accessories,46,Connecticut,M,Lavender,Winter,3.4,No,Next Day Air,Yes,Yes,15,Credit Card,Bi-Weekly,1.0,736,0,16,0.0,26,0,0.2586367880485527,35.55781630654054,Mid Value,0,0,Deal Hunter
1607,55,Male,T-shirt,Clothing,21,Kansas,S,White,Spring,4.3,No,Standard,Yes,Yes,4,PayPal,Fortnightly,1.0,105,1,5,0.0,24,0,0.17073496065092703,27.535516734900124,Mid Value,0,0,Deal Hunter
1608,49,Male,Shorts,Clothing,72,Vermont,S,Gray,Fall,2.7,No,Free Shipping,Yes,Yes,43,Debit Card,Quarterly,1.0,3168,0,44,0.0,4,0,0.3053221288515406,52.32073849054989,High Value,0,0,Deal Hunter
1609,26,Male,Sandals,Footwear,58,Nebraska,XL,Cyan,Fall,4.6,No,Next Day Air,Yes,Yes,12,Bank Transfer,Bi-Weekly,1.0,754,1,13,0.0,26,0,0.2382286247832466,34.88571243219745,Mid Value,0,0,Deal Hunter
1610,33,Male,Shirt,Clothing,93,Nevada,S,Brown,Fall,4.1,No,Standard,Yes,Yes,3,Venmo,Monthly,1.0,372,1,4,0.0,12,0,0.08550086701347205,24.652479971291253,Mid Value,0,0,Deal Hunter
1611,20,Male,Socks,Clothing,31,Tennessee,L,Purple,Spring,3.4,No,2-Day Shipping,Yes,Yes,1,PayPal,Annually,1.0,62,0,2,0.0,1,0,0.0,18.068740864812767,Low Value,0,0,At Risk
1612,41,Male,Pants,Clothing,26,Arkansas,L,Yellow,Winter,4.5,No,Next Day Air,Yes,Yes,6,Debit Card,Monthly,1.0,182,1,7,0.0,12,0,0.10590903027877817,24.600330678333197,Mid Value,0,0,Deal Hunter
1613,18,Male,Skirt,Clothing,68,Wisconsin,M,Indigo,Summer,4.4,No,Standard,Yes,Yes,26,Venmo,Monthly,1.0,1836,1,27,0.0,12,0,0.24196345204748565,41.45305741683682,Mid Value,0,0,Deal Hunter
1614,26,Male,Jewelry,Accessories,31,Illinois,S,Black,Summer,4.0,No,Next Day Air,Yes,Yes,6,Credit Card,Fortnightly,1.0,217,1,7,0.0,24,0,0.1843404028277978,28.906306155111196,Mid Value,0,0,Deal Hunter
1615,30,Male,T-shirt,Clothing,41,Kansas,S,Gray,Summer,3.4,No,Free Shipping,Yes,Yes,22,Cash,Bi-Weekly,1.0,943,0,23,0.0,26,0,0.30625583566760034,39.266077368603824,Mid Value,0,0,Deal Hunter
1616,64,Male,Jewelry,Accessories,62,New York,M,Indigo,Fall,3.2,No,Standard,Yes,Yes,45,Cash,Bi-Weekly,1.0,2852,0,46,0.0,26,0,0.46271842070161395,58.68734859447683,High Value,0,0,Deal Hunter
1617,26,Male,Hat,Accessories,41,Colorado,M,Green,Spring,3.4,No,Standard,Yes,Yes,50,Cash,Quarterly,1.0,2091,0,51,0.0,4,0,0.3529411764705882,48.46726738645491,High Value,0,0,Deal Hunter
1618,43,Male,Blouse,Clothing,64,Wisconsin,M,Peach,Winter,4.3,No,Standard,Yes,Yes,50,Credit Card,Fortnightly,1.0,3264,1,51,0.0,24,0,0.4836601307189542,62.49707671195899,High Value,0,0,Deal Hunter
1619,63,Male,Sandals,Footwear,72,Michigan,L,Purple,Summer,5.0,No,Standard,Yes,Yes,39,Debit Card,Quarterly,1.0,2880,1,40,0.0,4,0,0.27811124449779906,49.49094002951283,High Value,0,0,Deal Hunter
1620,57,Male,Handbag,Accessories,78,Hawaii,L,Beige,Winter,3.5,No,Store Pickup,Yes,Yes,50,Venmo,Bi-Weekly,1.0,3978,0,51,0.0,26,0,0.4967320261437908,67.09658492737984,High Value,0,0,Deal Hunter
1621,25,Male,Hat,Accessories,47,Virginia,M,Charcoal,Winter,3.1,No,2-Day Shipping,Yes,Yes,27,PayPal,Every 3 Months,1.0,1316,0,28,0.0,4,0,0.19647859143657465,35.72434840078711,Mid Value,0,0,Deal Hunter
1622,68,Male,Scarf,Accessories,46,Ohio,L,Gray,Summer,3.9,No,2-Day Shipping,Yes,Yes,38,Debit Card,Fortnightly,1.0,1794,0,39,0.0,24,0,0.4020274776577297,49.28406983683052,High Value,0,0,Deal Hunter
1623,31,Male,Shorts,Clothing,43,Missouri,S,Brown,Winter,4.0,No,Store Pickup,Yes,Yes,37,Bank Transfer,Every 3 Months,1.0,1634,1,38,0.0,4,0,0.26450580232092835,41.441798369096546,Mid Value,0,0,Deal Hunter
1624,64,Male,Backpack,Accessories,58,Indiana,M,Cyan,Summer,3.5,No,Next Day Air,Yes,Yes,50,Debit Card,Annually,1.0,2958,0,51,0.0,1,0,0.3333333333333333,52.54823998494974,High Value,0,0,Deal Hunter
1625,38,Male,Sweater,Clothing,32,Florida,M,White,Winter,3.6,No,Free Shipping,Yes,Yes,40,PayPal,Every 3 Months,1.0,1312,0,41,0.0,4,0,0.28491396558623444,40.32358559350807,Mid Value,0,0,Deal Hunter
1626,34,Male,Skirt,Clothing,45,Minnesota,L,Beige,Winter,3.0,No,Next Day Air,Yes,Yes,3,PayPal,Bi-Weekly,1.0,180,0,4,0.0,26,0,0.17700413498732823,28.016226928011157,Mid Value,0,0,Deal Hunter
1627,32,Male,Sneakers,Footwear,35,Nevada,L,Orange,Summer,2.6,No,Next Day Air,Yes,Yes,45,Credit Card,Bi-Weekly,1.0,1610,0,46,0.0,26,0,0.46271842070161395,51.37296280758541,High Value,0,0,Deal Hunter
1628,69,Male,Sunglasses,Accessories,21,Maine,M,Olive,Winter,2.9,No,Next Day Air,Yes,Yes,8,Credit Card,Annually,1.0,189,0,9,0.0,1,0,0.047619047619047616,21.30586596636776,Low Value,0,0,At Risk
1629,45,Male,Dress,Clothing,64,Massachusetts,S,Teal,Winter,3.1,No,Next Day Air,Yes,Yes,7,Cash,Monthly,1.0,512,0,8,0.0,12,0,0.11271175136721354,26.610676905387958,Mid Value,0,0,Deal Hunter
1630,35,Male,Blouse,Clothing,88,North Dakota,S,Silver,Spring,3.3,No,Next Day Air,Yes,Yes,13,Venmo,Quarterly,1.0,1232,0,14,0.0,4,0,0.10124049619847938,30.25126211375728,Mid Value,0,0,Deal Hunter
1631,63,Male,Shoes,Footwear,48,New Jersey,M,Gold,Summer,2.9,No,Store Pickup,Yes,Yes,29,Venmo,Every 3 Months,1.0,1440,0,30,0.0,4,0,0.21008403361344535,37.16580821507442,Mid Value,0,0,Deal Hunter
1632,65,Male,Sweater,Clothing,36,Indiana,L,Violet,Summer,3.9,No,2-Day Shipping,Yes,Yes,7,Bank Transfer,Fortnightly,1.0,288,0,8,0.0,24,0,0.19114312391623314,29.39134971002032,Mid Value,0,0,Deal Hunter
1633,35,Male,Gloves,Accessories,28,Oregon,S,White,Summer,4.7,No,2-Day Shipping,Yes,Yes,50,Debit Card,Every 3 Months,1.0,1428,1,51,0.0,4,0,0.3529411764705882,44.851417261534046,High Value,0,0,Deal Hunter
1634,54,Male,Socks,Clothing,80,North Dakota,M,Peach,Spring,4.4,No,2-Day Shipping,Yes,Yes,33,Debit Card,Bi-Weekly,1.0,2720,1,34,0.0,26,0,0.38108576764038943,53.93146895443318,High Value,0,0,Deal Hunter
1635,28,Male,Coat,Outerwear,23,South Carolina,S,Orange,Summer,3.6,No,Store Pickup,Yes,Yes,30,Cash,Every 3 Months,1.0,713,0,31,0.0,4,0,0.21688675470188074,33.23995971170493,Mid Value,0,0,Deal Hunter
1636,68,Male,Sunglasses,Accessories,24,North Carolina,L,Violet,Summer,3.2,No,Standard,Yes,Yes,40,Cash,Annually,1.0,984,0,41,0.0,1,0,0.26530612244897955,37.36696478191012,Mid Value,0,0,Deal Hunter
1637,58,Male,Boots,Footwear,22,North Dakota,L,Green,Fall,4.0,No,Free Shipping,Yes,Yes,49,Cash,Fortnightly,1.0,1100,1,50,0.0,24,0,0.4768574096305188,49.39724944245963,High Value,0,0,Deal Hunter
1638,35,Male,Dress,Clothing,21,Massachusetts,M,Peach,Spring,3.5,No,Next Day Air,Yes,Yes,32,Venmo,Fortnightly,1.0,693,0,33,0.0,24,0,0.36121115112711755,40.666463953836654,Mid Value,0,0,Deal Hunter
1639,68,Male,Jacket,Outerwear,51,Tennessee,M,Black,Spring,4.6,No,Free Shipping,Yes,Yes,18,Venmo,Weekly,1.0,969,1,19,0.0,52,0,0.44897959183673464,47.168503456349015,High Value,0,0,Deal Hunter
1640,41,Male,Gloves,Accessories,65,Missouri,L,Blue,Summer,3.3,No,Free Shipping,Yes,Yes,50,PayPal,Annually,1.0,3315,0,51,0.0,1,0,0.3333333333333333,54.65068420871806,High Value,0,0,Deal Hunter
1641,65,Male,Scarf,Accessories,51,Tennessee,S,Magenta,Spring,4.0,No,2-Day Shipping,Yes,Yes,13,PayPal,Weekly,1.0,714,1,14,0.0,52,0,0.4149659863945578,43.888759893480184,High Value,0,0,Deal Hunter
1642,50,Male,Hoodie,Clothing,32,Colorado,L,Violet,Summer,3.4,No,Free Shipping,Yes,Yes,1,Bank Transfer,Every 3 Months,1.0,64,0,2,0.0,4,0,0.0196078431372549,19.10548263733938,Low Value,0,0,At Risk
1643,18,Male,Coat,Outerwear,70,Mississippi,M,Beige,Spring,4.2,No,Store Pickup,Yes,Yes,16,PayPal,Fortnightly,1.0,1190,1,17,0.0,24,0,0.25236761371215155,38.19249265229067,Mid Value,0,0,Deal Hunter
1644,38,Male,Scarf,Accessories,77,Ohio,L,Pink,Summer,3.9,No,2-Day Shipping,Yes,Yes,6,PayPal,Monthly,1.0,539,0,7,0.0,12,0,0.10590903027877817,26.41408575430979,Mid Value,0,0,Deal Hunter
1645,68,Male,Coat,Outerwear,90,North Carolina,S,Beige,Summer,3.9,No,Next Day Air,Yes,Yes,21,Debit Card,Monthly,1.0,1980,0,22,0.0,12,0,0.20794984660530877,40.23441530921145,Mid Value,0,0,Deal Hunter
1646,53,Male,Scarf,Accessories,36,Ohio,L,Green,Summer,2.8,No,Standard,Yes,Yes,36,Venmo,Every 3 Months,1.0,1332,0,37,0.0,4,0,0.25770308123249297,39.01897143263626,Mid Value,0,0,Deal Hunter
1647,58,Male,Handbag,Accessories,77,Nebraska,S,Silver,Summer,3.7,No,Standard,Yes,Yes,20,Bank Transfer,Every 3 Months,1.0,1617,0,21,0.0,4,0,0.14885954381752697,35.007800687951544,Mid Value,0,0,Deal Hunter
1648,34,Male,Boots,Footwear,78,Hawaii,M,Purple,Summer,4.9,No,Store Pickup,Yes,Yes,8,Debit Card,Quarterly,1.0,702,1,9,0.0,4,0,0.06722689075630252,25.640677834432868,Mid Value,0,0,Deal Hunter
1649,36,Male,Pants,Clothing,69,Oklahoma,M,Gray,Summer,2.6,No,Express,Yes,Yes,22,Credit Card,Monthly,1.0,1587,0,23,0.0,12,0,0.21475256769374415,38.27555944096412,Mid Value,0,0,Deal Hunter
1650,58,Male,T-shirt,Clothing,63,Wisconsin,M,White,Summer,4.9,No,Free Shipping,Yes,Yes,3,Credit Card,Quarterly,1.0,252,1,4,0.0,4,0,0.03321328531412565,21.212540367825053,Low Value,0,0,At Risk
1651,60,Male,Scarf,Accessories,36,Arkansas,M,Silver,Winter,3.4,No,Next Day Air,Yes,Yes,46,Credit Card,Fortnightly,1.0,1692,0,47,0.0,24,0,0.4564492463652128,51.528167789180216,High Value,0,0,Deal Hunter
1652,59,Male,Coat,Outerwear,80,Texas,M,Blue,Winter,3.9,No,Standard,Yes,Yes,42,Debit Card,Monthly,1.0,3440,0,43,0.0,12,0,0.3508069894624516,56.300236881232145,High Value,0,0,Deal Hunter
1653,65,Male,Sweater,Clothing,35,New Mexico,M,Orange,Summer,4.0,No,Next Day Air,Yes,Yes,1,Bank Transfer,Fortnightly,1.0,70,1,2,0.0,24,0,0.1503267973856209,26.26259613892858,Mid Value,0,0,Deal Hunter
1654,31,Male,Belt,Accessories,93,Colorado,L,Silver,Winter,3.0,No,2-Day Shipping,Yes,Yes,29,Debit Card,Bi-Weekly,1.0,2790,0,30,0.0,26,0,0.35387488328664796,52.63262562108735,High Value,0,0,Deal Hunter
1655,43,Male,Belt,Accessories,25,Indiana,L,Gray,Spring,2.6,No,Store Pickup,Yes,Yes,14,Credit Card,Quarterly,1.0,375,0,15,0.0,4,0,0.10804321728691477,25.559817674561796,Mid Value,0,0,Deal Hunter
1656,37,Male,Sweater,Clothing,81,Arizona,L,Gold,Spring,3.2,No,Next Day Air,Yes,Yes,4,PayPal,Monthly,1.0,405,0,5,0.0,12,0,0.09230358810190742,24.91373394495894,Mid Value,0,0,Deal Hunter
1657,21,Male,Blouse,Clothing,42,Indiana,L,Brown,Spring,2.6,No,2-Day Shipping,Yes,Yes,41,PayPal,Every 3 Months,1.0,1764,0,42,0.0,4,0,0.2917166866746698,43.34110330812971,Mid Value,0,0,Deal Hunter
1658,69,Male,Skirt,Clothing,36,Indiana,L,Turquoise,Spring,3.2,No,Store Pickup,Yes,Yes,4,Debit Card,Bi-Weekly,1.0,180,0,5,0.0,26,0,0.1838068560757636,28.37182646576088,Mid Value,0,0,Deal Hunter
1659,32,Male,Jewelry,Accessories,66,Alaska,S,Pink,Spring,4.1,No,Store Pickup,Yes,Yes,47,Cash,Weekly,1.0,3168,1,48,0.0,52,0,0.6462585034013606,70.43123976556296,High Value,0,0,Deal Hunter
1660,53,Male,Gloves,Accessories,37,Utah,M,Black,Fall,3.9,No,Next Day Air,Yes,Yes,44,Venmo,Annually,1.0,1665,0,45,0.0,1,0,0.2925170068027211,42.79990779673595,Mid Value,0,0,Deal Hunter
1661,59,Male,T-shirt,Clothing,45,Louisiana,L,Yellow,Winter,4.1,No,Standard,Yes,Yes,37,Venmo,Monthly,1.0,1710,1,38,0.0,12,0,0.3167933840202748,44.622613194283176,High Value,0,0,Deal Hunter
1662,64,Male,Gloves,Accessories,86,Iowa,S,Beige,Summer,2.7,No,2-Day Shipping,Yes,Yes,21,Debit Card,Quarterly,1.0,1892,0,22,0.0,4,0,0.15566226490596236,36.98293008994857,Mid Value,0,0,Deal Hunter
1663,63,Male,Sunglasses,Accessories,24,New Mexico,M,Olive,Winter,4.6,No,Free Shipping,Yes,Yes,46,Debit Card,Fortnightly,1.0,1128,1,47,0.0,24,0,0.4564492463652128,48.495348415388385,High Value,0,0,Deal Hunter
1664,43,Male,Shirt,Clothing,22,Maine,XL,Gold,Summer,3.5,No,Standard,Yes,Yes,1,Cash,Bi-Weekly,1.0,44,0,2,0.0,26,0,0.1633986928104575,26.504096719647595,Mid Value,0,0,Deal Hunter
1665,19,Male,Handbag,Accessories,53,Minnesota,M,Purple,Spring,5.0,No,Next Day Air,Yes,Yes,35,PayPal,Weekly,1.0,1908,1,36,0.0,52,0,0.564625850340136,58.74365393456051,High Value,0,0,Deal Hunter
1666,40,Male,Jacket,Outerwear,41,New Mexico,L,Pink,Fall,3.4,No,Next Day Air,Yes,Yes,49,Venmo,Monthly,1.0,2050,0,50,0.0,12,0,0.39842603708149926,50.60344633164843,High Value,0,0,Deal Hunter
1667,51,Male,Skirt,Clothing,64,Arkansas,M,Blue,Summer,3.1,No,Store Pickup,Yes,Yes,47,PayPal,Annually,1.0,3072,0,48,0.0,1,0,0.3129251700680272,52.15281011542492,High Value,0,0,Deal Hunter
1668,51,Male,Handbag,Accessories,40,Oklahoma,L,Brown,Winter,3.4,No,2-Day Shipping,Yes,Yes,24,Bank Transfer,Every 3 Months,1.0,1000,0,25,0.0,4,0,0.1760704281712685,32.79656274353014,Mid Value,0,0,Deal Hunter
1669,66,Male,Blouse,Clothing,33,Utah,L,Charcoal,Summer,4.0,No,Standard,Yes,Yes,28,Debit Card,Fortnightly,1.0,957,1,29,0.0,24,0,0.334000266773376,41.08750362030689,Mid Value,0,0,Deal Hunter
1670,42,Male,T-shirt,Clothing,59,Wisconsin,L,Maroon,Winter,2.7,No,Store Pickup,Yes,Yes,22,Bank Transfer,Quarterly,1.0,1357,0,23,0.0,4,0,0.16246498599439774,34.187807891799,Mid Value,0,0,Deal Hunter
1671,22,Male,Pants,Clothing,73,Utah,L,Cyan,Fall,3.6,No,Free Shipping,Yes,Yes,20,Cash,Weekly,1.0,1533,0,21,0.0,52,0,0.4625850340136054,50.9125219056403,High Value,0,0,Deal Hunter
1672,31,Male,Hoodie,Clothing,22,Utah,M,Olive,Winter,4.0,No,Free Shipping,Yes,Yes,25,Bank Transfer,Weekly,1.0,572,1,26,0.0,52,0,0.4965986394557823,47.31968801657461,High Value,0,0,Deal Hunter
1673,18,Male,Boots,Footwear,73,South Carolina,L,Gold,Fall,3.8,No,Free Shipping,Yes,Yes,15,Venmo,Quarterly,1.0,1168,0,16,0.0,4,0,0.11484593837535013,30.58555242085008,Mid Value,0,0,Deal Hunter
1674,21,Male,Blouse,Clothing,62,Hawaii,M,Violet,Fall,3.4,No,Next Day Air,Yes,Yes,49,Venmo,Bi-Weekly,1.0,3100,0,50,0.0,26,0,0.4899293050553554,61.570268223051464,High Value,0,0,Deal Hunter
1675,35,Male,Coat,Outerwear,56,Alaska,M,Peach,Winter,3.2,No,Free Shipping,Yes,Yes,10,Debit Card,Fortnightly,1.0,616,0,11,0.0,24,0,0.21155128718153926,32.38980576135353,Mid Value,0,0,Deal Hunter
1676,35,Male,Pants,Clothing,90,Colorado,M,Beige,Spring,4.7,No,Next Day Air,Yes,Yes,21,Credit Card,Annually,1.0,1980,1,22,0.0,1,0,0.13605442176870747,36.7649054207855,Mid Value,0,0,Deal Hunter
1677,27,Male,Sunglasses,Accessories,44,West Virginia,M,Cyan,Winter,3.1,No,Next Day Air,Yes,Yes,34,Bank Transfer,Weekly,1.0,1540,0,35,0.0,52,0,0.5578231292517006,55.932139830680875,High Value,0,0,Deal Hunter
1678,65,Male,Jeans,Clothing,35,Oregon,L,Silver,Summer,3.3,No,Next Day Air,No,No,41,Debit Card,Weekly,0.0,1470,0,42,1.0,52,0,0.6054421768707483,39.9521301636841,Mid Value,1,0,Loyalist
1679,41,Male,Pants,Clothing,71,Ohio,S,Magenta,Summer,4.8,No,2-Day Shipping,No,No,30,Venmo,Fortnightly,0.0,2201,1,31,1.0,24,0,0.3476057089502468,31.067904415910398,Mid Value,1,0,Loyalist
1680,60,Male,Dress,Clothing,52,Massachusetts,S,Black,Fall,4.5,No,Next Day Air,No,No,24,Debit Card,Bi-Weekly,0.0,1300,1,25,1.0,26,0,0.3198612778444711,24.311447349863226,Low Value,0,0,Potential Loyalist
1681,61,Male,Shoes,Footwear,37,Louisiana,M,Olive,Summer,3.4,No,Store Pickup,No,No,6,Credit Card,Annually,0.0,259,0,7,1.0,1,0,0.03401360544217687,2.949948390513009,Low Value,0,0,Passive
1682,24,Male,Sneakers,Footwear,95,Virginia,L,Green,Winter,3.7,No,2-Day Shipping,No,No,14,Credit Card,Bi-Weekly,0.0,1425,0,15,1.0,26,0,0.25183406696011734,21.20291276286852,Low Value,0,0,Potential Loyalist
1683,65,Male,Socks,Clothing,97,New York,M,Yellow,Fall,4.9,No,2-Day Shipping,No,No,37,Credit Card,Bi-Weekly,0.0,3686,1,38,1.0,26,0,0.40829665199413095,42.98587136276978,Mid Value,1,0,Loyalist
1684,23,Male,Coat,Outerwear,57,Arkansas,S,Lavender,Spring,3.5,No,Next Day Air,No,No,37,Venmo,Quarterly,0.0,2166,0,38,1.0,4,0,0.26450580232092835,26.22920089288499,Mid Value,1,0,Loyalist
1685,30,Male,Shirt,Clothing,93,New Mexico,M,Indigo,Spring,4.6,No,Standard,No,No,28,PayPal,Weekly,0.0,2697,1,29,1.0,52,0,0.5170068027210883,42.84407311502554,Mid Value,1,0,Loyalist
1686,33,Male,Blouse,Clothing,48,Minnesota,M,Pink,Winter,4.6,No,Standard,No,No,43,PayPal,Bi-Weekly,0.0,2112,1,44,1.0,26,0,0.4491129785247432,35.849868566267226,Mid Value,1,0,Loyalist
1687,22,Male,Gloves,Accessories,75,Illinois,L,Red,Fall,4.2,No,Store Pickup,No,No,25,Cash,Annually,0.0,1950,1,26,1.0,1,0,0.16326530612244897,19.95366512079372,Low Value,0,0,Passive
1688,67,Male,Skirt,Clothing,70,Georgia,S,Magenta,Winter,3.7,No,Free Shipping,No,No,4,PayPal,Annually,0.0,350,0,5,1.0,1,0,0.02040816326530612,2.774666470091766,Low Value,0,0,Passive
1689,28,Male,Handbag,Accessories,26,Mississippi,S,Peach,Winter,3.0,No,Next Day Air,No,No,13,Venmo,Fortnightly,0.0,364,0,14,1.0,24,0,0.2319594504468454,13.915563633201483,Low Value,0,0,Potential Loyalist
1690,32,Male,Shirt,Clothing,73,North Carolina,L,Turquoise,Winter,4.6,No,Store Pickup,No,No,32,Bank Transfer,Monthly,0.0,2409,1,33,1.0,12,0,0.2827797785780979,28.904203494675812,Mid Value,1,0,Loyalist
1691,40,Male,Coat,Outerwear,30,Nevada,M,Black,Summer,3.2,No,Free Shipping,No,No,1,Cash,Annually,0.0,60,0,2,1.0,1,0,0.0,0.0,Low Value,0,0,Passive
1692,64,Male,Shoes,Footwear,61,Connecticut,L,Blue,Summer,3.5,No,Next Day Air,No,No,4,Cash,Annually,0.0,305,0,5,1.0,1,0,0.02040816326530612,2.5096524923058445,Low Value,0,0,Passive
1693,56,Male,Handbag,Accessories,75,Utah,M,Beige,Winter,2.6,No,Standard,No,No,33,Cash,Bi-Weekly,0.0,2550,0,34,1.0,26,0,0.38108576764038943,34.58465342476126,Mid Value,1,0,Loyalist
1694,63,Male,Jacket,Outerwear,88,Tennessee,XL,Olive,Fall,4.9,No,Standard,No,No,45,Bank Transfer,Fortnightly,0.0,4048,1,46,1.0,24,0,0.4496465252767774,47.2792489703917,High Value,1,0,Champion
1695,20,Male,Shirt,Clothing,67,Mississippi,M,Turquoise,Summer,2.7,No,Express,No,No,20,Debit Card,Fortnightly,0.0,1407,0,21,1.0,24,0,0.27957849806589297,22.547195482576544,Low Value,0,0,Potential Loyalist
1696,54,Male,Hat,Accessories,95,Nebraska,S,Yellow,Fall,4.7,No,2-Day Shipping,No,No,1,PayPal,Fortnightly,0.0,190,1,2,1.0,24,0,0.1503267973856209,8.912337613890973,Low Value,0,0,Potential Loyalist
1697,31,Male,Sunglasses,Accessories,69,West Virginia,S,Turquoise,Spring,4.0,No,Free Shipping,No,No,7,Credit Card,Bi-Weekly,0.0,552,1,8,1.0,26,0,0.20421501934106973,13.861133977365311,Low Value,0,0,Potential Loyalist
1698,36,Male,Shirt,Clothing,87,South Carolina,L,Lavender,Fall,3.5,No,Next Day Air,No,No,48,Credit Card,Every 3 Months,0.0,4263,0,49,1.0,4,0,0.33933573429371744,42.490447172955854,Mid Value,1,0,Loyalist
1699,25,Male,Belt,Accessories,41,Iowa,XL,Turquoise,Winter,4.8,No,Standard,No,No,46,Bank Transfer,Quarterly,0.0,1927,1,47,1.0,4,0,0.32573029211684673,28.31076719840564,Mid Value,1,0,Loyalist
1700,20,Male,Sweater,Clothing,67,North Dakota,L,Teal,Spring,4.0,No,Free Shipping,No,No,34,Debit Card,Annually,0.0,2345,1,35,1.0,1,0,0.22448979591836732,25.480294765550966,Mid Value,1,0,Loyalist
1701,62,Male,Hoodie,Clothing,70,West Virginia,L,Black,Fall,4.1,No,Express,No,No,36,Bank Transfer,Monthly,0.0,2590,1,37,1.0,12,0,0.3099906629318394,31.39254675632474,Mid Value,1,0,Loyalist
1702,69,Male,Handbag,Accessories,41,Mississippi,XL,Blue,Winter,3.8,No,Next Day Air,No,No,44,Debit Card,Every 3 Months,0.0,1845,0,45,1.0,4,0,0.31212484993997597,26.827964615593476,Mid Value,1,0,Loyalist
1703,54,Male,Jeans,Clothing,83,Alabama,XL,Yellow,Summer,5.0,No,Express,No,No,48,Bank Transfer,Weekly,0.0,4067,1,49,1.0,52,0,0.6530612244897959,58.02426719372469,High Value,1,0,Champion
1704,39,Male,Backpack,Accessories,22,California,M,Black,Spring,4.0,No,Next Day Air,No,No,12,Bank Transfer,Annually,0.0,286,1,13,1.0,1,0,0.07482993197278912,5.531243151474612,Low Value,0,0,Passive
1705,56,Male,Sneakers,Footwear,20,Idaho,M,Lavender,Summer,3.9,No,Store Pickup,No,No,19,Cash,Every 3 Months,0.0,400,0,20,1.0,4,0,0.14205682272909165,9.42808288516919,Low Value,0,0,Passive
1706,39,Male,Jewelry,Accessories,29,South Dakota,L,Cyan,Summer,3.4,No,2-Day Shipping,No,No,49,Venmo,Bi-Weekly,0.0,1450,0,50,1.0,26,0,0.4899293050553554,33.79612657176762,Mid Value,1,0,Loyalist
1707,37,Male,Sunglasses,Accessories,87,North Dakota,M,Brown,Spring,3.0,No,Standard,No,No,25,Venmo,Fortnightly,0.0,2262,0,26,1.0,24,0,0.3135921035080699,29.360458749257656,Mid Value,0,0,Potential Loyalist
1708,25,Male,Shorts,Clothing,81,Nevada,L,Maroon,Fall,4.9,No,2-Day Shipping,No,No,25,Cash,Bi-Weekly,0.0,2106,1,26,1.0,26,0,0.32666399893290643,29.413741689734113,Mid Value,0,0,Potential Loyalist
1709,35,Male,Boots,Footwear,58,Florida,L,Cyan,Spring,3.2,No,Express,No,No,1,Credit Card,Quarterly,0.0,116,0,2,1.0,4,0,0.0196078431372549,1.3547585458697131,Low Value,0,0,Passive
1710,45,Male,Skirt,Clothing,83,Indiana,M,Pink,Winter,3.8,No,Standard,No,No,19,Bank Transfer,Annually,0.0,1660,0,20,1.0,1,0,0.12244897959183673,15.823510889661074,Low Value,0,0,Passive
1711,19,Male,Pants,Clothing,59,Arkansas,XL,Orange,Fall,3.8,No,Store Pickup,No,No,7,Credit Card,Quarterly,0.0,472,0,8,1.0,4,0,0.06042416966786714,5.584910796629999,Low Value,0,0,Passive
1712,21,Male,T-shirt,Clothing,93,North Carolina,M,Lavender,Spring,4.7,No,Express,No,No,19,Credit Card,Monthly,0.0,1860,1,20,1.0,12,0,0.19434440442843803,21.048238974941196,Low Value,0,0,Potential Loyalist
1713,65,Male,T-shirt,Clothing,87,Illinois,S,Beige,Fall,3.8,No,2-Day Shipping,No,No,9,Cash,Fortnightly,0.0,870,0,10,1.0,24,0,0.20474856609310388,15.473100432417613,Low Value,0,0,Potential Loyalist
1714,49,Male,Jacket,Outerwear,22,Missouri,M,Pink,Winter,4.6,No,Free Shipping,No,No,37,PayPal,Quarterly,0.0,836,1,38,1.0,4,0,0.26450580232092835,18.68525469722615,Low Value,1,0,Loyalist
1715,30,Male,Jeans,Clothing,71,South Dakota,S,Charcoal,Summer,4.4,No,Standard,No,No,15,Cash,Monthly,0.0,1136,1,16,1.0,12,0,0.16713352007469653,15.362060381342154,Low Value,0,0,Potential Loyalist
1716,23,Male,Dress,Clothing,69,Idaho,XL,Gray,Spring,3.4,No,2-Day Shipping,No,No,30,PayPal,Bi-Weekly,0.0,2139,0,31,1.0,26,0,0.36067760437508334,31.097393814400682,Mid Value,1,0,Loyalist
1717,69,Male,Blouse,Clothing,47,Connecticut,M,Cyan,Winter,4.7,No,Standard,No,No,30,Cash,Every 3 Months,0.0,1457,1,31,1.0,4,0,0.21688675470188074,19.853250826423807,Low Value,1,0,Loyalist
1718,29,Male,Hoodie,Clothing,50,Hawaii,L,Orange,Summer,2.9,No,Express,No,No,16,Debit Card,Bi-Weekly,0.0,850,0,17,1.0,26,0,0.2654395091369881,18.527822122214527,Low Value,0,0,Potential Loyalist
1719,54,Male,T-shirt,Clothing,96,Maryland,L,Pink,Winter,3.4,No,2-Day Shipping,No,No,14,PayPal,Every 3 Months,0.0,1440,0,15,1.0,4,0,0.10804321728691477,13.774852683028529,Low Value,0,0,Passive
1720,45,Male,Sweater,Clothing,39,Maryland,M,White,Winter,3.2,No,Free Shipping,No,No,8,Venmo,Quarterly,0.0,351,0,9,1.0,4,0,0.06722689075630252,5.2279171941109075,Low Value,0,0,Passive
1721,25,Male,Shorts,Clothing,84,Massachusetts,S,Beige,Winter,2.8,No,Express,No,No,40,Debit Card,Bi-Weekly,0.0,3444,0,41,1.0,26,0,0.42870481525943704,42.33879454768961,Mid Value,1,0,Loyalist
1722,34,Male,Jewelry,Accessories,28,Delaware,S,Magenta,Spring,4.3,No,Free Shipping,No,No,24,Credit Card,Monthly,0.0,700,1,25,1.0,12,0,0.22835800987061491,15.994765236319392,Low Value,0,0,Potential Loyalist
1723,46,Male,T-shirt,Clothing,51,Massachusetts,L,Violet,Summer,3.3,No,Standard,No,No,14,Cash,Fortnightly,0.0,765,0,15,1.0,24,0,0.2387621715352808,16.63273217299908,Low Value,0,0,Potential Loyalist
1724,70,Male,Scarf,Accessories,20,New York,XL,Gold,Spring,3.3,No,Standard,No,No,39,PayPal,Annually,0.0,800,0,40,1.0,1,0,0.25850340136054417,17.870790069191237,Low Value,1,0,Loyalist
1725,42,Male,Shoes,Footwear,72,Delaware,S,Teal,Winter,3.3,No,Free Shipping,No,No,21,PayPal,Weekly,0.0,1584,0,22,1.0,52,0,0.4693877551020408,33.511508152413995,Mid Value,0,0,Potential Loyalist
1726,45,Male,Sunglasses,Accessories,33,Massachusetts,M,Indigo,Spring,3.0,No,Next Day Air,No,No,32,Venmo,Quarterly,0.0,1089,0,33,1.0,4,0,0.2304921968787515,18.10853533579334,Low Value,1,0,Loyalist
1727,57,Male,Coat,Outerwear,28,Indiana,S,Olive,Summer,2.8,No,Express,No,No,45,Debit Card,Weekly,0.0,1288,0,46,1.0,52,0,0.6326530612244898,40.30269400452659,Mid Value,1,0,Loyalist
1728,49,Male,Blouse,Clothing,53,Virginia,S,Violet,Spring,4.0,No,Express,No,No,19,PayPal,Monthly,0.0,1060,1,20,1.0,12,0,0.19434440442843803,16.336879369858153,Low Value,0,0,Potential Loyalist
1729,23,Male,Jeans,Clothing,48,Wyoming,L,Black,Fall,4.3,No,Express,No,No,1,Debit Card,Every 3 Months,0.0,96,1,2,1.0,4,0,0.0196078431372549,1.5256637035343503,Low Value,0,0,Passive
1730,47,Male,Shorts,Clothing,21,Illinois,M,Brown,Winter,3.8,No,Store Pickup,No,No,12,Venmo,Fortnightly,0.0,273,0,13,1.0,24,0,0.22515672935841002,13.02404694037356,Low Value,0,0,Potential Loyalist
1731,23,Male,Shirt,Clothing,22,Alabama,S,Silver,Fall,4.2,No,Free Shipping,No,No,26,Credit Card,Weekly,0.0,594,1,27,1.0,52,0,0.5034013605442177,29.747887477664055,Mid Value,1,0,Loyalist
1732,21,Male,Backpack,Accessories,87,Idaho,M,Gray,Fall,3.1,No,Next Day Air,No,No,12,Cash,Monthly,0.0,1131,0,13,1.0,12,0,0.14672535680939042,13.977126622769505,Low Value,0,0,Potential Loyalist
1733,45,Male,Belt,Accessories,50,Rhode Island,S,Charcoal,Winter,2.6,No,Free Shipping,No,No,36,Cash,Every 3 Months,0.0,1850,0,37,1.0,4,0,0.25770308123249297,24.012614311127468,Low Value,1,0,Loyalist
1734,67,Male,Blouse,Clothing,85,New York,L,Black,Summer,3.4,No,Express,No,No,22,Credit Card,Annually,0.0,1955,0,23,1.0,1,0,0.14285714285714285,18.627623357284605,Low Value,0,0,Passive
1735,31,Male,Jeans,Clothing,98,Missouri,L,Brown,Spring,3.1,No,Next Day Air,No,No,16,PayPal,Quarterly,0.0,1666,0,17,1.0,4,0,0.12164865946378552,15.817010846963935,Low Value,0,0,Passive
1736,58,Male,Dress,Clothing,34,Texas,M,Purple,Winter,3.6,No,Express,No,No,31,Venmo,Annually,0.0,1088,0,32,1.0,1,0,0.20408163265306123,16.72208322502336,Low Value,1,0,Loyalist
1737,57,Male,Shorts,Clothing,61,Tennessee,M,Purple,Summer,2.6,No,2-Day Shipping,No,No,43,Cash,Quarterly,0.0,2684,0,44,1.0,4,0,0.3053221288515406,31.413403463674587,Mid Value,1,0,Loyalist
1738,42,Male,Jewelry,Accessories,98,Ohio,L,Gray,Summer,4.2,No,Store Pickup,No,No,50,Venmo,Bi-Weekly,0.0,4998,1,51,1.0,26,0,0.4967320261437908,55.335295105852346,High Value,1,0,Champion
1739,60,Male,Handbag,Accessories,61,Tennessee,M,Green,Spring,2.9,No,2-Day Shipping,No,No,37,Credit Card,Weekly,0.0,2318,0,38,1.0,52,0,0.5782312925170068,43.523773194073236,Mid Value,1,0,Loyalist
1740,21,Male,Jewelry,Accessories,98,Minnesota,L,Silver,Winter,4.2,No,Express,No,No,23,Cash,Weekly,0.0,2352,1,24,1.0,52,0,0.48299319727891155,39.03430159658487,Mid Value,0,0,Potential Loyalist
1741,69,Male,Pants,Clothing,21,Wisconsin,L,Charcoal,Fall,3.3,No,Next Day Air,No,No,10,Bank Transfer,Every 3 Months,0.0,231,0,11,1.0,4,0,0.08083233293317327,5.2324123288479,Low Value,0,0,Passive
1742,41,Male,Pants,Clothing,51,Delaware,XL,Teal,Winter,3.6,No,Next Day Air,No,No,20,Bank Transfer,Monthly,0.0,1071,0,21,1.0,12,0,0.2011471255168734,16.468570954386053,Low Value,0,0,Potential Loyalist
1743,51,Male,Sandals,Footwear,80,Kansas,XL,White,Spring,4.3,No,Express,No,No,18,Venmo,Every 3 Months,0.0,1520,1,19,1.0,4,0,0.13525410164065627,15.957075942327434,Low Value,0,0,Passive
1744,23,Male,Skirt,Clothing,72,Missouri,XL,Brown,Winter,3.3,No,Standard,No,No,3,Bank Transfer,Weekly,0.0,288,0,4,1.0,52,0,0.3469387755102041,19.478313912684477,Low Value,0,0,Potential Loyalist
1745,57,Male,Sunglasses,Accessories,63,Michigan,L,Teal,Winter,3.0,No,Standard,No,No,23,PayPal,Weekly,0.0,1512,0,24,1.0,52,0,0.48299319727891155,33.79868486345596,Mid Value,0,0,Potential Loyalist
1746,40,Male,Skirt,Clothing,27,West Virginia,L,Red,Winter,3.6,No,Store Pickup,No,No,27,Cash,Weekly,0.0,756,0,28,1.0,52,0,0.5102040816326531,30.768848187651376,Mid Value,1,0,Loyalist
1747,65,Male,Handbag,Accessories,44,Alabama,L,Brown,Summer,3.1,No,Store Pickup,No,No,44,Bank Transfer,Fortnightly,0.0,1980,0,45,1.0,24,0,0.442843804188342,34.4560957057106,Mid Value,1,0,Loyalist
1748,61,Male,Coat,Outerwear,23,New Hampshire,M,Yellow,Winter,2.9,No,Express,No,No,41,Venmo,Quarterly,0.0,966,0,42,1.0,4,0,0.2917166866746698,20.584559636259318,Low Value,1,0,Loyalist
1749,34,Male,Skirt,Clothing,93,Montana,L,Teal,Winter,3.9,No,2-Day Shipping,No,No,41,Bank Transfer,Annually,0.0,3906,0,42,1.0,1,0,0.27210884353741494,36.87384281142559,Mid Value,1,0,Loyalist
1750,43,Male,Hoodie,Clothing,70,Wyoming,L,Pink,Fall,3.2,No,2-Day Shipping,No,No,36,Debit Card,Every 3 Months,0.0,2590,0,37,1.0,4,0,0.25770308123249297,28.37062194582928,Mid Value,1,0,Loyalist
1751,31,Male,Sunglasses,Accessories,85,Missouri,M,White,Fall,3.1,No,Express,No,No,38,Venmo,Every 3 Months,0.0,3315,0,39,1.0,4,0,0.2713085234093637,33.351490663435236,Mid Value,1,0,Loyalist
1752,57,Male,Sweater,Clothing,40,Ohio,M,Silver,Winter,3.2,No,2-Day Shipping,No,No,34,Cash,Annually,0.0,1400,0,35,1.0,1,0,0.22448979591836732,19.626312084254913,Low Value,1,0,Loyalist
1753,34,Male,Boots,Footwear,29,South Dakota,L,Blue,Winter,3.3,No,Store Pickup,No,No,14,Venmo,Quarterly,0.0,435,0,15,1.0,4,0,0.10804321728691477,7.856207179142959,Low Value,0,0,Passive
1754,25,Male,Skirt,Clothing,27,Colorado,L,Black,Fall,4.8,No,Next Day Air,No,No,23,Credit Card,Fortnightly,0.0,648,1,24,1.0,24,0,0.2999866613311991,19.43278081829489,Low Value,0,0,Potential Loyalist
1755,66,Male,Dress,Clothing,93,Massachusetts,S,Beige,Fall,3.8,No,2-Day Shipping,No,No,18,Credit Card,Fortnightly,0.0,1767,0,19,1.0,24,0,0.26597305588902226,23.956108229364474,Low Value,0,0,Potential Loyalist
1756,56,Male,Belt,Accessories,20,Delaware,XL,Charcoal,Spring,4.6,No,Next Day Air,No,No,45,Cash,Monthly,0.0,920,1,46,1.0,12,0,0.37121515272775774,24.757979420461385,Mid Value,1,0,Loyalist
1757,49,Male,Jewelry,Accessories,55,New Hampshire,S,Cyan,Fall,2.8,No,Free Shipping,No,No,14,Bank Transfer,Weekly,0.0,825,0,15,1.0,52,0,0.42176870748299317,26.552408962843405,Mid Value,0,0,Potential Loyalist
1758,19,Male,Dress,Clothing,94,Michigan,L,Yellow,Fall,3.6,No,Standard,No,No,48,Debit Card,Annually,0.0,4606,0,49,1.0,1,0,0.31972789115646255,43.48547923012131,Mid Value,1,0,Loyalist
1759,27,Male,Hat,Accessories,56,Pennsylvania,M,Silver,Winter,4.3,No,Free Shipping,No,No,17,Venmo,Bi-Weekly,0.0,1008,1,18,1.0,26,0,0.2722422302254235,20.102604329759863,Low Value,0,0,Potential Loyalist
1760,68,Male,Sweater,Clothing,58,Louisiana,L,Green,Spring,4.0,No,Next Day Air,No,No,1,PayPal,Weekly,0.0,116,1,2,1.0,52,0,0.3333333333333333,18.042861669883887,Low Value,0,0,Potential Loyalist
1761,20,Male,Skirt,Clothing,44,Minnesota,XL,Peach,Spring,3.5,No,Standard,No,No,39,PayPal,Weekly,0.0,1760,0,40,1.0,52,0,0.5918367346938775,40.94879894502726,Mid Value,1,0,Loyalist
1762,21,Male,Hoodie,Clothing,95,Hawaii,S,Green,Fall,4.9,No,2-Day Shipping,No,No,24,Cash,Weekly,0.0,2375,1,25,1.0,52,0,0.4897959183673469,39.52535272298073,Mid Value,0,0,Potential Loyalist
1763,36,Male,Sandals,Footwear,42,Idaho,M,Brown,Summer,3.1,No,Express,No,No,41,Bank Transfer,Fortnightly,0.0,1764,0,42,1.0,24,0,0.42243564092303587,32.11722999908901,Mid Value,1,0,Loyalist
1764,37,Male,Jewelry,Accessories,93,Vermont,M,Lavender,Winter,3.9,No,Store Pickup,No,No,28,PayPal,Annually,0.0,2697,0,29,1.0,1,0,0.18367346938775508,25.13100661749746,Mid Value,1,0,Loyalist
1765,61,Male,Dress,Clothing,56,Delaware,M,Charcoal,Summer,3.0,No,Store Pickup,No,No,34,Venmo,Quarterly,0.0,1960,0,35,1.0,4,0,0.2440976390556222,23.949227181326947,Low Value,1,0,Loyalist
1766,68,Male,Hoodie,Clothing,88,New Mexico,M,Orange,Spring,4.1,No,2-Day Shipping,No,No,41,Venmo,Quarterly,0.0,3696,1,42,1.0,4,0,0.2917166866746698,36.95076343639691,Mid Value,1,0,Loyalist
1767,60,Male,Sweater,Clothing,54,Alaska,S,Cyan,Winter,4.3,No,2-Day Shipping,No,No,27,Cash,Bi-Weekly,0.0,1512,1,28,1.0,26,0,0.3402694411097772,26.626756258459395,Mid Value,1,0,Loyalist
1768,69,Male,Jewelry,Accessories,89,Minnesota,L,Lavender,Fall,3.8,No,2-Day Shipping,No,No,46,Debit Card,Fortnightly,0.0,4183,0,47,1.0,24,0,0.4564492463652128,48.14120129370747,High Value,1,0,Champion
1769,25,Male,Sandals,Footwear,45,Nebraska,M,Indigo,Summer,3.9,No,2-Day Shipping,No,No,2,PayPal,Every 3 Months,0.0,135,0,3,1.0,4,0,0.026410564225690276,1.822252874240158,Low Value,0,0,Passive
1770,32,Male,Socks,Clothing,75,Alaska,L,Brown,Winter,4.3,No,Free Shipping,No,No,45,Cash,Monthly,0.0,3450,1,46,1.0,12,0,0.37121515272775774,39.65765417153651,Mid Value,1,0,Loyalist
1771,53,Male,Backpack,Accessories,22,Michigan,M,Pink,Fall,4.3,No,Express,No,No,34,Bank Transfer,Weekly,0.0,770,1,35,1.0,52,0,0.5578231292517006,33.62918289278009,Mid Value,1,0,Loyalist
1772,46,Male,Shirt,Clothing,82,Indiana,XL,Turquoise,Fall,4.7,No,Store Pickup,No,No,9,Credit Card,Annually,0.0,820,1,10,1.0,1,0,0.054421768707482984,7.609277074618377,Low Value,0,0,Passive
1773,58,Male,Shoes,Footwear,34,Hawaii,M,Gold,Summer,3.1,No,2-Day Shipping,No,No,1,Bank Transfer,Annually,0.0,68,0,2,1.0,1,0,0.0,0.0471135960508323,Low Value,0,0,Passive
1774,21,Male,Coat,Outerwear,92,West Virginia,M,Blue,Summer,2.7,No,Free Shipping,No,No,17,PayPal,Annually,0.0,1656,0,18,1.0,1,0,0.10884353741496597,15.088755016136213,Low Value,0,0,Passive
1775,46,Male,Sweater,Clothing,78,New York,M,Lavender,Spring,3.7,No,Express,No,No,6,PayPal,Weekly,0.0,546,0,7,1.0,52,0,0.36734693877551017,22.064525998572922,Low Value,0,0,Potential Loyalist
1776,18,Male,Jacket,Outerwear,47,Iowa,M,Violet,Spring,3.3,No,2-Day Shipping,No,No,12,Cash,Bi-Weekly,0.0,611,0,13,1.0,26,0,0.2382286247832466,15.697905289197081,Low Value,0,0,Potential Loyalist
1777,56,Male,Jacket,Outerwear,64,Arizona,L,Cyan,Summer,3.4,No,Free Shipping,No,No,10,Venmo,Every 3 Months,0.0,704,0,11,1.0,4,0,0.08083233293317327,8.018003695353245,Low Value,0,0,Passive
1778,18,Male,Sneakers,Footwear,44,Minnesota,L,Purple,Winter,4.7,No,Free Shipping,No,No,4,Cash,Fortnightly,0.0,220,1,5,1.0,24,0,0.17073496065092703,10.155812212330744,Low Value,0,0,Potential Loyalist
1779,49,Male,Belt,Accessories,94,Texas,M,Red,Winter,4.9,No,Store Pickup,No,No,8,Debit Card,Bi-Weekly,0.0,846,1,9,1.0,26,0,0.2110177404295051,15.948158169983047,Low Value,0,0,Potential Loyalist
1780,29,Male,Scarf,Accessories,62,Virginia,M,Charcoal,Winter,4.3,No,Free Shipping,No,No,41,Venmo,Weekly,0.0,2604,1,42,1.0,52,0,0.6054421768707483,46.919171551681025,High Value,1,0,Champion
1781,67,Male,Jewelry,Accessories,81,North Dakota,S,Gray,Summer,4.2,No,Next Day Air,No,No,49,Credit Card,Weekly,0.0,4050,1,50,1.0,52,0,0.6598639455782312,58.27975033986639,High Value,1,0,Champion
1782,31,Male,T-shirt,Clothing,33,Iowa,M,Pink,Fall,3.7,No,Express,No,No,49,Bank Transfer,Quarterly,0.0,1650,0,50,1.0,4,0,0.3461384553821528,27.457568400603094,Mid Value,1,0,Loyalist
1783,52,Male,Pants,Clothing,88,Utah,M,Lavender,Fall,2.7,No,Next Day Air,No,No,40,Bank Transfer,Fortnightly,0.0,3608,0,41,1.0,24,0,0.4156329198346005,42.621314351055695,Mid Value,1,0,Loyalist
1784,42,Male,Handbag,Accessories,49,Ohio,L,Lavender,Winter,3.3,No,Free Shipping,No,No,30,Credit Card,Monthly,0.0,1519,0,31,1.0,12,0,0.2691743364012271,22.66292771072977,Low Value,1,0,Loyalist
1785,32,Male,Backpack,Accessories,31,Louisiana,L,Yellow,Summer,4.8,No,Standard,No,No,4,Debit Card,Quarterly,0.0,155,1,5,1.0,4,0,0.04001600640256102,2.9399250876583927,Low Value,0,0,Passive
1786,47,Male,Gloves,Accessories,29,Iowa,S,Peach,Fall,4.1,No,Next Day Air,No,No,22,Venmo,Monthly,0.0,667,1,23,1.0,12,0,0.21475256769374415,15.089222577110274,Low Value,0,0,Potential Loyalist
1787,45,Male,Jacket,Outerwear,34,Maryland,M,Brown,Spring,4.6,No,2-Day Shipping,No,No,22,Venmo,Monthly,0.0,782,1,23,1.0,12,0,0.21475256769374415,15.76648052034096,Low Value,0,0,Potential Loyalist
1788,20,Male,Sweater,Clothing,38,Montana,L,Gold,Fall,4.9,No,2-Day Shipping,No,No,10,Bank Transfer,Quarterly,0.0,418,1,11,1.0,4,0,0.08083233293317327,6.6223817843277715,Low Value,0,0,Passive
1789,66,Male,Blouse,Clothing,41,Illinois,L,Pink,Summer,3.1,No,Store Pickup,No,No,23,Cash,Bi-Weekly,0.0,984,0,24,1.0,26,0,0.3130585567560357,21.80617162031399,Low Value,0,0,Potential Loyalist
1790,52,Male,Blouse,Clothing,34,Arizona,L,Peach,Spring,3.0,No,2-Day Shipping,No,No,43,Debit Card,Quarterly,0.0,1496,0,44,1.0,4,0,0.3053221288515406,24.417034450126277,Mid Value,1,0,Loyalist
1791,50,Male,Gloves,Accessories,26,North Carolina,S,Violet,Summer,3.7,No,Store Pickup,No,No,31,PayPal,Bi-Weekly,0.0,832,0,32,1.0,26,0,0.3674803254635187,23.755809597345987,Low Value,1,0,Loyalist
1792,62,Male,Jeans,Clothing,98,Montana,S,Purple,Winter,4.0,No,Store Pickup,No,No,38,Cash,Annually,0.0,3822,1,39,1.0,1,0,0.2517006802721088,35.60104058743442,Mid Value,1,0,Loyalist
1793,38,Male,Sneakers,Footwear,59,Iowa,M,Peach,Fall,3.0,No,Express,No,No,22,Debit Card,Every 3 Months,0.0,1357,0,23,1.0,4,0,0.16246498599439774,16.130845425998942,Low Value,0,0,Passive
1794,65,Male,Hat,Accessories,92,Iowa,S,White,Fall,3.8,No,Store Pickup,No,No,45,Cash,Every 3 Months,0.0,4232,0,46,1.0,4,0,0.31892757102841135,41.24108337500972,Mid Value,1,0,Loyalist
1795,60,Male,Backpack,Accessories,40,Ohio,L,Indigo,Spring,3.7,No,Express,No,No,21,Debit Card,Fortnightly,0.0,880,0,22,1.0,24,0,0.28638121915432835,19.799186880477812,Low Value,0,0,Potential Loyalist
1796,68,Male,Jeans,Clothing,20,Wisconsin,S,Violet,Fall,4.0,No,2-Day Shipping,No,No,9,Debit Card,Fortnightly,0.0,200,1,10,1.0,24,0,0.20474856609310388,11.81602591095228,Low Value,0,0,Potential Loyalist
1797,62,Male,Skirt,Clothing,35,South Carolina,S,Brown,Spring,3.1,No,Store Pickup,No,No,34,Venmo,Weekly,0.0,1225,0,35,1.0,52,0,0.5578231292517006,36.02007952037936,Mid Value,1,0,Loyalist
1798,62,Male,Belt,Accessories,35,Oregon,L,Maroon,Spring,3.9,No,2-Day Shipping,No,No,26,Venmo,Weekly,0.0,945,0,27,1.0,52,0,0.5034013605442177,31.526307356602523,Mid Value,1,0,Loyalist
1799,40,Male,Dress,Clothing,82,North Dakota,L,Magenta,Winter,3.7,No,Express,No,No,1,Cash,Weekly,0.0,164,0,2,1.0,52,0,0.3333333333333333,18.03685409839716,Low Value,0,0,Potential Loyalist
1800,32,Male,Hoodie,Clothing,48,California,M,Charcoal,Fall,3.9,No,Express,No,No,47,Venmo,Weekly,0.0,2304,0,48,1.0,52,0,0.6462585034013606,46.9973197784815,High Value,1,0,Champion
1801,22,Male,Coat,Outerwear,58,Mississippi,XL,Indigo,Winter,2.7,No,Express,No,No,30,Credit Card,Weekly,0.0,1798,0,31,1.0,52,0,0.5306122448979591,37.972192686521204,Mid Value,1,0,Loyalist
1802,33,Male,Sweater,Clothing,57,New Jersey,M,Turquoise,Spring,3.9,No,Express,No,No,48,Debit Card,Fortnightly,0.0,2793,0,49,1.0,24,0,0.47005468854208343,40.66641305537512,Mid Value,1,0,Loyalist
1803,57,Male,Shorts,Clothing,96,Rhode Island,L,Turquoise,Winter,2.6,No,Store Pickup,No,No,31,Venmo,Bi-Weekly,0.0,3072,0,32,1.0,26,0,0.3674803254635187,36.9476164915785,Mid Value,1,0,Loyalist
1804,60,Male,Sneakers,Footwear,97,New Hampshire,S,Gray,Summer,3.5,No,Free Shipping,No,No,33,Venmo,Fortnightly,0.0,3298,0,34,1.0,24,0,0.3680138722155528,38.30646573983796,Mid Value,1,0,Loyalist
1805,30,Male,Sweater,Clothing,42,Louisiana,L,Peach,Winter,4.4,No,Next Day Air,No,No,39,Credit Card,Weekly,0.0,1680,1,40,1.0,52,0,0.5918367346938775,40.766352132310665,Mid Value,1,0,Loyalist
1806,41,Male,T-shirt,Clothing,62,Arizona,L,Gold,Spring,4.9,No,Store Pickup,No,No,46,Debit Card,Weekly,0.0,2914,1,47,1.0,52,0,0.6394557823129252,50.522821087399315,High Value,1,0,Champion
1807,58,Male,Handbag,Accessories,67,Rhode Island,M,Green,Fall,3.9,No,Standard,No,No,24,Venmo,Annually,0.0,1675,0,25,1.0,1,0,0.1564625850340136,17.68984657100499,Low Value,0,0,Passive
1808,34,Male,Sneakers,Footwear,46,Vermont,L,Gold,Summer,3.5,No,Standard,No,No,37,Venmo,Fortnightly,0.0,1748,0,38,1.0,24,0,0.39522475656929434,30.600604655988462,Mid Value,1,0,Loyalist
1809,67,Male,Jacket,Outerwear,71,Tennessee,M,Lavender,Spring,4.3,No,Next Day Air,No,No,7,Debit Card,Monthly,0.0,568,1,8,1.0,12,0,0.11271175136721354,9.17219875973542,Low Value,0,0,Potential Loyalist
1810,58,Male,Backpack,Accessories,99,Alaska,S,Blue,Fall,3.4,No,Free Shipping,No,No,6,Debit Card,Fortnightly,0.0,693,0,7,1.0,24,0,0.1843404028277978,13.36391350654383,Low Value,0,0,Potential Loyalist
1811,41,Male,Jeans,Clothing,28,Maryland,M,Magenta,Fall,2.7,No,Standard,No,No,16,Cash,Bi-Weekly,0.0,476,0,17,1.0,26,0,0.2654395091369881,16.325261506838203,Low Value,0,0,Potential Loyalist
1812,42,Male,Belt,Accessories,77,Wisconsin,L,Blue,Summer,3.6,No,Standard,No,No,33,Bank Transfer,Annually,0.0,2618,0,34,1.0,1,0,0.21768707482993194,26.443757545244118,Mid Value,1,0,Loyalist
1813,50,Male,Boots,Footwear,63,Nevada,S,Blue,Summer,4.9,No,Express,No,No,18,PayPal,Bi-Weekly,0.0,1197,1,19,1.0,26,0,0.27904495131385887,21.571262574210454,Low Value,0,0,Potential Loyalist
1814,40,Male,Shorts,Clothing,62,Illinois,M,Olive,Spring,3.5,No,Free Shipping,No,No,24,PayPal,Weekly,0.0,1550,0,25,1.0,52,0,0.4897959183673469,34.37807398244713,Mid Value,0,0,Potential Loyalist
1815,32,Male,Jeans,Clothing,92,Montana,M,White,Summer,3.8,No,Free Shipping,No,No,24,Cash,Quarterly,0.0,2300,0,25,1.0,4,0,0.1760704281712685,22.39555963599002,Low Value,0,0,Passive
1816,51,Male,Shoes,Footwear,72,New Mexico,L,White,Winter,4.5,No,2-Day Shipping,No,No,48,Credit Card,Every 3 Months,0.0,3528,1,49,1.0,4,0,0.33933573429371744,38.45057468357753,Mid Value,1,0,Loyalist
1817,26,Male,Hat,Accessories,79,Virginia,M,Purple,Summer,4.0,No,Express,No,No,4,Cash,Weekly,0.0,395,1,5,1.0,52,0,0.35374149659863946,20.75274694540577,Low Value,0,0,Potential Loyalist
1818,32,Male,T-shirt,Clothing,27,Delaware,M,White,Summer,4.7,No,Free Shipping,No,No,20,Cash,Weekly,0.0,567,1,21,1.0,52,0,0.4625850340136054,27.455281864494168,Mid Value,0,0,Potential Loyalist
1819,58,Male,Sunglasses,Accessories,39,North Carolina,M,White,Fall,3.8,No,Express,No,No,47,Debit Card,Every 3 Months,0.0,1872,0,48,1.0,4,0,0.3325330132052821,28.053771615514194,Mid Value,1,0,Loyalist
1820,51,Male,Socks,Clothing,86,Nevada,S,Peach,Spring,4.5,No,Next Day Air,No,No,50,Cash,Quarterly,0.0,4386,1,51,1.0,4,0,0.3529411764705882,44.214706935528525,High Value,1,0,Champion
1821,19,Male,Shirt,Clothing,94,Washington,XL,Gold,Fall,5.0,No,Express,No,No,31,PayPal,Monthly,0.0,3008,1,32,1.0,12,0,0.2759770574896625,32.07623446123202,Mid Value,1,0,Loyalist
1822,57,Male,Shorts,Clothing,53,Maine,M,Teal,Spring,2.8,No,Express,No,No,29,PayPal,Quarterly,0.0,1590,0,30,1.0,4,0,0.21008403361344535,19.99222567522743,Low Value,1,0,Loyalist
1823,66,Male,Shirt,Clothing,85,Connecticut,S,Cyan,Summer,4.4,No,Standard,No,No,4,Cash,Annually,0.0,425,1,5,1.0,1,0,0.02040816326530612,3.505045580860012,Low Value,0,0,Passive
1824,62,Male,Socks,Clothing,50,Louisiana,L,Pink,Fall,4.7,No,Free Shipping,No,No,40,Bank Transfer,Bi-Weekly,0.0,2050,1,41,1.0,26,0,0.42870481525943704,34.417939583624126,Mid Value,1,0,Loyalist
1825,58,Male,Pants,Clothing,47,Illinois,XL,Magenta,Winter,3.8,No,Express,No,No,31,Cash,Monthly,0.0,1504,0,32,1.0,12,0,0.2759770574896625,22.93018925588419,Low Value,1,0,Loyalist
1826,23,Male,Boots,Footwear,75,South Dakota,M,Pink,Winter,4.9,No,Next Day Air,No,No,41,Credit Card,Weekly,0.0,3150,1,42,1.0,52,0,0.6054421768707483,50.134674482150196,High Value,1,0,Champion
1827,45,Male,T-shirt,Clothing,60,Indiana,M,Turquoise,Winter,4.2,No,Express,No,No,44,Debit Card,Annually,0.0,2700,1,45,1.0,1,0,0.2925170068027211,31.12695596780378,Mid Value,1,0,Loyalist
1828,20,Male,T-shirt,Clothing,36,Vermont,S,Pink,Spring,4.9,No,2-Day Shipping,No,No,31,Bank Transfer,Weekly,0.0,1152,1,32,1.0,52,0,0.5374149659863945,34.81205849095808,Mid Value,1,0,Loyalist
1829,33,Male,Coat,Outerwear,80,New Hampshire,L,Gray,Spring,3.9,No,Express,No,No,45,Cash,Every 3 Months,0.0,3680,0,46,1.0,4,0,0.31892757102841135,37.99024524750242,Mid Value,1,0,Loyalist
1830,30,Male,Hat,Accessories,96,Oregon,M,White,Spring,4.9,No,2-Day Shipping,No,No,50,Credit Card,Quarterly,0.0,4896,1,51,1.0,4,0,0.3529411764705882,47.21819868376897,High Value,1,0,Champion
1831,50,Male,Sunglasses,Accessories,80,Kansas,M,Blue,Winter,4.8,No,Express,No,No,7,Venmo,Annually,0.0,640,1,8,1.0,1,0,0.04081632653061224,5.838022087975246,Low Value,0,0,Passive
1832,62,Male,Blouse,Clothing,71,Maine,M,Cyan,Summer,3.3,No,Free Shipping,No,No,5,Bank Transfer,Every 3 Months,0.0,426,0,6,1.0,4,0,0.046818727490996394,4.602808543838285,Low Value,0,0,Passive
1833,69,Male,Jewelry,Accessories,29,Louisiana,M,Blue,Fall,4.6,No,Free Shipping,No,No,48,Cash,Monthly,0.0,1421,1,49,1.0,12,0,0.3916233159930639,28.775266986393806,Mid Value,1,0,Loyalist
1834,34,Male,Jewelry,Accessories,53,Louisiana,M,Yellow,Spring,4.5,No,2-Day Shipping,No,No,19,PayPal,Fortnightly,0.0,1060,1,20,1.0,24,0,0.27277577697745764,20.436732863913768,Low Value,0,0,Potential Loyalist
1835,49,Male,Skirt,Clothing,35,Indiana,M,Charcoal,Summer,4.1,No,2-Day Shipping,No,No,39,Venmo,Fortnightly,0.0,1400,1,40,1.0,24,0,0.4088301987461651,29.551051451068496,Mid Value,1,0,Loyalist
1836,65,Male,Scarf,Accessories,75,Kentucky,M,Lavender,Fall,3.2,No,2-Day Shipping,No,No,45,Credit Card,Quarterly,0.0,3450,0,46,1.0,4,0,0.31892757102841135,36.635729361041044,Mid Value,1,0,Loyalist
1837,66,Male,Pants,Clothing,52,South Carolina,M,Teal,Fall,4.2,No,2-Day Shipping,No,No,35,Credit Card,Monthly,0.0,1872,1,36,1.0,12,0,0.30318794184340403,26.808501973012987,Mid Value,1,0,Loyalist
1838,41,Male,Hat,Accessories,77,Montana,M,Beige,Winter,4.8,No,Free Shipping,No,No,8,Venmo,Monthly,0.0,693,1,9,1.0,12,0,0.11951447245564892,10.263948235779365,Low Value,0,0,Potential Loyalist
1839,37,Male,Gloves,Accessories,24,Vermont,L,Blue,Fall,4.1,No,Next Day Air,No,No,11,Credit Card,Quarterly,0.0,288,1,12,1.0,4,0,0.08763505402160864,6.212385386251503,Low Value,0,0,Passive
1840,32,Male,Shirt,Clothing,78,Mississippi,XL,Purple,Winter,3.7,No,Store Pickup,No,No,32,Cash,Annually,0.0,2574,0,33,1.0,1,0,0.2108843537414966,25.829033229214833,Mid Value,1,0,Loyalist
1841,42,Male,Sandals,Footwear,98,Wyoming,M,Gold,Winter,2.6,No,Store Pickup,No,No,46,Bank Transfer,Every 3 Months,0.0,4606,0,47,1.0,4,0,0.32573029211684673,43.799243528135776,Mid Value,1,0,Loyalist
1842,31,Male,Socks,Clothing,57,Vermont,L,Blue,Winter,3.0,No,Standard,No,No,7,PayPal,Every 3 Months,0.0,456,0,8,1.0,4,0,0.06042416966786714,5.490683604528343,Low Value,0,0,Passive
1843,61,Male,Handbag,Accessories,78,Alabama,M,Black,Summer,4.4,No,Express,No,No,1,Debit Card,Annually,0.0,156,1,2,1.0,1,0,0.0,0.8540523004016707,Low Value,0,0,Passive
1844,36,Male,Jacket,Outerwear,76,Kentucky,M,Charcoal,Fall,4.7,No,Next Day Air,No,No,32,Credit Card,Monthly,0.0,2508,1,33,1.0,12,0,0.2827797785780979,29.487234245804846,Mid Value,1,0,Loyalist
1845,60,Male,Shorts,Clothing,26,South Dakota,M,Purple,Spring,2.7,No,2-Day Shipping,No,No,31,Credit Card,Annually,0.0,832,0,32,1.0,1,0,0.20408163265306123,15.214448151396788,Low Value,1,0,Loyalist
1846,51,Male,Sandals,Footwear,78,Delaware,M,Orange,Winter,2.8,No,2-Day Shipping,No,No,39,Bank Transfer,Quarterly,0.0,3120,0,40,1.0,4,0,0.27811124449779906,32.55869629744596,Mid Value,1,0,Loyalist
1847,68,Male,Scarf,Accessories,53,Wisconsin,M,Yellow,Summer,2.9,No,Standard,No,No,9,Venmo,Quarterly,0.0,530,0,10,1.0,4,0,0.07402961184473789,6.637683443497963,Low Value,0,0,Passive
1848,46,Male,Sandals,Footwear,100,Arizona,XL,Cyan,Summer,4.4,No,Free Shipping,No,No,49,Credit Card,Weekly,0.0,5000,1,50,1.0,52,0,0.6598639455782312,63.87448987090251,High Value,1,0,Champion
1849,19,Male,Jeans,Clothing,73,Maine,XL,Yellow,Winter,2.7,No,Express,No,No,34,Cash,Every 3 Months,0.0,2555,0,35,1.0,4,0,0.2440976390556222,27.45330088760745,Mid Value,1,0,Loyalist
1850,30,Male,Skirt,Clothing,40,New Mexico,M,Maroon,Winter,4.5,No,Store Pickup,No,No,35,Bank Transfer,Monthly,0.0,1440,1,36,1.0,12,0,0.30318794184340403,24.264367786268146,Low Value,1,0,Loyalist
1851,51,Male,Gloves,Accessories,76,Wyoming,S,Black,Winter,2.8,No,Store Pickup,No,No,50,Debit Card,Weekly,0.0,3876,0,51,1.0,52,0,0.6666666666666666,57.321940015718845,High Value,1,0,Champion
1852,28,Male,Skirt,Clothing,80,Delaware,S,Lavender,Fall,3.1,No,Free Shipping,No,No,4,Bank Transfer,Fortnightly,0.0,400,0,5,1.0,24,0,0.17073496065092703,10.92717897568272,Low Value,0,0,Potential Loyalist
1853,41,Male,Sweater,Clothing,80,Pennsylvania,XL,Violet,Winter,3.8,No,Store Pickup,No,No,32,Cash,Weekly,0.0,2640,0,33,1.0,52,0,0.5442176870748299,43.642097746370546,Mid Value,1,0,Loyalist
1854,29,Male,Blouse,Clothing,67,North Dakota,XL,Olive,Spring,2.9,No,Express,No,No,11,PayPal,Fortnightly,0.0,804,0,12,1.0,24,0,0.21835400826997464,15.795612340497705,Low Value,0,0,Potential Loyalist
1855,25,Male,Sweater,Clothing,61,Kentucky,M,Teal,Spring,3.8,No,Express,No,No,49,Credit Card,Annually,0.0,3050,0,50,1.0,1,0,0.32653061224489793,34.67748433598451,Mid Value,1,0,Loyalist
1856,60,Male,Shirt,Clothing,76,Rhode Island,XL,Teal,Spring,4.7,No,Standard,No,No,9,Cash,Annually,0.0,760,1,10,1.0,1,0,0.054421768707482984,7.255925104237148,Low Value,0,0,Passive
1857,63,Male,Jewelry,Accessories,55,Arizona,XL,Beige,Summer,3.2,No,Free Shipping,No,No,30,PayPal,Bi-Weekly,0.0,1705,0,31,1.0,26,0,0.36067760437508334,28.541481228643136,Mid Value,1,0,Loyalist
1858,51,Male,T-shirt,Clothing,85,Colorado,L,Maroon,Summer,4.0,No,Next Day Air,No,No,33,Cash,Monthly,0.0,2890,1,34,1.0,12,0,0.28958249966653327,32.092507994981716,Mid Value,1,0,Loyalist
1859,22,Male,Scarf,Accessories,69,Maine,S,Peach,Spring,4.9,No,2-Day Shipping,No,No,8,Debit Card,Annually,0.0,621,1,9,1.0,1,0,0.047619047619047616,6.081726835104248,Low Value,0,0,Passive
1860,54,Male,Belt,Accessories,26,New Jersey,L,Beige,Summer,3.7,No,Store Pickup,No,No,29,Debit Card,Fortnightly,0.0,780,0,30,1.0,24,0,0.3408029878618114,22.055063231840215,Low Value,1,0,Loyalist
1861,18,Male,T-shirt,Clothing,64,Kansas,M,Silver,Summer,4.8,No,Next Day Air,No,No,4,Credit Card,Monthly,0.0,320,1,5,1.0,12,0,0.09230358810190742,6.644878668910513,Low Value,0,0,Potential Loyalist
1862,29,Male,Sneakers,Footwear,60,South Dakota,S,Peach,Fall,3.6,No,Standard,No,No,19,Debit Card,Monthly,0.0,1200,0,20,1.0,12,0,0.19434440442843803,16.872678152955974,Low Value,0,0,Potential Loyalist
1863,59,Male,Gloves,Accessories,36,New Hampshire,M,Turquoise,Winter,4.6,No,Express,No,No,10,PayPal,Fortnightly,0.0,396,1,11,1.0,24,0,0.21155128718153926,13.325908551947347,Low Value,0,0,Potential Loyalist
1864,25,Male,Sandals,Footwear,21,Connecticut,L,Orange,Spring,4.3,No,2-Day Shipping,No,No,39,Debit Card,Monthly,0.0,840,1,40,1.0,12,0,0.33039882619714545,22.15324623345475,Low Value,1,0,Loyalist
1865,19,Male,Backpack,Accessories,72,Wyoming,S,Cyan,Fall,3.2,No,2-Day Shipping,No,No,21,Venmo,Quarterly,0.0,1584,0,22,1.0,4,0,0.15566226490596236,17.11209417619153,Low Value,0,0,Passive
1866,56,Male,Pants,Clothing,62,Missouri,S,Silver,Summer,3.8,No,Store Pickup,No,No,12,Bank Transfer,Monthly,0.0,806,0,13,1.0,12,0,0.14672535680939042,12.063136783204524,Low Value,0,0,Potential Loyalist
1867,31,Male,T-shirt,Clothing,44,Alaska,XL,Gold,Winter,4.2,No,Standard,No,No,9,Credit Card,Fortnightly,0.0,440,1,10,1.0,24,0,0.20474856609310388,13.229433792477192,Low Value,0,0,Potential Loyalist
1868,45,Male,Skirt,Clothing,52,Delaware,M,Brown,Fall,3.4,No,2-Day Shipping,No,No,20,Venmo,Quarterly,0.0,1092,0,21,1.0,4,0,0.14885954381752697,13.859008481315737,Low Value,0,0,Passive
1869,23,Male,Gloves,Accessories,58,Indiana,M,Silver,Spring,4.7,No,Next Day Air,No,No,44,Cash,Fortnightly,0.0,2610,1,45,1.0,24,0,0.442843804188342,38.454980542505204,Mid Value,1,0,Loyalist
1870,18,Male,Blouse,Clothing,77,West Virginia,S,Beige,Spring,3.9,No,2-Day Shipping,No,No,16,Debit Card,Every 3 Months,0.0,1309,0,17,1.0,4,0,0.12164865946378552,13.714566623195628,Low Value,0,0,Passive
1871,43,Male,Blouse,Clothing,99,Wyoming,L,Violet,Spring,4.3,No,Store Pickup,No,No,27,Debit Card,Fortnightly,0.0,2772,1,28,1.0,24,0,0.32719754568494064,33.36383872078926,Mid Value,1,0,Loyalist
1872,56,Male,Jeans,Clothing,96,Illinois,XL,Violet,Fall,2.7,No,Standard,No,No,14,Cash,Every 3 Months,0.0,1440,0,15,1.0,4,0,0.10804321728691477,13.774852683028529,Low Value,0,0,Passive
1873,43,Male,T-shirt,Clothing,64,Alaska,M,Lavender,Summer,4.6,No,Standard,No,No,24,Credit Card,Monthly,0.0,1600,1,25,1.0,12,0,0.22835800987061491,21.295044792037814,Low Value,0,0,Potential Loyalist
1874,64,Male,Sweater,Clothing,44,Wisconsin,XL,Red,Fall,2.9,No,Express,No,No,49,Bank Transfer,Weekly,0.0,2200,0,50,1.0,52,0,0.6598639455782312,47.096042105320144,High Value,1,0,Champion
1875,67,Male,Pants,Clothing,33,Indiana,L,Purple,Fall,3.6,No,Free Shipping,No,No,14,Cash,Weekly,0.0,495,0,15,1.0,52,0,0.42176870748299317,24.60897312574665,Mid Value,0,0,Potential Loyalist
1876,63,Male,Boots,Footwear,71,Tennessee,M,Brown,Winter,3.9,No,Next Day Air,No,No,6,Credit Card,Quarterly,0.0,497,0,7,1.0,4,0,0.05362144857943177,5.376541246539126,Low Value,0,0,Passive
1877,54,Male,Skirt,Clothing,36,Illinois,M,Gray,Fall,2.6,No,Standard,No,No,20,Venmo,Quarterly,0.0,756,0,21,1.0,4,0,0.14885954381752697,11.880237447180857,Low Value,0,0,Passive
1878,69,Male,Gloves,Accessories,62,Pennsylvania,L,Pink,Fall,3.6,No,Express,No,No,3,Credit Card,Annually,0.0,248,0,4,1.0,1,0,0.013605442176870746,1.8183685826939533,Low Value,0,0,Passive
1879,34,Male,Socks,Clothing,29,Oklahoma,L,Magenta,Summer,3.4,No,Store Pickup,No,No,5,Credit Card,Monthly,0.0,174,0,6,1.0,12,0,0.0991063091903428,5.851965930940866,Low Value,0,0,Potential Loyalist
1880,56,Male,T-shirt,Clothing,33,Tennessee,L,Charcoal,Spring,3.5,No,Express,No,No,46,Cash,Bi-Weekly,0.0,1551,0,47,1.0,26,0,0.46952114179004933,33.32413710866019,Mid Value,1,0,Loyalist
1881,34,Male,Blouse,Clothing,33,New Jersey,L,Yellow,Fall,3.1,No,2-Day Shipping,No,No,8,Debit Card,Monthly,0.0,297,0,9,1.0,12,0,0.11951447245564892,7.643136083471545,Low Value,0,0,Potential Loyalist
1882,58,Male,Blouse,Clothing,41,New Jersey,M,Red,Winter,4.3,No,Standard,No,No,13,Cash,Bi-Weekly,0.0,574,1,14,1.0,26,0,0.24503134587168196,16.124293593003426,Low Value,0,0,Potential Loyalist
1883,44,Male,Scarf,Accessories,54,Tennessee,L,Blue,Winter,5.0,No,Store Pickup,No,No,25,Bank Transfer,Quarterly,0.0,1404,1,26,1.0,4,0,0.18287314925970388,17.763125563838443,Low Value,0,0,Passive
1884,25,Male,Backpack,Accessories,58,Georgia,M,Cyan,Spring,4.9,No,Store Pickup,No,No,39,Debit Card,Fortnightly,0.0,2320,1,40,1.0,24,0,0.4088301987461651,34.969114996913994,Mid Value,1,0,Loyalist
1885,27,Male,Shorts,Clothing,30,Arizona,S,Pink,Summer,4.3,No,Next Day Air,No,No,15,Bank Transfer,Bi-Weekly,0.0,480,1,16,1.0,26,0,0.2586367880485527,16.28190791490561,Low Value,0,0,Potential Loyalist
1886,26,Male,Jewelry,Accessories,53,Nevada,S,Maroon,Winter,4.4,No,Standard,No,No,35,Cash,Monthly,0.0,1908,1,36,1.0,12,0,0.30318794184340403,27.020513155241726,Mid Value,1,0,Loyalist
1887,18,Male,Gloves,Accessories,91,Arkansas,L,Beige,Spring,4.4,No,Next Day Air,No,No,46,Cash,Bi-Weekly,0.0,4277,1,47,1.0,26,0,0.46952114179004933,49.66678411077237,High Value,1,0,Champion
1888,64,Male,Hoodie,Clothing,44,North Dakota,XL,Gold,Fall,3.5,No,Express,No,No,3,PayPal,Monthly,0.0,176,0,4,1.0,12,0,0.08550086701347205,5.152545254454131,Low Value,0,0,Potential Loyalist
1889,62,Male,Hoodie,Clothing,89,South Dakota,XL,Turquoise,Winter,3.4,No,Free Shipping,No,No,48,Credit Card,Weekly,0.0,4361,0,49,1.0,52,0,0.6530612244897959,59.46700270080099,High Value,1,0,Champion
1890,59,Male,Skirt,Clothing,57,North Carolina,L,Peach,Spring,2.5,No,Next Day Air,No,No,27,Bank Transfer,Weekly,0.0,1596,0,28,1.0,52,0,0.5102040816326531,35.71577577298857,Mid Value,1,0,Loyalist
1891,36,Male,Sunglasses,Accessories,57,Hawaii,M,Lavender,Spring,3.4,No,Store Pickup,No,No,5,Credit Card,Weekly,0.0,342,0,6,1.0,52,0,0.3605442176870748,20.50752976152702,Low Value,0,0,Potential Loyalist
1892,69,Male,Jewelry,Accessories,74,New Hampshire,M,Gray,Summer,2.6,No,Next Day Air,No,No,48,Debit Card,Quarterly,0.0,3626,0,49,1.0,4,0,0.33933573429371744,38.73902708740849,Mid Value,1,0,Loyalist
1893,39,Male,Jacket,Outerwear,30,California,M,Blue,Fall,4.6,No,2-Day Shipping,No,No,12,Venmo,Weekly,0.0,390,1,13,1.0,52,0,0.40816326530612246,23.568097249871773,Low Value,0,0,Potential Loyalist
1894,28,Male,Dress,Clothing,20,Delaware,L,Red,Summer,3.7,No,Express,No,No,10,PayPal,Fortnightly,0.0,220,0,11,1.0,24,0,0.21155128718153926,12.000720291037362,Low Value,0,0,Potential Loyalist
1895,42,Male,Hoodie,Clothing,90,Arizona,M,Purple,Fall,2.5,No,Free Shipping,No,No,48,Debit Card,Bi-Weekly,0.0,4410,0,49,1.0,26,0,0.48312658396692004,50.87255757282515,High Value,1,0,Champion
1896,31,Male,Jeans,Clothing,61,Washington,L,Indigo,Fall,4.5,No,Express,No,No,3,Debit Card,Monthly,0.0,244,1,4,1.0,12,0,0.08550086701347205,5.8416999686779025,Low Value,0,0,Potential Loyalist
1897,57,Male,Sandals,Footwear,51,Nevada,M,Gold,Fall,2.9,No,Standard,No,No,19,Venmo,Monthly,0.0,1020,0,20,1.0,12,0,0.19434440442843803,15.812622241812289,Low Value,0,0,Potential Loyalist
1898,53,Male,Sunglasses,Accessories,97,Alaska,L,Teal,Winter,2.9,No,Free Shipping,No,No,11,Debit Card,Fortnightly,0.0,1164,0,12,1.0,24,0,0.21835400826997464,17.915724162785075,Low Value,0,0,Potential Loyalist
1899,59,Male,Pants,Clothing,97,Texas,L,Magenta,Fall,3.5,No,Next Day Air,No,No,25,Venmo,Monthly,0.0,2522,0,26,1.0,12,0,0.23516073095905027,26.79179712685403,Mid Value,0,0,Potential Loyalist
1900,32,Male,Shorts,Clothing,40,New York,L,Maroon,Winter,4.2,No,Store Pickup,No,No,42,PayPal,Weekly,0.0,1720,1,43,1.0,52,0,0.6122448979591837,42.06871872581398,Mid Value,1,0,Loyalist
1901,65,Male,Jewelry,Accessories,85,Iowa,S,Blue,Summer,3.3,No,Free Shipping,No,No,34,Cash,Quarterly,0.0,2975,0,35,1.0,4,0,0.2440976390556222,29.92676468027605,Mid Value,1,0,Loyalist
1902,56,Male,Socks,Clothing,76,Arizona,S,Beige,Winter,3.9,No,Store Pickup,No,No,50,Cash,Quarterly,0.0,3876,0,51,1.0,4,0,0.3529411764705882,40.92252603949637,Mid Value,1,0,Loyalist
1903,31,Male,Sandals,Footwear,22,New Mexico,S,Olive,Spring,5.0,No,Store Pickup,No,No,21,Venmo,Monthly,0.0,484,1,22,1.0,12,0,0.20794984660530877,13.655899529697804,Low Value,0,0,Potential Loyalist
1904,59,Male,Pants,Clothing,63,North Carolina,M,Gold,Summer,3.3,No,Standard,No,No,37,Bank Transfer,Weekly,0.0,2394,0,38,1.0,52,0,0.5782312925170068,43.97135235655612,High Value,1,0,Champion
1905,22,Male,T-shirt,Clothing,71,Nevada,S,Silver,Spring,4.2,No,Free Shipping,No,No,46,Cash,Monthly,0.0,3337,1,47,1.0,12,0,0.3780178738161931,39.34777416506825,Mid Value,1,0,Loyalist
1906,47,Male,Boots,Footwear,35,Idaho,M,Teal,Summer,4.9,No,2-Day Shipping,No,No,14,Bank Transfer,Fortnightly,0.0,525,1,15,1.0,24,0,0.2387621715352808,15.508013439265875,Low Value,0,0,Potential Loyalist
1907,23,Male,Backpack,Accessories,30,Vermont,M,Green,Spring,4.6,No,2-Day Shipping,No,No,24,PayPal,Fortnightly,0.0,750,1,25,1.0,24,0,0.3067893824196345,20.389078705692697,Low Value,0,0,Potential Loyalist
1908,69,Male,Skirt,Clothing,74,New Mexico,L,Orange,Fall,4.8,No,Store Pickup,No,No,36,Credit Card,Every 3 Months,0.0,2738,1,37,1.0,4,0,0.25770308123249297,29.530912620561356,Mid Value,1,0,Loyalist
1909,18,Male,Scarf,Accessories,71,Georgia,XL,Charcoal,Winter,2.7,No,Next Day Air,No,No,19,Debit Card,Bi-Weekly,0.0,1420,0,20,1.0,26,0,0.28584767240229425,22.95146445408536,Low Value,0,0,Potential Loyalist
1910,50,Male,Sweater,Clothing,84,Kentucky,S,Black,Spring,4.3,No,Store Pickup,No,No,12,Credit Card,Monthly,0.0,1092,1,13,1.0,12,0,0.14672535680939042,14.036136989813421,Low Value,0,0,Potential Loyalist
1911,29,Male,Sandals,Footwear,38,New York,S,Yellow,Fall,3.8,No,Express,No,No,13,Debit Card,Quarterly,0.0,532,0,14,1.0,4,0,0.10124049619847938,8.071859993509557,Low Value,0,0,Passive
1912,65,Male,Jewelry,Accessories,81,Arizona,M,Gray,Spring,4.9,No,Express,No,No,32,Debit Card,Bi-Weekly,0.0,2673,1,33,1.0,26,0,0.3742830465519541,35.24211457408477,Mid Value,1,0,Loyalist
1913,29,Male,Sweater,Clothing,56,Colorado,S,Charcoal,Winter,3.4,No,2-Day Shipping,No,No,5,Credit Card,Bi-Weekly,0.0,336,0,6,1.0,26,0,0.190609577164199,11.589178660701734,Low Value,0,0,Potential Loyalist
1914,49,Male,Skirt,Clothing,48,Kentucky,M,Peach,Winter,3.6,No,Express,No,No,29,Cash,Annually,0.0,1440,0,30,1.0,1,0,0.19047619047619047,18.083882375760453,Low Value,1,0,Loyalist
1915,28,Male,Shorts,Clothing,97,Alaska,L,Green,Fall,3.4,No,Standard,No,No,40,Credit Card,Fortnightly,0.0,3977,0,41,1.0,24,0,0.4156329198346005,44.794428968900256,High Value,1,0,Champion
1916,51,Male,Backpack,Accessories,74,Alabama,M,Magenta,Fall,4.7,No,2-Day Shipping,No,No,44,Cash,Weekly,0.0,3330,1,45,1.0,52,0,0.6258503401360545,52.26152900654305,High Value,1,0,Champion
1917,26,Male,Hoodie,Clothing,50,Connecticut,S,Beige,Winter,3.0,No,Next Day Air,No,No,3,Debit Card,Bi-Weekly,0.0,200,0,4,1.0,26,0,0.17700413498732823,10.077048452338172,Low Value,0,0,Potential Loyalist
1918,38,Male,Skirt,Clothing,71,Hawaii,L,Black,Winter,3.4,No,Free Shipping,No,No,35,PayPal,Bi-Weekly,0.0,2556,0,36,1.0,26,0,0.3946912098172602,35.33118769729883,Mid Value,1,0,Loyalist
1919,35,Male,Skirt,Clothing,33,Idaho,S,Purple,Summer,4.6,No,Standard,No,No,33,Debit Card,Monthly,0.0,1122,1,34,1.0,12,0,0.28958249966653327,21.680403267748193,Low Value,1,0,Loyalist
1920,34,Male,Backpack,Accessories,56,Virginia,M,Olive,Summer,3.1,No,Express,No,No,20,PayPal,Bi-Weekly,0.0,1176,0,21,1.0,26,0,0.2926503934907296,21.87009931228475,Low Value,0,0,Potential Loyalist
1921,51,Male,Blouse,Clothing,84,Connecticut,M,Purple,Spring,2.8,No,Standard,No,No,40,Cash,Every 3 Months,0.0,3444,0,41,1.0,4,0,0.28491396558623444,34.822396475254315,Mid Value,1,0,Loyalist
1922,47,Male,Shirt,Clothing,36,Michigan,M,Green,Fall,3.5,No,Store Pickup,No,No,13,Venmo,Annually,0.0,504,0,14,1.0,1,0,0.08163265306122448,6.881999033817747,Low Value,0,0,Passive
1923,18,Male,Gloves,Accessories,63,Kentucky,S,Peach,Summer,4.6,No,Standard,No,No,9,PayPal,Monthly,0.0,630,1,10,1.0,12,0,0.12631719354408427,10.2485282046288,Low Value,0,0,Potential Loyalist
1924,64,Male,Sandals,Footwear,36,Nebraska,XL,Blue,Summer,4.3,No,Standard,No,No,7,Cash,Annually,0.0,288,1,8,1.0,1,0,0.04081632653061224,3.7650238617387055,Low Value,0,0,Passive
1925,30,Male,Jacket,Outerwear,63,Michigan,M,Gray,Fall,4.8,No,Free Shipping,No,No,42,PayPal,Quarterly,0.0,2709,1,43,1.0,4,0,0.2985194077631052,31.493723061375423,Mid Value,1,0,Loyalist
1926,59,Male,Sneakers,Footwear,32,Utah,L,Black,Winter,2.9,No,Express,No,No,44,Credit Card,Fortnightly,0.0,1440,0,45,1.0,24,0,0.442843804188342,31.275927972279543,Mid Value,1,0,Loyalist
1927,66,Male,Backpack,Accessories,93,New Mexico,M,Silver,Spring,3.0,No,Express,No,No,6,PayPal,Annually,0.0,651,0,7,1.0,1,0,0.03401360544217687,5.258514597003704,Low Value,0,0,Passive
1928,40,Male,Pants,Clothing,29,Florida,M,Pink,Summer,2.9,No,Standard,No,No,8,Cash,Every 3 Months,0.0,261,0,9,1.0,4,0,0.06722689075630252,4.697889238539064,Low Value,0,0,Passive
1929,25,Male,Sunglasses,Accessories,92,Mississippi,S,Lavender,Summer,3.7,No,Standard,No,No,10,PayPal,Weekly,0.0,1012,0,11,1.0,52,0,0.3945578231292517,26.231291119532678,Mid Value,0,0,Potential Loyalist
1930,59,Male,Jeans,Clothing,33,Hawaii,L,Brown,Fall,4.7,No,Standard,No,No,46,Venmo,Quarterly,0.0,1551,1,47,1.0,4,0,0.32573029211684673,26.096428184016613,Mid Value,1,0,Loyalist
1931,66,Male,Pants,Clothing,52,North Carolina,L,Turquoise,Spring,3.5,No,Store Pickup,No,No,26,Cash,Weekly,0.0,1404,0,27,1.0,52,0,0.5034013605442177,34.229449930018916,Mid Value,1,0,Loyalist
1932,54,Male,Jewelry,Accessories,42,Illinois,S,Olive,Spring,2.7,No,Store Pickup,No,No,6,Debit Card,Every 3 Months,0.0,294,0,7,1.0,4,0,0.05362144857943177,4.181033746749298,Low Value,0,0,Passive
1933,42,Male,Hoodie,Clothing,36,Maryland,M,White,Spring,5.0,No,Free Shipping,No,No,47,Credit Card,Every 3 Months,0.0,1728,1,48,1.0,4,0,0.3325330132052821,27.494416034390962,Mid Value,1,0,Loyalist
1934,48,Male,Sandals,Footwear,67,Montana,L,Violet,Summer,4.1,No,Next Day Air,No,No,28,Venmo,Annually,0.0,1943,1,29,1.0,1,0,0.18367346938775508,20.97923933749841,Low Value,1,0,Loyalist
1935,34,Male,Jacket,Outerwear,43,Michigan,L,Gold,Winter,2.7,No,Free Shipping,No,No,23,Bank Transfer,Annually,0.0,1032,0,24,1.0,1,0,0.14965986394557823,13.54749175066977,Low Value,0,0,Passive
1936,19,Male,Blouse,Clothing,68,North Carolina,XL,Violet,Spring,4.8,No,Free Shipping,No,No,45,Cash,Fortnightly,0.0,3128,1,46,1.0,24,0,0.4496465252767774,41.8611854245462,Mid Value,1,0,Loyalist
1937,70,Male,Jewelry,Accessories,60,Minnesota,S,Teal,Summer,4.3,No,2-Day Shipping,No,No,44,PayPal,Every 3 Months,0.0,2700,1,45,1.0,4,0,0.31212484993997597,32.15191934131769,Mid Value,1,0,Loyalist
1938,43,Male,Socks,Clothing,53,Delaware,M,Olive,Summer,4.5,No,2-Day Shipping,No,No,11,Bank Transfer,Monthly,0.0,636,1,12,1.0,12,0,0.13992263572095504,10.995062477166368,Low Value,0,0,Potential Loyalist
1939,46,Male,Jeans,Clothing,23,Kentucky,L,Blue,Spring,3.8,No,Standard,No,No,39,Debit Card,Bi-Weekly,0.0,920,0,40,1.0,26,0,0.42190209417100166,27.11885545590289,Mid Value,1,0,Loyalist
1940,66,Male,Gloves,Accessories,57,Ohio,L,Magenta,Winter,3.7,No,Store Pickup,No,No,20,PayPal,Every 3 Months,0.0,1197,0,21,1.0,4,0,0.14885954381752697,14.477374429482886,Low Value,0,0,Passive
1941,50,Male,Hat,Accessories,89,Alaska,L,Gray,Fall,3.9,No,2-Day Shipping,No,No,48,PayPal,Fortnightly,0.0,4361,0,49,1.0,24,0,0.47005468854208343,49.90067788133788,High Value,1,0,Champion
1942,55,Male,Shoes,Footwear,99,Vermont,XL,Peach,Winter,3.3,No,Standard,No,No,46,Credit Card,Quarterly,0.0,4653,0,47,1.0,4,0,0.32573029211684673,44.07603590493439,High Value,1,0,Champion
1943,63,Male,Pants,Clothing,28,Alabama,M,Cyan,Fall,3.4,No,Express,No,No,22,PayPal,Monthly,0.0,644,0,23,1.0,12,0,0.21475256769374415,14.665081840672423,Low Value,0,0,Potential Loyalist
1944,32,Male,Socks,Clothing,53,Wisconsin,L,Violet,Summer,3.8,No,Next Day Air,No,No,45,Cash,Annually,0.0,2438,0,46,1.0,1,0,0.29931972789115646,29.650896087097102,Mid Value,1,0,Loyalist
1945,30,Male,Hoodie,Clothing,45,Arkansas,M,Gold,Winter,2.7,No,Free Shipping,No,No,49,Cash,Every 3 Months,0.0,2250,0,50,1.0,4,0,0.3461384553821528,30.991088104415372,Mid Value,1,0,Loyalist
1946,35,Male,Hoodie,Clothing,38,Georgia,M,Gold,Winter,2.9,No,2-Day Shipping,No,No,9,Credit Card,Every 3 Months,0.0,380,0,10,1.0,4,0,0.07402961184473789,5.754303517544892,Low Value,0,0,Passive
1947,59,Male,Pants,Clothing,49,Louisiana,M,White,Summer,4.5,No,Standard,No,No,41,Credit Card,Quarterly,0.0,2058,1,42,1.0,4,0,0.2917166866746698,27.304254644989385,Mid Value,1,0,Loyalist
1948,59,Male,Shirt,Clothing,32,New York,M,Gray,Summer,2.6,No,Store Pickup,No,No,2,PayPal,Monthly,0.0,96,0,3,1.0,12,0,0.07869814592503667,4.3258097561961035,Low Value,0,0,Potential Loyalist
1949,54,Male,T-shirt,Clothing,37,Connecticut,L,Brown,Winter,3.1,No,Next Day Air,No,No,39,PayPal,Bi-Weekly,0.0,1480,0,40,1.0,26,0,0.42190209417100166,30.41680717946102,Mid Value,1,0,Loyalist
1950,63,Male,Dress,Clothing,80,Nebraska,L,Gray,Winter,4.7,No,Store Pickup,No,No,12,PayPal,Quarterly,0.0,1040,1,13,1.0,4,0,0.09443777511004402,10.996662952779278,Low Value,0,0,Passive
1951,43,Male,Backpack,Accessories,78,Arkansas,L,Blue,Summer,4.6,No,Free Shipping,No,No,26,PayPal,Every 3 Months,0.0,2106,1,27,1.0,4,0,0.18967587034813926,22.252943155048538,Low Value,1,0,Loyalist
1952,33,Male,Gloves,Accessories,53,Connecticut,L,Gold,Summer,2.7,No,Next Day Air,No,No,32,Bank Transfer,Bi-Weekly,0.0,1749,0,33,1.0,26,0,0.3742830465519541,29.511805082422143,Mid Value,1,0,Loyalist
1953,57,Male,Shoes,Footwear,82,Maryland,L,Yellow,Summer,4.6,No,2-Day Shipping,No,No,50,Cash,Bi-Weekly,0.0,4182,1,51,1.0,26,0,0.4967320261437908,50.529708308667644,High Value,1,0,Champion
1954,25,Male,Skirt,Clothing,33,Colorado,XL,Green,Spring,4.8,No,Standard,No,No,3,PayPal,Fortnightly,0.0,132,1,4,1.0,24,0,0.16393223956249164,9.28196311802189,Low Value,0,0,Potential Loyalist
1955,26,Male,Gloves,Accessories,77,Colorado,M,Pink,Winter,4.2,No,Free Shipping,No,No,3,Venmo,Quarterly,0.0,308,1,4,1.0,4,0,0.03321328531412565,3.4853730743808007,Low Value,0,0,Passive
1956,50,Male,Hoodie,Clothing,56,Maine,M,Pink,Winter,4.9,No,Express,No,No,37,Cash,Monthly,0.0,2128,1,38,1.0,12,0,0.3167933840202748,29.02733612213901,Mid Value,1,0,Loyalist
1957,70,Male,Socks,Clothing,37,Oklahoma,M,Pink,Winter,4.9,No,Express,No,No,20,Credit Card,Fortnightly,0.0,777,1,21,1.0,24,0,0.27957849806589297,19.12568894136536,Low Value,0,0,Potential Loyalist
1958,68,Male,Gloves,Accessories,54,South Carolina,M,Cyan,Spring,4.5,No,Store Pickup,No,No,26,Cash,Bi-Weekly,0.0,1458,1,27,1.0,26,0,0.3334667200213418,25.953139947366573,Mid Value,1,0,Loyalist
1959,39,Male,Shorts,Clothing,67,Nevada,M,Gray,Winter,2.7,No,Store Pickup,No,No,47,Cash,Quarterly,0.0,3216,0,48,1.0,4,0,0.3325330132052821,35.9688557520537,Mid Value,1,0,Loyalist
1960,46,Male,Shoes,Footwear,90,Colorado,M,White,Fall,3.1,No,Store Pickup,No,No,7,Credit Card,Every 3 Months,0.0,720,0,8,1.0,4,0,0.06042416966786714,7.045432274205744,Low Value,0,0,Passive
1961,57,Male,Jeans,Clothing,72,Massachusetts,L,Red,Summer,3.3,No,2-Day Shipping,No,No,40,Credit Card,Annually,0.0,2952,0,41,1.0,1,0,0.26530612244897955,30.899946944614342,Mid Value,1,0,Loyalist
1962,47,Male,Boots,Footwear,59,Nevada,L,Black,Summer,2.6,No,Free Shipping,No,No,45,Debit Card,Quarterly,0.0,2714,0,46,1.0,4,0,0.31892757102841135,32.301278524364655,Mid Value,1,0,Loyalist
1963,40,Male,Hat,Accessories,45,Iowa,M,Silver,Fall,4.4,No,Standard,No,No,20,PayPal,Fortnightly,0.0,945,1,21,1.0,24,0,0.27957849806589297,20.1150744584328,Low Value,0,0,Potential Loyalist
1964,52,Male,Shorts,Clothing,30,Michigan,L,Pink,Spring,3.9,No,Standard,No,No,11,Credit Card,Weekly,0.0,360,0,12,1.0,52,0,0.4013605442176871,22.747132579139727,Low Value,0,0,Potential Loyalist
1965,40,Male,Pants,Clothing,51,West Virginia,S,Cyan,Summer,4.6,No,Express,No,No,50,Debit Card,Monthly,0.0,2601,1,51,1.0,12,0,0.40522875816993464,36.435721479390736,Mid Value,1,0,Loyalist
1966,67,Male,Sweater,Clothing,90,Indiana,M,White,Fall,4.9,No,Express,No,No,25,Debit Card,Quarterly,0.0,2340,1,26,1.0,4,0,0.18287314925970388,23.275416301785604,Low Value,0,0,Passive
1967,67,Male,Jacket,Outerwear,95,Indiana,XL,Purple,Winter,3.7,No,Express,No,No,5,Credit Card,Fortnightly,0.0,570,0,6,1.0,24,0,0.1775376817393624,12.283942429512585,Low Value,0,0,Potential Loyalist
1968,37,Male,Dress,Clothing,81,Georgia,L,Yellow,Fall,3.7,No,Standard,No,No,4,Venmo,Annually,0.0,405,0,5,1.0,1,0,0.02040816326530612,3.098572442941227,Low Value,0,0,Passive
1969,67,Male,Shirt,Clothing,70,Minnesota,S,Blue,Spring,4.2,No,Standard,No,No,25,Credit Card,Weekly,0.0,1820,1,26,1.0,52,0,0.4965986394557823,36.6124465347041,Mid Value,0,0,Potential Loyalist
1970,64,Male,Dress,Clothing,32,Louisiana,S,Cyan,Winter,3.5,No,Next Day Air,No,No,11,Bank Transfer,Fortnightly,0.0,384,0,12,1.0,24,0,0.21835400826997464,13.322148547829112,Low Value,0,0,Potential Loyalist
1971,28,Male,Belt,Accessories,94,Maryland,M,Indigo,Spring,2.9,No,Next Day Air,No,No,4,Credit Card,Bi-Weekly,0.0,470,0,5,1.0,26,0,0.1838068560757636,12.022731856803421,Low Value,0,0,Potential Loyalist
1972,54,Male,Hat,Accessories,29,Pennsylvania,XL,Indigo,Spring,3.4,No,Next Day Air,No,No,1,Venmo,Monthly,0.0,58,0,2,1.0,12,0,0.0718954248366013,3.7464206372049356,Low Value,0,0,Potential Loyalist
1973,54,Male,Backpack,Accessories,31,Louisiana,M,Silver,Summer,3.3,No,Express,No,No,48,PayPal,Every 3 Months,0.0,1519,0,49,1.0,4,0,0.33933573429371744,26.33048372752102,Mid Value,1,0,Loyalist
1974,24,Male,Skirt,Clothing,20,Maryland,XL,Red,Fall,4.5,No,Standard,No,No,9,Venmo,Every 3 Months,0.0,200,1,10,1.0,4,0,0.07402961184473789,4.9829367541929255,Low Value,0,0,Passive
1975,27,Male,Gloves,Accessories,44,Tennessee,M,Peach,Winter,4.6,No,2-Day Shipping,No,No,2,PayPal,Fortnightly,0.0,132,1,3,1.0,24,0,0.1571295184740563,8.926363580272167,Low Value,0,0,Potential Loyalist
1976,53,Male,Jacket,Outerwear,77,Illinois,L,Turquoise,Fall,2.9,No,Express,No,No,4,Cash,Quarterly,0.0,385,0,5,1.0,4,0,0.04001600640256102,4.005751826328054,Low Value,0,0,Passive
1977,32,Male,Handbag,Accessories,51,Wyoming,M,Pink,Spring,3.2,No,Next Day Air,No,No,43,PayPal,Fortnightly,0.0,2244,0,44,1.0,24,0,0.43604108309990663,35.655244837638286,Mid Value,1,0,Loyalist
1978,24,Male,Sandals,Footwear,49,Florida,M,Teal,Summer,2.6,No,Free Shipping,No,No,32,Bank Transfer,Annually,0.0,1617,0,33,1.0,1,0,0.2108843537414966,20.193069301634242,Low Value,1,0,Loyalist
1979,45,Male,Sunglasses,Accessories,78,Massachusetts,L,Magenta,Spring,3.8,No,Store Pickup,No,No,1,Cash,Quarterly,0.0,156,0,2,1.0,4,0,0.0196078431372549,1.5903265261238677,Low Value,0,0,Passive
1980,49,Male,Jeans,Clothing,98,Tennessee,L,Blue,Spring,2.8,No,Store Pickup,No,No,38,Debit Card,Fortnightly,0.0,3822,0,39,1.0,24,0,0.4020274776577297,43.170403969915974,Mid Value,1,0,Loyalist
1981,51,Male,Sandals,Footwear,94,Iowa,M,Green,Winter,4.4,No,Store Pickup,No,No,25,PayPal,Fortnightly,0.0,2444,1,26,1.0,24,0,0.3135921035080699,30.72098220720576,Mid Value,0,0,Potential Loyalist
1982,69,Male,Shoes,Footwear,91,Michigan,L,Violet,Summer,4.7,No,Express,No,No,42,PayPal,Quarterly,0.0,3913,1,43,1.0,4,0,0.2985194077631052,38.58431926702541,Mid Value,1,0,Loyalist
1983,41,Male,Sunglasses,Accessories,77,Kansas,M,Turquoise,Summer,2.7,No,2-Day Shipping,No,No,32,PayPal,Monthly,0.0,2541,0,33,1.0,12,0,0.2827797785780979,29.392888681722805,Mid Value,1,0,Loyalist
1984,59,Male,Scarf,Accessories,97,Georgia,M,Pink,Summer,2.6,No,Next Day Air,No,No,21,Debit Card,Quarterly,0.0,2134,0,22,1.0,4,0,0.15566226490596236,20.351153904686125,Low Value,0,0,Passive
1985,26,Male,Skirt,Clothing,58,West Virginia,M,Black,Summer,3.4,No,2-Day Shipping,No,No,26,PayPal,Fortnightly,0.0,1566,0,27,1.0,24,0,0.32039482459650526,25.61717543058513,Mid Value,1,0,Loyalist
1986,23,Male,Gloves,Accessories,97,Tennessee,M,Gold,Spring,3.9,No,2-Day Shipping,No,No,6,Credit Card,Fortnightly,0.0,679,0,7,1.0,24,0,0.1843404028277978,13.281464713454877,Low Value,0,0,Potential Loyalist
1987,62,Male,Coat,Outerwear,48,Arkansas,L,Green,Summer,3.4,No,2-Day Shipping,No,No,14,Venmo,Quarterly,0.0,720,0,15,1.0,4,0,0.10804321728691477,9.534629038453794,Low Value,0,0,Passive
1988,69,Male,Belt,Accessories,23,Vermont,XL,White,Summer,3.4,No,Express,No,No,4,Cash,Quarterly,0.0,115,0,5,1.0,4,0,0.04001600640256102,2.4156679596125206,Low Value,0,0,Passive
1989,46,Male,Pants,Clothing,79,Virginia,M,Gold,Winter,3.9,No,Free Shipping,No,No,26,Bank Transfer,Weekly,0.0,2133,0,27,1.0,52,0,0.5034013605442177,38.52267637015084,Mid Value,1,0,Loyalist
1990,35,Male,Jewelry,Accessories,42,Maryland,S,Charcoal,Spring,4.0,No,Express,No,No,39,PayPal,Bi-Weekly,0.0,1680,1,40,1.0,26,0,0.42190209417100166,31.88333622852349,Mid Value,1,0,Loyalist
1991,32,Male,Backpack,Accessories,95,Connecticut,L,White,Spring,3.4,No,2-Day Shipping,No,No,15,PayPal,Annually,0.0,1520,0,16,1.0,1,0,0.09523809523809523,13.57662480777265,Low Value,0,0,Passive
1992,46,Male,Sneakers,Footwear,29,Missouri,M,Brown,Summer,3.7,No,Next Day Air,No,No,1,Venmo,Every 3 Months,0.0,58,0,2,1.0,4,0,0.0196078431372549,1.013184974501193,Low Value,0,0,Passive
1993,33,Male,Hoodie,Clothing,98,New Jersey,L,Gold,Winter,4.9,No,2-Day Shipping,No,No,28,Venmo,Monthly,0.0,2842,1,29,1.0,12,0,0.25556889422435636,30.031828729928122,Mid Value,1,0,Loyalist
1994,32,Male,Blouse,Clothing,96,Arkansas,S,Purple,Spring,5.0,No,Express,No,No,17,Cash,Weekly,0.0,1728,1,18,1.0,52,0,0.44217687074829926,33.225843878121765,Mid Value,0,0,Potential Loyalist
1995,33,Male,Sunglasses,Accessories,66,Nevada,M,Brown,Fall,2.9,No,Next Day Air,No,No,24,Credit Card,Weekly,0.0,1650,0,25,1.0,52,0,0.4897959183673469,34.96699393308251,Mid Value,0,0,Potential Loyalist
1996,67,Male,Boots,Footwear,80,Missouri,S,Teal,Spring,3.0,No,Standard,No,No,29,Debit Card,Quarterly,0.0,2400,0,30,1.0,4,0,0.21008403361344535,24.76247727537401,Mid Value,1,0,Loyalist
1997,67,Male,Sneakers,Footwear,27,South Dakota,L,Indigo,Summer,3.3,No,Next Day Air,No,No,18,Cash,Every 3 Months,0.0,513,0,19,1.0,4,0,0.13525410164065627,9.73796289163744,Low Value,0,0,Passive
1998,42,Male,Backpack,Accessories,25,Connecticut,M,Purple,Fall,4.7,No,Express,No,No,10,Debit Card,Bi-Weekly,0.0,275,1,11,1.0,26,0,0.22462318260637587,13.296624327354472,Low Value,0,0,Potential Loyalist
1999,20,Male,Pants,Clothing,45,Vermont,M,Orange,Fall,3.4,No,2-Day Shipping,No,No,19,Cash,Quarterly,0.0,900,0,20,1.0,4,0,0.14205682272909165,12.372682638346088,Low Value,0,0,Passive
2000,39,Male,Socks,Clothing,89,Tennessee,L,Indigo,Winter,4.6,No,2-Day Shipping,No,No,26,Debit Card,Monthly,0.0,2403,1,27,1.0,12,0,0.24196345204748565,26.735271071139362,Mid Value,1,0,Loyalist
2001,26,Male,Belt,Accessories,27,California,M,Lavender,Winter,3.6,No,2-Day Shipping,No,No,25,Cash,Bi-Weekly,0.0,702,0,26,1.0,26,0,0.32666399893290643,20.85661643502166,Low Value,0,0,Potential Loyalist
2002,51,Male,Sunglasses,Accessories,90,Wyoming,S,Purple,Winter,2.6,No,Free Shipping,No,No,2,Debit Card,Fortnightly,0.0,270,0,3,1.0,24,0,0.1571295184740563,9.450383964357282,Low Value,0,0,Potential Loyalist
2003,31,Male,Shirt,Clothing,65,New York,M,Red,Summer,2.7,No,Express,No,No,19,PayPal,Every 3 Months,0.0,1300,0,20,1.0,4,0,0.14205682272909165,14.72836244088761,Low Value,0,0,Passive
2004,68,Male,Sneakers,Footwear,72,Maine,S,Blue,Spring,3.1,No,Express,No,No,32,Cash,Quarterly,0.0,2376,0,33,1.0,4,0,0.2304921968787515,25.687935100470682,Mid Value,1,0,Loyalist
2005,44,Male,Shoes,Footwear,70,Georgia,L,Blue,Fall,3.2,No,2-Day Shipping,No,No,13,Cash,Bi-Weekly,0.0,980,0,14,1.0,26,0,0.24503134587168196,18.226619444791357,Low Value,0,0,Potential Loyalist
2006,18,Male,Sandals,Footwear,82,Tennessee,M,Cyan,Winter,3.4,No,Store Pickup,No,No,30,PayPal,Fortnightly,0.0,2542,0,31,1.0,24,0,0.3476057089502468,32.78743229978533,Mid Value,1,0,Loyalist
2007,58,Male,Scarf,Accessories,97,New Mexico,S,Pink,Fall,4.4,No,Express,No,No,2,Credit Card,Annually,0.0,291,1,3,1.0,1,0,0.006802721088435373,2.004693771509156,Low Value,0,0,Passive
2008,26,Male,Shirt,Clothing,25,Virginia,M,Silver,Summer,3.2,No,2-Day Shipping,No,No,8,PayPal,Quarterly,0.0,225,0,9,1.0,4,0,0.06722689075630252,4.48587805631033,Low Value,0,0,Passive
2009,57,Male,Skirt,Clothing,48,Florida,M,Gray,Spring,2.5,No,Free Shipping,No,No,27,PayPal,Every 3 Months,0.0,1344,0,28,1.0,4,0,0.19647859143657465,17.83228352116495,Low Value,1,0,Loyalist
2010,37,Male,Boots,Footwear,99,Alabama,M,Indigo,Summer,3.8,No,Next Day Air,No,No,26,Venmo,Bi-Weekly,0.0,2673,0,27,1.0,26,0,0.3334667200213418,32.81982819979473,Mid Value,1,0,Loyalist
2011,24,Male,Sweater,Clothing,21,Texas,M,Maroon,Summer,4.4,No,2-Day Shipping,No,No,3,Debit Card,Bi-Weekly,0.0,84,1,4,1.0,26,0,0.17700413498732823,9.682590457392843,Low Value,0,0,Potential Loyalist
2012,57,Male,Sandals,Footwear,94,West Virginia,M,Beige,Spring,3.7,No,Express,No,No,4,Bank Transfer,Monthly,0.0,470,0,5,1.0,12,0,0.09230358810190742,7.23956944707187,Low Value,0,0,Potential Loyalist
2013,48,Male,Jeans,Clothing,53,Nevada,L,Green,Fall,3.2,No,Store Pickup,No,No,5,Cash,Fortnightly,0.0,318,0,6,1.0,24,0,0.1775376817393624,10.79986415391143,Low Value,0,0,Potential Loyalist
2014,39,Male,Backpack,Accessories,70,Virginia,M,Peach,Winter,4.9,No,Standard,No,No,25,Debit Card,Quarterly,0.0,1820,1,26,1.0,4,0,0.18287314925970388,20.21303255848163,Low Value,0,0,Passive
2015,51,Male,Skirt,Clothing,26,Wisconsin,L,Black,Summer,3.9,No,Standard,No,No,47,PayPal,Bi-Weekly,0.0,1248,0,48,1.0,26,0,0.4763238628784847,31.895309195984712,Mid Value,1,0,Loyalist
2016,57,Male,Belt,Accessories,82,Virginia,S,Pink,Summer,4.5,No,Next Day Air,No,No,8,Credit Card,Fortnightly,0.0,738,1,9,1.0,24,0,0.19794584500466852,14.628815707620904,Low Value,0,0,Potential Loyalist
2017,53,Male,Shoes,Footwear,47,Maine,S,Violet,Winter,3.4,No,Standard,No,No,20,Debit Card,Fortnightly,0.0,987,0,21,1.0,24,0,0.27957849806589297,20.073731689907948,Low Value,0,0,Potential Loyalist
2018,70,Male,Socks,Clothing,32,Massachusetts,S,Green,Winter,4.1,No,Next Day Air,No,No,42,Bank Transfer,Every 3 Months,0.0,1376,1,43,1.0,4,0,0.2985194077631052,23.64342011940581,Low Value,1,0,Loyalist
2019,60,Male,Backpack,Accessories,97,Arkansas,S,Gold,Fall,4.5,No,Store Pickup,No,No,20,Bank Transfer,Weekly,0.0,2037,1,21,1.0,52,0,0.4625850340136054,36.112405138834255,Mid Value,0,0,Potential Loyalist
2020,31,Male,Shirt,Clothing,68,Idaho,S,Red,Winter,4.7,No,Store Pickup,No,No,23,Cash,Fortnightly,0.0,1632,1,24,1.0,24,0,0.2999866613311991,25.227753132547033,Mid Value,0,0,Potential Loyalist
2021,41,Male,Sweater,Clothing,23,Pennsylvania,M,Beige,Winter,4.8,No,Next Day Air,No,No,26,Cash,Quarterly,0.0,621,1,27,1.0,4,0,0.18967587034813926,13.50748188811314,Low Value,1,0,Loyalist
2022,62,Male,Handbag,Accessories,33,Maine,M,Green,Winter,4.4,No,Standard,No,No,48,Venmo,Quarterly,0.0,1617,1,49,1.0,4,0,0.33933573429371744,27.19631442693541,Mid Value,1,0,Loyalist
2023,59,Male,Jewelry,Accessories,38,Alabama,S,Black,Winter,4.0,No,Store Pickup,No,No,16,Cash,Bi-Weekly,0.0,646,1,17,1.0,26,0,0.2654395091369881,17.615114570710062,Low Value,0,0,Potential Loyalist
2024,46,Male,Socks,Clothing,68,Idaho,S,Teal,Winter,4.1,No,Store Pickup,No,No,28,Cash,Bi-Weekly,0.0,1972,1,29,1.0,26,0,0.3470721621982126,29.691387569131866,Mid Value,1,0,Loyalist
2025,62,Male,Socks,Clothing,23,Arkansas,L,Silver,Fall,3.7,No,Express,No,No,39,PayPal,Weekly,0.0,920,0,40,1.0,52,0,0.5918367346938775,36.001871359690064,Mid Value,1,0,Loyalist
2026,42,Male,Shirt,Clothing,29,Delaware,M,Turquoise,Summer,3.0,No,Express,No,No,43,Debit Card,Fortnightly,0.0,1276,0,44,1.0,24,0,0.43604108309990663,29.9544997154878,Mid Value,1,0,Loyalist
2027,37,Male,Scarf,Accessories,35,Maine,M,Orange,Winter,3.6,No,Express,No,No,45,Bank Transfer,Every 3 Months,0.0,1610,0,46,1.0,4,0,0.31892757102841135,25.799602269350054,Mid Value,1,0,Loyalist
2028,50,Male,Shoes,Footwear,73,Nebraska,S,Gold,Fall,4.8,No,Standard,No,No,50,Credit Card,Every 3 Months,0.0,3723,1,51,1.0,4,0,0.3529411764705882,40.31016766281596,Mid Value,1,0,Loyalist
2029,29,Male,Shoes,Footwear,84,Ohio,XL,Purple,Fall,3.7,No,2-Day Shipping,No,No,10,Venmo,Bi-Weekly,0.0,924,0,11,1.0,26,0,0.22462318260637587,16.83002565918638,Low Value,0,0,Potential Loyalist
2030,25,Male,Scarf,Accessories,23,Montana,M,Pink,Spring,4.6,No,Next Day Air,No,No,40,PayPal,Quarterly,0.0,943,1,41,1.0,4,0,0.28491396558623444,20.382197657655173,Low Value,1,0,Loyalist
2031,66,Male,Sunglasses,Accessories,67,New Mexico,S,Green,Summer,2.8,No,Standard,No,No,38,Credit Card,Monthly,0.0,2613,0,39,1.0,12,0,0.32359610510871006,31.9505082726786,Mid Value,1,0,Loyalist
2032,21,Male,Socks,Clothing,51,North Carolina,L,Charcoal,Spring,4.0,No,Standard,No,No,2,Credit Card,Monthly,0.0,153,1,3,1.0,12,0,0.07869814592503667,4.950183275849981,Low Value,0,0,Potential Loyalist
2033,46,Male,Blouse,Clothing,36,South Carolina,M,Maroon,Winter,4.2,No,Next Day Air,No,No,13,Cash,Annually,0.0,504,1,14,1.0,1,0,0.08163265306122448,7.170688181609461,Low Value,0,0,Passive
2034,57,Male,Jeans,Clothing,55,Illinois,L,Olive,Summer,3.6,No,Express,No,No,33,Venmo,Annually,0.0,1870,0,34,1.0,1,0,0.21768707482993194,22.038636314491473,Low Value,1,0,Loyalist
2035,61,Male,Shorts,Clothing,30,Alabama,M,Peach,Spring,2.9,No,Store Pickup,No,No,27,PayPal,Monthly,0.0,840,0,28,1.0,12,0,0.24876617313592103,17.59736263266638,Low Value,1,0,Loyalist
2036,53,Male,T-shirt,Clothing,70,Oklahoma,S,Yellow,Summer,4.1,No,Express,No,No,43,Bank Transfer,Weekly,0.0,3080,1,44,1.0,52,0,0.6190476190476191,50.43362959220487,High Value,1,0,Champion
2037,37,Male,Blouse,Clothing,63,Minnesota,S,Lavender,Winter,3.1,No,Next Day Air,No,No,46,Cash,Weekly,0.0,2961,0,47,1.0,52,0,0.6394557823129252,50.510924316406225,High Value,1,0,Champion
2038,39,Male,Belt,Accessories,87,Illinois,S,Green,Summer,4.3,No,Express,No,No,7,Venmo,Bi-Weekly,0.0,696,1,8,1.0,26,0,0.20421501934106973,14.709178706280257,Low Value,0,0,Potential Loyalist
2039,53,Male,Blouse,Clothing,70,Arkansas,L,Orange,Spring,4.4,No,Next Day Air,No,No,35,Credit Card,Fortnightly,0.0,2520,1,36,1.0,24,0,0.3816193143924236,34.724556747185865,Mid Value,1,0,Loyalist
2040,35,Male,T-shirt,Clothing,51,Minnesota,M,Olive,Spring,3.1,No,Next Day Air,No,No,31,Debit Card,Bi-Weekly,0.0,1632,0,32,1.0,26,0,0.3674803254635187,28.467169202429027,Mid Value,1,0,Loyalist
2041,69,Male,Jewelry,Accessories,25,South Carolina,XL,Gray,Spring,2.9,No,Free Shipping,No,No,42,Venmo,Quarterly,0.0,1075,0,43,1.0,4,0,0.2985194077631052,21.582081920201603,Low Value,1,0,Loyalist
2042,66,Male,Jacket,Outerwear,32,New York,S,Lavender,Winter,3.2,No,Next Day Air,No,No,14,PayPal,Bi-Weekly,0.0,480,0,15,1.0,26,0,0.25183406696011734,15.637619229364178,Low Value,0,0,Potential Loyalist
2043,19,Male,Shoes,Footwear,52,Alabama,M,Red,Spring,4.0,No,2-Day Shipping,No,No,35,Venmo,Monthly,0.0,1872,1,36,1.0,12,0,0.30318794184340403,26.808501973012987,Mid Value,1,0,Loyalist
2044,47,Male,Gloves,Accessories,33,New York,M,Charcoal,Summer,2.7,No,Standard,No,No,49,PayPal,Weekly,0.0,1650,0,50,1.0,52,0,0.6598639455782312,43.856982376825556,Mid Value,1,0,Loyalist
2045,49,Male,Jeans,Clothing,68,Missouri,L,Orange,Spring,3.0,No,Free Shipping,No,No,17,PayPal,Fortnightly,0.0,1224,0,18,1.0,24,0,0.2591703348005869,20.402673359664632,Low Value,0,0,Potential Loyalist
2046,31,Male,Jewelry,Accessories,20,Georgia,M,Red,Fall,4.4,No,Express,No,No,26,PayPal,Quarterly,0.0,540,1,27,1.0,4,0,0.18967587034813926,13.030456728098482,Low Value,1,0,Loyalist
2047,39,Male,Pants,Clothing,32,Oklahoma,M,Maroon,Winter,2.8,No,Free Shipping,No,No,30,Cash,Every 3 Months,0.0,992,0,31,1.0,4,0,0.21688675470188074,16.826083908177576,Low Value,1,0,Loyalist
2048,58,Male,Jewelry,Accessories,82,Connecticut,M,Silver,Summer,3.1,No,Store Pickup,No,No,32,Cash,Annually,0.0,2706,0,33,1.0,1,0,0.2108843537414966,26.606407564053537,Mid Value,1,0,Loyalist
2049,45,Male,Sneakers,Footwear,64,Michigan,XL,Pink,Winter,3.9,No,Express,No,No,35,Bank Transfer,Quarterly,0.0,2304,0,36,1.0,4,0,0.2509003601440576,26.33071134926237,Mid Value,1,0,Loyalist
2050,68,Male,Boots,Footwear,24,Rhode Island,L,Blue,Fall,2.7,No,Standard,No,No,15,Venmo,Annually,0.0,384,0,16,1.0,1,0,0.09523809523809523,6.886494168554737,Low Value,0,0,Passive
2051,35,Male,Hat,Accessories,96,Mississippi,M,Teal,Summer,3.4,No,Store Pickup,No,No,10,Debit Card,Annually,0.0,1056,0,11,1.0,1,0,0.061224489795918366,9.066038548075884,Low Value,0,0,Passive
2052,65,Male,T-shirt,Clothing,94,Massachusetts,L,Black,Spring,3.8,No,Free Shipping,No,No,14,Credit Card,Monthly,0.0,1410,0,15,1.0,12,0,0.16033079898626118,16.331412360541663,Low Value,0,0,Potential Loyalist
2053,45,Male,Backpack,Accessories,48,New Hampshire,M,Gray,Winter,3.7,No,2-Day Shipping,No,No,30,Bank Transfer,Annually,0.0,1488,0,31,1.0,1,0,0.19727891156462585,18.72216348981516,Low Value,1,0,Loyalist
2054,19,Male,Sunglasses,Accessories,60,Wyoming,S,Purple,Spring,4.5,No,2-Day Shipping,No,No,16,Credit Card,Fortnightly,0.0,1020,1,17,1.0,24,0,0.25236761371215155,19.134366270410453,Low Value,0,0,Potential Loyalist
2055,65,Male,Sweater,Clothing,56,New Jersey,XL,Gold,Spring,2.9,No,Express,No,No,14,PayPal,Annually,0.0,840,0,15,1.0,1,0,0.08843537414965986,9.216369605702344,Low Value,0,0,Passive
2056,28,Male,Handbag,Accessories,33,Texas,M,Silver,Fall,3.4,No,2-Day Shipping,No,No,28,Bank Transfer,Weekly,0.0,957,0,29,1.0,52,0,0.5170068027210883,32.30817682617821,Mid Value,1,0,Loyalist
2057,55,Male,Backpack,Accessories,46,Minnesota,L,Blue,Spring,4.4,No,2-Day Shipping,No,No,29,PayPal,Monthly,0.0,1380,1,30,1.0,12,0,0.26237161531279174,21.777418589388585,Low Value,1,0,Loyalist
2058,66,Male,Socks,Clothing,37,South Dakota,L,Yellow,Spring,4.2,No,Standard,No,No,5,PayPal,Every 3 Months,0.0,222,1,6,1.0,4,0,0.046818727490996394,3.6901009923338175,Low Value,0,0,Passive
2059,29,Male,Shirt,Clothing,98,Washington,M,Brown,Winter,3.3,No,Store Pickup,No,No,17,Bank Transfer,Quarterly,0.0,1764,0,18,1.0,4,0,0.12845138055222088,16.749751936336327,Low Value,0,0,Passive
2060,56,Male,Shorts,Clothing,50,California,XL,Beige,Spring,3.7,No,Express,No,No,50,PayPal,Weekly,0.0,2550,0,51,1.0,52,0,0.6666666666666666,49.51286147029371,High Value,1,0,Champion
2061,21,Male,Belt,Accessories,63,Wisconsin,M,Blue,Fall,3.2,No,Next Day Air,No,No,23,Bank Transfer,Quarterly,0.0,1512,0,24,1.0,4,0,0.16926770708283312,17.399270887233502,Low Value,0,0,Passive
2062,32,Male,Sweater,Clothing,70,Michigan,S,Magenta,Summer,2.6,No,Store Pickup,No,No,22,Debit Card,Annually,0.0,1610,0,23,1.0,1,0,0.14285714285714285,16.595849527592545,Low Value,0,0,Passive
2063,54,Male,Coat,Outerwear,63,South Carolina,L,Silver,Fall,2.8,No,Standard,No,No,15,Cash,Quarterly,0.0,1008,0,16,1.0,4,0,0.11484593837535013,11.586318034033411,Low Value,0,0,Passive
2064,61,Male,Shorts,Clothing,86,Indiana,M,Cyan,Fall,2.9,No,Standard,No,No,32,Cash,Monthly,0.0,2838,0,33,1.0,12,0,0.2827797785780979,31.14198093510988,Mid Value,1,0,Loyalist
2065,31,Male,Shoes,Footwear,99,Arkansas,M,Green,Summer,4.0,No,2-Day Shipping,No,No,5,Bank Transfer,Monthly,0.0,594,1,6,1.0,12,0,0.0991063091903428,8.614118871401175,Low Value,0,0,Potential Loyalist
2066,27,Male,Sneakers,Footwear,40,Oregon,M,Blue,Spring,2.9,No,Free Shipping,No,No,6,Bank Transfer,Bi-Weekly,0.0,280,0,7,1.0,26,0,0.19741229825263434,11.61498302609564,Low Value,0,0,Potential Loyalist
2067,64,Male,Sneakers,Footwear,92,Illinois,M,Olive,Fall,4.7,No,Store Pickup,No,No,44,Debit Card,Fortnightly,0.0,4140,1,45,1.0,24,0,0.442843804188342,47.465455787226524,High Value,1,0,Champion
2068,60,Male,Pants,Clothing,21,Maryland,XL,Beige,Fall,3.1,No,2-Day Shipping,No,No,23,Cash,Fortnightly,0.0,504,0,24,1.0,24,0,0.2999866613311991,18.29604694158823,Low Value,0,0,Potential Loyalist
2069,70,Male,Jewelry,Accessories,81,Vermont,XL,Black,Summer,3.9,No,Store Pickup,No,No,44,Venmo,Monthly,0.0,3645,0,45,1.0,12,0,0.36441243163932235,40.161759389734065,Mid Value,1,0,Loyalist
2070,36,Male,T-shirt,Clothing,82,Texas,M,Indigo,Fall,3.4,No,Free Shipping,No,No,3,Debit Card,Quarterly,0.0,328,0,4,1.0,4,0,0.03321328531412565,3.3144679167161635,Low Value,0,0,Passive
2071,56,Male,Jewelry,Accessories,88,Nebraska,XL,Red,Spring,3.1,No,Express,No,No,14,Cash,Monthly,0.0,1320,0,15,1.0,12,0,0.16033079898626118,15.80138440496982,Low Value,0,0,Potential Loyalist
2072,69,Male,Jacket,Outerwear,100,South Carolina,S,Yellow,Fall,4.8,No,Store Pickup,No,No,37,PayPal,Quarterly,0.0,3800,1,38,1.0,4,0,0.26450580232092835,36.14084203405882,Mid Value,1,0,Loyalist
2073,39,Male,Backpack,Accessories,66,Massachusetts,M,Beige,Winter,3.9,No,Next Day Air,No,No,22,Bank Transfer,Weekly,0.0,1518,0,23,1.0,52,0,0.47619047619047616,33.478420522744365,Mid Value,0,0,Potential Loyalist
2074,38,Male,Belt,Accessories,25,Texas,S,Green,Winter,3.5,No,Next Day Air,No,No,2,PayPal,Every 3 Months,0.0,75,0,3,1.0,4,0,0.026410564225690276,1.4689009038589296,Low Value,0,0,Passive
2075,36,Male,Scarf,Accessories,53,Florida,M,White,Summer,3.1,No,Free Shipping,No,No,44,Debit Card,Fortnightly,0.0,2385,0,45,1.0,24,0,0.442843804188342,36.841221505783885,Mid Value,1,0,Loyalist
2076,46,Male,Sweater,Clothing,28,South Carolina,S,Turquoise,Fall,4.7,No,Express,No,No,49,Debit Card,Monthly,0.0,1400,1,50,1.0,12,0,0.39842603708149926,29.007193334510095,Mid Value,1,0,Loyalist
2077,59,Male,Gloves,Accessories,23,Florida,S,Indigo,Fall,4.6,No,Free Shipping,No,No,22,Debit Card,Bi-Weekly,0.0,529,1,23,1.0,26,0,0.30625583566760034,19.059675454965,Low Value,0,0,Potential Loyalist
2078,64,Male,Scarf,Accessories,34,Nebraska,L,Orange,Fall,3.3,No,Free Shipping,No,No,26,Bank Transfer,Annually,0.0,918,0,27,1.0,1,0,0.17006802721088435,13.942921620194603,Low Value,1,0,Loyalist
2079,49,Male,Dress,Clothing,42,Hawaii,M,Blue,Spring,3.2,No,Next Day Air,No,No,40,Debit Card,Weekly,0.0,1722,0,41,1.0,52,0,0.5986394557823129,41.080608901535534,Mid Value,1,0,Loyalist
2080,32,Male,Jeans,Clothing,24,Montana,L,Violet,Summer,3.1,No,Next Day Air,No,No,16,PayPal,Quarterly,0.0,408,0,17,1.0,4,0,0.12164865946378552,8.408397867970853,Low Value,0,0,Passive
2081,29,Male,Sunglasses,Accessories,47,South Dakota,S,Gray,Fall,3.5,No,Free Shipping,No,No,17,Debit Card,Bi-Weekly,0.0,846,0,18,1.0,26,0,0.2722422302254235,18.85986486193883,Low Value,0,0,Potential Loyalist
2082,24,Male,Coat,Outerwear,78,Alabama,S,Cyan,Spring,4.3,No,Standard,No,No,48,Bank Transfer,Bi-Weekly,0.0,3822,1,49,1.0,26,0,0.48312658396692004,47.69839741088083,High Value,1,0,Champion
2083,41,Male,Jeans,Clothing,89,Arkansas,M,Yellow,Summer,2.9,No,Free Shipping,No,No,28,Venmo,Every 3 Months,0.0,2581,0,29,1.0,4,0,0.20328131252500997,25.472822848274323,Mid Value,1,0,Loyalist
2084,41,Male,Scarf,Accessories,59,Mississippi,L,Orange,Fall,2.7,No,Store Pickup,No,No,26,Credit Card,Fortnightly,0.0,1593,0,27,1.0,24,0,0.32039482459650526,25.776183817256687,Mid Value,1,0,Loyalist
2085,32,Male,Blouse,Clothing,94,Vermont,S,Brown,Summer,4.0,No,Standard,No,No,43,Bank Transfer,Quarterly,0.0,4136,1,44,1.0,4,0,0.3053221288515406,40.253210294692025,Mid Value,1,0,Loyalist
2086,69,Male,Jeans,Clothing,49,New York,M,Teal,Fall,4.6,No,Free Shipping,No,No,38,Debit Card,Weekly,0.0,1911,1,39,1.0,52,0,0.5850340136054422,41.77115768052867,Mid Value,1,0,Loyalist
2087,65,Male,Dress,Clothing,89,North Dakota,L,Beige,Summer,4.7,No,2-Day Shipping,No,No,36,Cash,Every 3 Months,0.0,3293,1,37,1.0,4,0,0.25770308123249297,32.79941834658772,Mid Value,1,0,Loyalist
2088,54,Male,Hat,Accessories,91,Wisconsin,M,Blue,Summer,4.7,No,Standard,No,No,1,Credit Card,Weekly,0.0,182,1,2,1.0,52,0,0.3333333333333333,18.43154883730324,Low Value,0,0,Potential Loyalist
2089,39,Male,Sandals,Footwear,89,California,L,Orange,Spring,4.0,No,Standard,No,No,49,Debit Card,Annually,0.0,4450,1,50,1.0,1,0,0.32653061224489793,43.211052792671545,Mid Value,1,0,Loyalist
2090,37,Male,Jacket,Outerwear,57,Maryland,L,Gold,Spring,3.6,No,Free Shipping,No,No,41,Credit Card,Every 3 Months,0.0,2394,0,42,1.0,4,0,0.2917166866746698,28.994336531332543,Mid Value,1,0,Loyalist
2091,51,Male,Socks,Clothing,71,Massachusetts,S,Teal,Winter,3.4,No,Free Shipping,No,No,21,Debit Card,Monthly,0.0,1562,0,22,1.0,12,0,0.20794984660530877,19.715767449755493,Low Value,0,0,Potential Loyalist
2092,26,Male,Jeans,Clothing,97,Washington,XL,Beige,Fall,3.0,No,Next Day Air,No,No,24,Bank Transfer,Quarterly,0.0,2425,0,25,1.0,4,0,0.1760704281712685,23.131709574284244,Low Value,0,0,Passive
2093,42,Male,Sandals,Footwear,45,Minnesota,M,Silver,Fall,2.6,No,Next Day Air,No,No,27,Bank Transfer,Weekly,0.0,1260,0,28,1.0,52,0,0.5102040816326531,33.73700473885369,Mid Value,1,0,Loyalist
2094,21,Male,Dress,Clothing,91,Washington,M,Maroon,Spring,4.2,No,Store Pickup,No,No,4,Debit Card,Annually,0.0,455,1,5,1.0,1,0,0.02040816326530612,3.681721566050626,Low Value,0,0,Passive
2095,53,Male,Socks,Clothing,25,South Carolina,M,Indigo,Spring,3.4,No,Standard,No,No,19,Venmo,Annually,0.0,500,0,20,1.0,1,0,0.12244897959183673,8.992039462290665,Low Value,0,0,Passive
2096,36,Male,Hoodie,Clothing,63,New Mexico,M,Gray,Fall,4.0,No,Store Pickup,No,No,1,Bank Transfer,Fortnightly,0.0,126,1,2,1.0,24,0,0.1503267973856209,8.53542884548433,Low Value,0,0,Potential Loyalist
2097,21,Male,Dress,Clothing,52,North Carolina,L,Blue,Summer,4.7,No,Free Shipping,No,No,27,Debit Card,Annually,0.0,1456,1,28,1.0,1,0,0.17687074829931973,17.755599640154387,Low Value,1,0,Loyalist
2098,33,Male,Sneakers,Footwear,43,Iowa,S,Cyan,Winter,3.9,No,Next Day Air,No,No,5,Credit Card,Weekly,0.0,258,0,6,1.0,52,0,0.3605442176870748,20.012837002993304,Low Value,0,0,Potential Loyalist
2099,49,Male,T-shirt,Clothing,28,Louisiana,M,White,Summer,3.3,No,2-Day Shipping,No,No,20,Venmo,Quarterly,0.0,588,0,21,1.0,4,0,0.14885954381752697,10.89085193011342,Low Value,0,0,Passive
2100,31,Male,T-shirt,Clothing,78,Oklahoma,L,Green,Summer,2.9,No,Express,No,No,50,PayPal,Annually,0.0,3978,0,51,1.0,1,0,0.3333333333333333,40.49826101563056,Mid Value,1,0,Loyalist
2101,68,Male,Sweater,Clothing,31,Michigan,M,Silver,Spring,4.4,No,Free Shipping,No,No,36,Cash,Fortnightly,0.0,1147,1,37,1.0,24,0,0.38842203548085896,26.994285362711818,Mid Value,1,0,Loyalist
2102,49,Male,Shirt,Clothing,23,Oregon,M,Blue,Winter,3.6,No,Next Day Air,No,No,12,Bank Transfer,Bi-Weekly,0.0,299,0,13,1.0,26,0,0.2382286247832466,13.860475043214695,Low Value,0,0,Potential Loyalist
2103,23,Male,Hat,Accessories,25,Idaho,M,Brown,Spring,4.5,No,Store Pickup,No,No,23,Cash,Monthly,0.0,600,1,24,1.0,12,0,0.22155528878217953,15.05024574793429,Low Value,0,0,Potential Loyalist
2104,30,Male,Pants,Clothing,86,Indiana,S,Red,Summer,3.7,No,Store Pickup,No,No,21,Venmo,Weekly,0.0,1892,0,22,1.0,52,0,0.4693877551020408,35.32538160037097,Mid Value,0,0,Potential Loyalist
2105,53,Male,Shoes,Footwear,88,New Mexico,M,Gold,Spring,2.8,No,Free Shipping,No,No,47,Venmo,Weekly,0.0,4224,0,48,1.0,52,0,0.6462585034013606,58.30458283068079,High Value,1,0,Champion
2106,65,Male,Gloves,Accessories,35,South Carolina,M,Silver,Spring,4.5,No,Free Shipping,No,No,38,Venmo,Bi-Weekly,0.0,1365,1,39,1.0,26,0,0.4150993730825663,29.672638846272324,Mid Value,1,0,Loyalist
2107,60,Male,Jewelry,Accessories,34,Vermont,M,Gray,Fall,4.4,No,Standard,No,No,40,Credit Card,Every 3 Months,0.0,1394,1,41,1.0,4,0,0.28491396558623444,23.038226635020735,Low Value,1,0,Loyalist
2108,46,Male,Pants,Clothing,75,Delaware,M,Black,Winter,3.3,No,Standard,No,No,35,PayPal,Quarterly,0.0,2700,0,36,1.0,4,0,0.2509003601440576,28.66283435377848,Mid Value,1,0,Loyalist
2109,54,Male,Hoodie,Clothing,46,North Dakota,XL,Beige,Winter,4.2,No,Express,No,No,4,Credit Card,Quarterly,0.0,230,1,5,1.0,4,0,0.04001600640256102,3.3816150506349216,Low Value,0,0,Passive
2110,59,Male,Jewelry,Accessories,31,California,L,Peach,Fall,2.7,No,Free Shipping,No,No,28,Venmo,Every 3 Months,0.0,899,0,29,1.0,4,0,0.20328131252500997,15.567189278587227,Low Value,1,0,Loyalist
2111,52,Male,Socks,Clothing,93,Montana,L,Cyan,Spring,3.9,No,Store Pickup,No,No,36,Debit Card,Every 3 Months,0.0,3441,0,37,1.0,4,0,0.25770308123249297,33.38233072573637,Mid Value,1,0,Loyalist
2112,41,Male,Sunglasses,Accessories,85,Missouri,XL,Pink,Spring,2.6,No,Free Shipping,No,No,15,Bank Transfer,Annually,0.0,1360,0,16,1.0,1,0,0.09523809523809523,12.634352886756048,Low Value,0,0,Passive
2113,43,Male,Belt,Accessories,68,Tennessee,M,Lavender,Fall,4.5,No,2-Day Shipping,No,No,7,Cash,Fortnightly,0.0,544,1,8,1.0,24,0,0.19114312391623314,13.130711465638544,Low Value,0,0,Potential Loyalist
2114,63,Male,Dress,Clothing,40,Virginia,M,Brown,Spring,2.7,No,Store Pickup,No,No,29,PayPal,Every 3 Months,0.0,1200,0,30,1.0,4,0,0.21008403361344535,17.695437867749447,Low Value,1,0,Loyalist
2115,37,Male,Shirt,Clothing,51,Vermont,M,Magenta,Winter,2.9,No,Standard,No,No,12,Debit Card,Annually,0.0,663,0,13,1.0,1,0,0.07482993197278912,7.462782217578283,Low Value,0,0,Passive
2116,44,Male,Scarf,Accessories,85,Rhode Island,M,Violet,Winter,3.4,No,Store Pickup,No,No,16,Bank Transfer,Bi-Weekly,0.0,1445,0,17,1.0,26,0,0.2654395091369881,22.03189582849504,Low Value,0,0,Potential Loyalist
2117,67,Male,Jacket,Outerwear,23,Kansas,M,Teal,Summer,2.9,No,Express,No,No,50,Debit Card,Bi-Weekly,0.0,1173,0,51,1.0,26,0,0.4967320261437908,32.520417846257345,Mid Value,1,0,Loyalist
2118,27,Male,Dress,Clothing,28,Colorado,L,Brown,Summer,3.8,No,Free Shipping,No,No,11,Debit Card,Annually,0.0,336,0,12,1.0,1,0,0.06802721088435373,5.181414441250867,Low Value,0,0,Passive
2119,60,Male,Socks,Clothing,44,Georgia,M,Olive,Fall,4.2,No,2-Day Shipping,No,No,28,Debit Card,Quarterly,0.0,1276,1,29,1.0,4,0,0.20328131252500997,18.076106640274322,Low Value,1,0,Loyalist
2120,58,Male,Jewelry,Accessories,57,Nebraska,M,Indigo,Spring,3.5,No,Store Pickup,No,No,36,Venmo,Bi-Weekly,0.0,2109,0,37,1.0,26,0,0.4014939309056956,33.05431505570839,Mid Value,1,0,Loyalist
2121,53,Male,Scarf,Accessories,98,Missouri,S,Red,Fall,3.1,No,Next Day Air,No,No,38,PayPal,Quarterly,0.0,3822,0,39,1.0,4,0,0.2713085234093637,36.33731481315661,Mid Value,1,0,Loyalist
2122,43,Male,Backpack,Accessories,68,Alaska,M,Olive,Winter,3.5,No,2-Day Shipping,No,No,32,Bank Transfer,Monthly,0.0,2244,0,33,1.0,12,0,0.2827797785780979,27.643796428335726,Mid Value,1,0,Loyalist
2123,32,Male,Jacket,Outerwear,36,Virginia,L,Teal,Fall,4.0,No,Express,No,No,42,Debit Card,Weekly,0.0,1548,1,43,1.0,52,0,0.6122448979591837,41.05577641072113,Mid Value,1,0,Loyalist
2124,54,Male,Coat,Outerwear,71,Nebraska,L,Cyan,Spring,3.7,No,Express,No,No,22,Debit Card,Bi-Weekly,0.0,1633,0,23,1.0,26,0,0.30625583566760034,25.272662562187882,Mid Value,0,0,Potential Loyalist
2125,47,Male,Skirt,Clothing,60,Rhode Island,M,Teal,Fall,4.2,No,Next Day Air,No,No,22,Venmo,Quarterly,0.0,1380,1,23,1.0,4,0,0.16246498599439774,16.55498616243679,Low Value,0,0,Passive
2126,57,Male,Coat,Outerwear,87,New Hampshire,M,Beige,Fall,4.8,No,Store Pickup,No,No,31,PayPal,Quarterly,0.0,2784,1,32,1.0,4,0,0.22368947579031612,28.023818109105026,Mid Value,1,0,Loyalist
2127,63,Male,Shoes,Footwear,38,Alabama,XL,Magenta,Winter,4.1,No,Express,No,No,28,Credit Card,Monthly,0.0,1102,1,29,1.0,12,0,0.25556889422435636,19.784621588872508,Low Value,1,0,Loyalist
2128,70,Male,Boots,Footwear,45,North Carolina,M,Indigo,Spring,4.5,No,2-Day Shipping,No,No,40,Debit Card,Weekly,0.0,1845,1,41,1.0,52,0,0.5986394557823129,42.09366958860877,Mid Value,1,0,Loyalist
2129,62,Male,Coat,Outerwear,47,New Mexico,L,Cyan,Fall,2.7,No,2-Day Shipping,No,No,21,PayPal,Weekly,0.0,1034,0,22,1.0,52,0,0.4693877551020408,30.2724484239194,Mid Value,0,0,Potential Loyalist
2130,40,Male,Skirt,Clothing,57,Minnesota,L,Orange,Fall,2.8,No,Store Pickup,No,No,12,PayPal,Every 3 Months,0.0,741,0,13,1.0,4,0,0.09443777511004402,8.94710315258778,Low Value,0,0,Passive
2131,25,Male,Backpack,Accessories,68,Arizona,L,Violet,Summer,3.7,No,Free Shipping,No,No,33,Credit Card,Annually,0.0,2312,0,34,1.0,1,0,0.21768707482993194,24.64166249629986,Mid Value,1,0,Loyalist
2132,19,Male,Shorts,Clothing,52,Montana,M,Red,Fall,3.6,No,Express,No,No,9,Bank Transfer,Fortnightly,0.0,520,0,10,1.0,24,0,0.20474856609310388,13.411880605193783,Low Value,0,0,Potential Loyalist
2133,25,Male,Skirt,Clothing,87,Vermont,M,Magenta,Fall,4.7,No,2-Day Shipping,No,No,15,Debit Card,Weekly,0.0,1392,1,16,1.0,52,0,0.42857142857142855,30.53587376848745,Mid Value,0,0,Potential Loyalist
2134,21,Male,Hat,Accessories,34,Maine,M,Olive,Summer,3.8,No,Standard,No,No,13,Bank Transfer,Annually,0.0,476,0,14,1.0,1,0,0.08163265306122448,6.717101447639841,Low Value,0,0,Passive
2135,55,Male,Sandals,Footwear,41,Virginia,XL,Maroon,Winter,2.9,No,Standard,No,No,35,Credit Card,Fortnightly,0.0,1476,0,36,1.0,24,0,0.3816193143924236,28.287543314760782,Mid Value,1,0,Loyalist
2136,34,Male,Sunglasses,Accessories,94,California,S,Yellow,Winter,4.6,No,Next Day Air,No,No,1,Debit Card,Every 3 Months,0.0,188,1,2,1.0,4,0,0.0196078431372549,2.067470058118901,Low Value,0,0,Passive
2137,47,Male,Sunglasses,Accessories,93,New York,M,Red,Summer,2.8,No,Standard,No,No,25,Bank Transfer,Fortnightly,0.0,2418,0,26,1.0,24,0,0.3135921035080699,30.279173872248847,Mid Value,0,0,Potential Loyalist
2138,27,Male,Socks,Clothing,51,Indiana,XL,Purple,Winter,4.6,No,2-Day Shipping,No,No,20,Credit Card,Every 3 Months,0.0,1071,1,21,1.0,4,0,0.14885954381752697,14.02402443947402,Low Value,0,0,Passive
2139,67,Male,Sweater,Clothing,42,Mississippi,M,Teal,Fall,2.8,No,Next Day Air,No,No,36,Venmo,Quarterly,0.0,1554,0,37,1.0,4,0,0.25770308123249297,22.269411257246745,Low Value,1,0,Loyalist
2140,40,Male,Boots,Footwear,95,New York,M,Red,Winter,3.0,No,Free Shipping,No,No,33,Cash,Weekly,0.0,3230,0,34,1.0,52,0,0.5510204081632653,47.47232499286901,High Value,1,0,Champion
2141,53,Male,Handbag,Accessories,90,New Mexico,M,Brown,Fall,3.7,No,Standard,No,No,36,Cash,Fortnightly,0.0,3330,0,37,1.0,24,0,0.38842203548085896,39.561718737290455,Mid Value,1,0,Loyalist
2142,24,Male,Dress,Clothing,98,Kentucky,M,Peach,Winter,4.1,No,2-Day Shipping,No,No,32,PayPal,Annually,0.0,3234,1,33,1.0,1,0,0.2108843537414966,30.00459405120005,Mid Value,1,0,Loyalist
2143,47,Male,Hat,Accessories,39,North Dakota,M,Maroon,Winter,4.3,No,Next Day Air,No,No,21,Venmo,Quarterly,0.0,858,1,22,1.0,4,0,0.15566226490596236,13.125224482370385,Low Value,0,0,Passive
2144,53,Male,Sandals,Footwear,66,Arkansas,L,Red,Fall,3.8,No,Next Day Air,No,No,48,Venmo,Bi-Weekly,0.0,3234,0,49,1.0,26,0,0.48312658396692004,43.946858953353086,High Value,1,0,Champion
2145,47,Male,Shoes,Footwear,23,Maryland,L,Orange,Winter,3.7,No,Free Shipping,No,No,25,PayPal,Quarterly,0.0,598,0,26,1.0,4,0,0.18287314925970388,12.72774161392557,Low Value,0,0,Passive
2146,38,Male,Skirt,Clothing,73,Connecticut,S,White,Winter,4.8,No,Standard,No,No,32,PayPal,Annually,0.0,2409,1,33,1.0,1,0,0.2108843537414966,25.146004458458165,Mid Value,1,0,Loyalist
2147,48,Male,Sunglasses,Accessories,23,Utah,XL,White,Summer,4.6,No,Standard,No,No,45,PayPal,Every 3 Months,0.0,1058,1,46,1.0,4,0,0.31892757102841135,22.837453289634468,Low Value,1,0,Loyalist
2148,47,Male,Skirt,Clothing,43,Missouri,S,Charcoal,Fall,4.8,No,Standard,No,No,4,Cash,Fortnightly,0.0,215,1,5,1.0,24,0,0.17073496065092703,10.126366214798978,Low Value,0,0,Potential Loyalist
2149,19,Male,T-shirt,Clothing,45,Nebraska,XL,Turquoise,Winter,4.6,No,2-Day Shipping,No,No,19,PayPal,Bi-Weekly,0.0,900,1,20,1.0,26,0,0.28584767240229425,20.177769858573097,Low Value,0,0,Potential Loyalist
2150,38,Male,Sandals,Footwear,21,Hawaii,L,Orange,Winter,4.0,No,Standard,No,No,1,Bank Transfer,Weekly,0.0,42,1,2,1.0,52,0,0.3333333333333333,17.607060906413707,Low Value,0,0,Potential Loyalist
2151,57,Male,Shirt,Clothing,40,Illinois,M,Orange,Spring,2.6,No,2-Day Shipping,No,No,12,Cash,Weekly,0.0,520,0,13,1.0,52,0,0.40816326530612246,24.045004037906057,Low Value,0,0,Potential Loyalist
2152,70,Male,Jeans,Clothing,58,Vermont,L,Brown,Fall,2.6,No,2-Day Shipping,No,No,18,Venmo,Monthly,0.0,1102,0,19,1.0,12,0,0.18754168334000265,15.939937063583576,Low Value,0,0,Potential Loyalist
2153,38,Male,Shorts,Clothing,48,New Jersey,L,Magenta,Summer,4.5,No,Next Day Air,No,No,43,Bank Transfer,Bi-Weekly,0.0,2112,1,44,1.0,26,0,0.4491129785247432,35.849868566267226,Mid Value,1,0,Loyalist
2154,35,Male,Shirt,Clothing,94,Kentucky,M,Violet,Fall,4.2,No,Free Shipping,No,No,31,PayPal,Annually,0.0,3008,1,32,1.0,1,0,0.20408163265306123,28.318035425014372,Mid Value,1,0,Loyalist
2155,46,Male,Scarf,Accessories,74,Wyoming,M,Violet,Spring,3.4,No,Store Pickup,No,No,33,Cash,Every 3 Months,0.0,2516,0,34,1.0,4,0,0.23729491796718682,26.868022569109932,Mid Value,1,0,Loyalist
2156,32,Male,Handbag,Accessories,51,Hawaii,L,Yellow,Fall,3.7,No,Store Pickup,No,No,46,PayPal,Monthly,0.0,2397,0,47,1.0,12,0,0.3780178738161931,33.52323748130396,Mid Value,1,0,Loyalist
2157,38,Male,Skirt,Clothing,83,Missouri,M,Maroon,Winter,3.6,No,Next Day Air,No,No,41,Debit Card,Bi-Weekly,0.0,3486,0,42,1.0,26,0,0.4355075363478724,42.94174046470619,Mid Value,1,0,Loyalist
2158,41,Male,Handbag,Accessories,68,Mississippi,L,Turquoise,Winter,4.0,No,Next Day Air,No,No,41,Venmo,Fortnightly,0.0,2856,1,42,1.0,24,0,0.42243564092303587,38.836925007819076,Mid Value,1,0,Loyalist
2159,19,Male,Gloves,Accessories,84,Massachusetts,XL,Olive,Spring,4.6,No,Standard,No,No,9,Bank Transfer,Fortnightly,0.0,840,1,10,1.0,24,0,0.20474856609310388,15.585113595018713,Low Value,0,0,Potential Loyalist
2160,18,Male,Shirt,Clothing,58,Louisiana,M,Peach,Fall,3.0,No,Free Shipping,No,No,34,Cash,Annually,0.0,2030,0,35,1.0,1,0,0.22448979591836732,23.336507773257807,Low Value,1,0,Loyalist
2161,45,Male,Blouse,Clothing,92,West Virginia,L,Charcoal,Winter,3.3,No,Express,No,No,21,PayPal,Annually,0.0,2024,0,22,1.0,1,0,0.13605442176870747,18.6783785854733,Low Value,0,0,Passive
2162,23,Male,Dress,Clothing,69,Washington,S,Peach,Summer,3.8,No,Express,No,No,5,Debit Card,Fortnightly,0.0,414,0,6,1.0,24,0,0.1775376817393624,11.365227306521392,Low Value,0,0,Potential Loyalist
2163,60,Male,Shorts,Clothing,48,Oregon,S,Black,Summer,2.7,No,Free Shipping,No,No,32,PayPal,Weekly,0.0,1584,0,33,1.0,52,0,0.5442176870748299,37.42310306766093,Mid Value,1,0,Loyalist
2164,52,Male,Shoes,Footwear,60,New York,L,Gray,Spring,4.5,No,Express,No,No,44,Bank Transfer,Monthly,0.0,2700,1,45,1.0,12,0,0.36441243163932235,34.88515500402143,Mid Value,1,0,Loyalist
2165,42,Male,Sandals,Footwear,20,Iowa,S,Olive,Winter,4.8,No,Next Day Air,No,No,46,PayPal,Bi-Weekly,0.0,940,1,47,1.0,26,0,0.46952114179004933,30.014525358069736,Mid Value,1,0,Loyalist
2166,29,Male,Pants,Clothing,55,Idaho,M,Turquoise,Summer,4.2,No,Express,No,No,42,Credit Card,Every 3 Months,0.0,2365,1,43,1.0,4,0,0.2985194077631052,29.46783843118972,Mid Value,1,0,Loyalist
2167,31,Male,Jacket,Outerwear,88,New Jersey,S,Purple,Spring,3.5,No,Express,No,No,50,Credit Card,Bi-Weekly,0.0,4488,0,51,1.0,26,0,0.4967320261437908,52.04311420982018,High Value,1,0,Champion
2168,30,Male,Skirt,Clothing,48,Ohio,L,Green,Winter,4.9,No,Standard,No,No,33,Venmo,Fortnightly,0.0,1632,1,34,1.0,24,0,0.3680138722155528,28.783748510044244,Mid Value,1,0,Loyalist
2169,23,Male,Handbag,Accessories,74,Connecticut,M,Beige,Spring,4.1,No,Next Day Air,No,No,32,Cash,Quarterly,0.0,2442,1,33,1.0,4,0,0.2304921968787515,26.365311415681745,Mid Value,1,0,Loyalist
2170,31,Male,Coat,Outerwear,42,Florida,M,Brown,Fall,2.9,No,Next Day Air,No,No,32,Bank Transfer,Bi-Weekly,0.0,1386,0,33,1.0,26,0,0.3742830465519541,27.374025661615715,Mid Value,1,0,Loyalist
2171,40,Male,Sweater,Clothing,32,South Carolina,M,Turquoise,Fall,4.0,No,Next Day Air,No,No,37,Venmo,Every 3 Months,0.0,1216,1,38,1.0,4,0,0.26450580232092835,20.923150509640593,Low Value,1,0,Loyalist
2172,39,Male,Shorts,Clothing,98,Missouri,M,Yellow,Summer,4.6,No,Store Pickup,No,No,9,Cash,Fortnightly,0.0,980,1,10,1.0,24,0,0.20474856609310388,16.409601525908247,Low Value,0,0,Potential Loyalist
2173,28,Male,Skirt,Clothing,89,Rhode Island,S,Lavender,Fall,2.8,No,Store Pickup,No,No,6,PayPal,Fortnightly,0.0,623,0,7,1.0,24,0,0.1843404028277978,12.95166954109906,Low Value,0,0,Potential Loyalist
2174,23,Male,Gloves,Accessories,97,Delaware,S,Cyan,Summer,5.0,No,2-Day Shipping,No,No,36,Venmo,Quarterly,0.0,3589,1,37,1.0,4,0,0.25770308123249297,34.54262140046844,Mid Value,1,0,Loyalist
2175,42,Male,Backpack,Accessories,49,Colorado,S,Olive,Spring,2.9,No,Store Pickup,No,No,1,Cash,Annually,0.0,98,0,2,1.0,1,0,0.0,0.22378958124144643,Low Value,0,0,Passive
2176,68,Male,Dress,Clothing,50,Nebraska,M,Silver,Spring,3.3,No,Free Shipping,No,No,48,Credit Card,Fortnightly,0.0,2450,0,49,1.0,24,0,0.47005468854208343,38.646417624695765,Mid Value,1,0,Loyalist
2177,24,Male,Belt,Accessories,91,Vermont,S,Red,Winter,3.4,No,2-Day Shipping,No,No,44,Debit Card,Quarterly,0.0,4095,0,45,1.0,4,0,0.31212484993997597,40.07866350488953,Mid Value,1,0,Loyalist
2178,24,Male,Gloves,Accessories,93,Montana,XL,Green,Winter,3.0,No,Express,No,No,9,PayPal,Bi-Weekly,0.0,930,0,10,1.0,26,0,0.2178204615179405,16.509761318474776,Low Value,0,0,Potential Loyalist
2179,21,Male,Jewelry,Accessories,98,Florida,M,Gold,Summer,4.7,No,Standard,No,No,32,Venmo,Annually,0.0,3234,1,33,1.0,1,0,0.2108843537414966,30.00459405120005,Mid Value,1,0,Loyalist
2180,49,Male,Socks,Clothing,82,Delaware,L,Lavender,Fall,2.9,No,Next Day Air,No,No,14,PayPal,Monthly,0.0,1230,0,15,1.0,12,0,0.16033079898626118,15.27135644939798,Low Value,0,0,Potential Loyalist
2181,41,Male,Coat,Outerwear,37,Connecticut,M,Yellow,Summer,4.1,No,Store Pickup,No,No,43,Cash,Quarterly,0.0,1628,1,44,1.0,4,0,0.3053221288515406,25.48309793275669,Mid Value,1,0,Loyalist
2182,22,Male,Handbag,Accessories,63,Hawaii,M,Black,Fall,3.2,No,Free Shipping,No,No,32,Bank Transfer,Bi-Weekly,0.0,2079,0,33,1.0,26,0,0.3742830465519541,31.4552409195189,Mid Value,1,0,Loyalist
2183,42,Male,Blouse,Clothing,99,New Mexico,M,Maroon,Winter,2.7,No,Store Pickup,No,No,26,Venmo,Bi-Weekly,0.0,2673,0,27,1.0,26,0,0.3334667200213418,32.81982819979473,Mid Value,1,0,Loyalist
2184,30,Male,Shorts,Clothing,37,Kansas,M,Maroon,Spring,4.7,No,Store Pickup,No,No,2,Cash,Monthly,0.0,111,1,3,1.0,12,0,0.07869814592503667,4.7028368965831255,Low Value,0,0,Potential Loyalist
2185,38,Male,Shoes,Footwear,34,Nevada,S,Gold,Spring,3.2,No,Free Shipping,No,No,16,PayPal,Every 3 Months,0.0,578,0,17,1.0,4,0,0.12164865946378552,9.409561784050997,Low Value,0,0,Passive
2186,40,Male,Shorts,Clothing,32,North Carolina,M,Violet,Winter,2.5,No,Express,No,No,50,Debit Card,Every 3 Months,0.0,1632,0,51,1.0,4,0,0.3529411764705882,27.707162347238445,Mid Value,1,0,Loyalist
2187,55,Male,Sandals,Footwear,23,New Mexico,XL,Teal,Winter,4.3,No,Next Day Air,No,No,6,PayPal,Every 3 Months,0.0,161,1,7,1.0,4,0,0.05362144857943177,3.686459360195953,Low Value,0,0,Passive
2188,37,Male,Blouse,Clothing,78,Idaho,M,Violet,Spring,4.4,No,Free Shipping,No,No,20,PayPal,Annually,0.0,1638,1,21,1.0,1,0,0.12925170068027209,16.338237186062724,Low Value,0,0,Passive
2189,41,Male,Coat,Outerwear,54,California,M,Brown,Winter,4.7,No,Next Day Air,No,No,9,Credit Card,Weekly,0.0,540,1,10,1.0,52,0,0.3877551020408163,23.384678562575676,Low Value,0,0,Potential Loyalist
2190,38,Male,Blouse,Clothing,94,Wisconsin,XL,Brown,Fall,4.0,No,Express,No,No,47,Credit Card,Bi-Weekly,0.0,4512,1,48,1.0,26,0,0.4763238628784847,51.40634553251524,High Value,1,0,Champion
2191,42,Male,Belt,Accessories,75,Alaska,S,Maroon,Spring,4.6,No,Express,No,No,33,Credit Card,Annually,0.0,2550,1,34,1.0,1,0,0.21768707482993194,26.33198112660377,Mid Value,1,0,Loyalist
2192,26,Male,Blouse,Clothing,69,Pennsylvania,S,Maroon,Summer,3.8,No,Next Day Air,No,No,46,Cash,Bi-Weekly,0.0,3243,0,47,1.0,26,0,0.46952114179004933,43.28866267341083,Mid Value,1,0,Loyalist
2193,41,Male,Scarf,Accessories,35,Virginia,L,Yellow,Winter,3.2,No,Next Day Air,No,No,9,Credit Card,Monthly,0.0,350,0,10,1.0,12,0,0.12631719354408427,8.31086319505802,Low Value,0,0,Potential Loyalist
2194,27,Male,Shirt,Clothing,78,California,L,Turquoise,Spring,5.0,No,Express,No,No,8,PayPal,Monthly,0.0,702,1,9,1.0,12,0,0.11951447245564892,10.316951031336552,Low Value,0,0,Potential Loyalist
2195,61,Male,Socks,Clothing,29,Kentucky,M,Silver,Summer,3.5,No,Standard,No,No,48,Bank Transfer,Quarterly,0.0,1421,0,49,1.0,4,0,0.33933573429371744,25.753342175898354,Mid Value,1,0,Loyalist
2196,58,Male,Jeans,Clothing,62,New York,M,Brown,Fall,3.7,No,Next Day Air,No,No,2,Cash,Monthly,0.0,186,0,3,1.0,12,0,0.07869814592503667,4.855837711767946,Low Value,0,0,Potential Loyalist
2197,25,Male,Dress,Clothing,58,Vermont,M,Gray,Spring,4.8,No,Next Day Air,No,No,31,PayPal,Weekly,0.0,1856,1,32,1.0,52,0,0.5374149659863945,38.95805494343116,Mid Value,1,0,Loyalist
2198,33,Male,Boots,Footwear,88,Pennsylvania,M,Indigo,Summer,3.7,No,2-Day Shipping,No,No,40,Venmo,Monthly,0.0,3608,0,41,1.0,12,0,0.3372015472855808,38.52146085700008,Mid Value,1,0,Loyalist
2199,57,Male,Scarf,Accessories,80,New York,L,Turquoise,Summer,3.5,No,Free Shipping,No,No,35,Venmo,Monthly,0.0,2880,0,36,1.0,12,0,0.30318794184340403,32.456125927625905,Mid Value,1,0,Loyalist
2200,39,Male,Scarf,Accessories,47,North Carolina,M,Maroon,Summer,4.9,No,Store Pickup,No,No,40,Debit Card,Monthly,0.0,1927,1,41,1.0,12,0,0.3372015472855808,28.910405634611053,Mid Value,1,0,Loyalist
2201,60,Male,Gloves,Accessories,51,Wyoming,L,Charcoal,Summer,4.7,No,Next Day Air,No,No,27,Debit Card,Every 3 Months,0.0,1428,1,28,1.0,4,0,0.19647859143657465,18.615665427490384,Low Value,1,0,Loyalist
2202,39,Male,Pants,Clothing,25,Ohio,L,Peach,Spring,4.9,No,2-Day Shipping,No,No,10,Venmo,Annually,0.0,275,1,11,1.0,1,0,0.061224489795918366,4.755262881405275,Low Value,0,0,Passive
2203,42,Male,Dress,Clothing,36,Alabama,M,Red,Summer,4.3,No,Next Day Air,No,No,23,Credit Card,Weekly,0.0,864,1,24,1.0,52,0,0.48299319727891155,30.271172731130413,Mid Value,0,0,Potential Loyalist
2204,53,Male,Dress,Clothing,79,Rhode Island,M,Indigo,Winter,3.1,No,Free Shipping,No,No,32,Cash,Quarterly,0.0,2607,0,33,1.0,4,0,0.2304921968787515,27.048340186438413,Mid Value,1,0,Loyalist
2205,20,Male,Jeans,Clothing,41,Oregon,S,Lavender,Winter,3.4,No,2-Day Shipping,No,No,6,Debit Card,Monthly,0.0,287,0,7,1.0,12,0,0.10590903027877817,6.87304501290857,Low Value,0,0,Potential Loyalist
2206,46,Male,Sweater,Clothing,68,North Dakota,XL,Red,Fall,2.7,No,Express,No,No,27,PayPal,Weekly,0.0,1904,0,28,1.0,52,0,0.5102040816326531,37.529649220945544,Mid Value,1,0,Loyalist
2207,46,Male,Sandals,Footwear,51,Illinois,L,Green,Spring,2.6,No,Store Pickup,No,No,25,Bank Transfer,Fortnightly,0.0,1326,0,26,1.0,24,0,0.3135921035080699,23.8481680113105,Low Value,0,0,Potential Loyalist
2208,69,Male,Handbag,Accessories,38,New Mexico,M,Gray,Fall,2.9,No,Next Day Air,No,No,11,Credit Card,Annually,0.0,456,0,12,1.0,1,0,0.06802721088435373,5.8881183820133245,Low Value,0,0,Passive
2209,28,Male,Scarf,Accessories,46,Colorado,XL,Violet,Summer,2.7,No,2-Day Shipping,No,No,23,PayPal,Monthly,0.0,1104,0,24,1.0,12,0,0.22155528878217953,17.729713151344892,Low Value,0,0,Potential Loyalist
2210,42,Male,Sandals,Footwear,20,Utah,XL,Beige,Summer,4.5,No,2-Day Shipping,No,No,44,Bank Transfer,Quarterly,0.0,900,1,45,1.0,4,0,0.31212484993997597,21.551360229880842,Low Value,1,0,Loyalist
2211,30,Male,Sunglasses,Accessories,25,Virginia,M,Orange,Summer,3.1,No,Store Pickup,No,No,35,PayPal,Fortnightly,0.0,900,0,36,1.0,24,0,0.3816193143924236,24.89536439910099,Mid Value,1,0,Loyalist
2212,50,Male,Sweater,Clothing,89,Maine,L,Purple,Winter,3.2,No,Free Shipping,No,No,45,Debit Card,Every 3 Months,0.0,4094,0,46,1.0,4,0,0.31892757102841135,40.42837384313289,Mid Value,1,0,Loyalist
2213,59,Male,Pants,Clothing,77,Nebraska,M,Brown,Winter,3.3,No,Next Day Air,No,No,22,Bank Transfer,Quarterly,0.0,1771,0,23,1.0,4,0,0.16246498599439774,18.568974021629415,Low Value,0,0,Passive
2214,54,Male,Hat,Accessories,94,Hawaii,M,Maroon,Fall,2.9,No,Express,No,No,18,Debit Card,Quarterly,0.0,1786,0,19,1.0,4,0,0.13525410164065627,17.234913863225835,Low Value,0,0,Passive
2215,50,Male,Belt,Accessories,100,Idaho,L,Gold,Fall,4.1,No,Standard,No,No,20,Debit Card,Weekly,0.0,2100,1,21,1.0,52,0,0.4625850340136054,36.48342470773455,Mid Value,0,0,Potential Loyalist
2216,25,Male,Sandals,Footwear,96,West Virginia,M,Indigo,Winter,2.7,No,Express,No,No,28,Credit Card,Fortnightly,0.0,2784,0,29,1.0,24,0,0.334000266773376,33.5014195048235,Mid Value,1,0,Loyalist
2217,41,Male,Pants,Clothing,36,Vermont,XL,Silver,Winter,4.0,No,Store Pickup,No,No,15,Venmo,Bi-Weekly,0.0,576,1,16,1.0,26,0,0.2586367880485527,16.847271067515575,Low Value,0,0,Potential Loyalist
2218,35,Male,Jewelry,Accessories,27,Indiana,XL,Red,Fall,2.6,No,Store Pickup,No,No,42,Bank Transfer,Fortnightly,0.0,1161,0,43,1.0,24,0,0.42923836201147125,28.921642234507388,Mid Value,1,0,Loyalist
2219,67,Male,Sunglasses,Accessories,67,Idaho,M,Magenta,Winter,3.5,No,Store Pickup,No,No,20,Debit Card,Quarterly,0.0,1407,0,21,1.0,4,0,0.14885954381752697,15.714106325817184,Low Value,0,0,Passive
2220,33,Male,Blouse,Clothing,91,Minnesota,S,Purple,Fall,2.8,No,Store Pickup,No,No,16,Bank Transfer,Fortnightly,0.0,1547,0,17,1.0,24,0,0.25236761371215155,21.949285262467193,Low Value,0,0,Potential Loyalist
2221,19,Male,Belt,Accessories,62,Wyoming,XL,Beige,Fall,4.5,No,Store Pickup,No,No,47,Cash,Annually,0.0,2976,1,48,1.0,1,0,0.3129251700680272,33.8191736448066,Mid Value,1,0,Loyalist
2222,25,Male,Shorts,Clothing,88,Kansas,XL,White,Fall,3.0,No,Free Shipping,No,No,34,Credit Card,Annually,0.0,3080,0,35,1.0,1,0,0.22448979591836732,29.5201672549293,Mid Value,1,0,Loyalist
2223,32,Male,Pants,Clothing,66,Georgia,M,Teal,Summer,4.4,No,Store Pickup,No,No,30,Credit Card,Weekly,0.0,2046,1,31,1.0,52,0,0.5306122448979591,39.72140331188866,Mid Value,1,0,Loyalist
2224,30,Male,Sandals,Footwear,65,Kansas,M,Gray,Fall,4.7,No,Next Day Air,No,No,5,PayPal,Quarterly,0.0,390,1,6,1.0,4,0,0.046818727490996394,4.679486509401257,Low Value,0,0,Passive
2225,18,Male,Gloves,Accessories,25,Nebraska,L,Charcoal,Winter,4.3,No,Standard,No,No,38,Cash,Quarterly,0.0,975,1,39,1.0,4,0,0.2713085234093637,19.859452966359044,Low Value,1,0,Loyalist
2226,38,Male,Belt,Accessories,64,Washington,S,Olive,Spring,4.8,No,Free Shipping,No,No,18,Credit Card,Annually,0.0,1216,1,19,1.0,1,0,0.11564625850340135,13.141795918881977,Low Value,0,0,Passive
2227,22,Male,Shirt,Clothing,72,Missouri,L,Blue,Spring,4.8,No,Store Pickup,No,No,28,Cash,Annually,0.0,2088,1,29,1.0,1,0,0.18367346938775508,21.83317326591971,Low Value,1,0,Loyalist
2228,40,Male,Scarf,Accessories,74,Washington,S,Gray,Summer,4.4,No,Next Day Air,No,No,42,Credit Card,Fortnightly,0.0,3182,1,43,1.0,24,0,0.42923836201147125,41.112403584640134,Mid Value,1,0,Loyalist
2229,54,Male,Gloves,Accessories,50,Kansas,M,Green,Fall,3.7,No,Free Shipping,No,No,5,Credit Card,Weekly,0.0,300,0,6,1.0,52,0,0.3605442176870748,20.26018338226016,Low Value,0,0,Potential Loyalist
2230,70,Male,Pants,Clothing,97,Minnesota,M,Silver,Fall,3.9,No,Express,No,No,50,Venmo,Monthly,0.0,4947,0,51,1.0,12,0,0.40522875816993464,49.963094373505044,High Value,1,0,Champion
2231,52,Male,Sneakers,Footwear,36,Colorado,S,Teal,Spring,3.8,No,Express,No,No,33,Venmo,Fortnightly,0.0,1224,0,34,1.0,24,0,0.3680138722155528,26.09226596366018,Mid Value,1,0,Loyalist
2232,34,Male,Jacket,Outerwear,49,Utah,M,Beige,Fall,4.1,No,Store Pickup,No,No,1,Credit Card,Weekly,0.0,98,1,2,1.0,52,0,0.3333333333333333,17.936856078769523,Low Value,0,0,Potential Loyalist
2233,65,Male,Shoes,Footwear,64,North Carolina,L,Lavender,Spring,4.0,No,Store Pickup,No,No,14,Cash,Fortnightly,0.0,960,1,15,1.0,24,0,0.2387621715352808,18.06981522452978,Low Value,0,0,Potential Loyalist
2234,38,Male,Blouse,Clothing,31,Florida,XL,Gray,Summer,4.5,No,Express,No,No,48,Credit Card,Monthly,0.0,1519,1,49,1.0,12,0,0.3916233159930639,29.352408538016476,Mid Value,1,0,Loyalist
2235,35,Male,Boots,Footwear,66,New Hampshire,S,Yellow,Winter,4.0,No,Express,No,No,26,Cash,Weekly,0.0,1782,1,27,1.0,52,0,0.5034013605442177,36.74425649121237,Mid Value,1,0,Loyalist
2236,40,Male,Socks,Clothing,82,Illinois,M,Gray,Spring,4.5,No,2-Day Shipping,No,No,44,Credit Card,Annually,0.0,3690,1,45,1.0,1,0,0.2925170068027211,36.95726347909405,Mid Value,1,0,Loyalist
2237,23,Male,T-shirt,Clothing,88,Louisiana,M,Yellow,Winter,2.7,No,Standard,No,No,18,Debit Card,Fortnightly,0.0,1672,0,19,1.0,24,0,0.26597305588902226,23.396634276260862,Low Value,0,0,Potential Loyalist
2238,45,Male,Sandals,Footwear,34,Alabama,S,Black,Summer,3.8,No,Next Day Air,No,No,31,Venmo,Every 3 Months,0.0,1088,0,32,1.0,4,0,0.22368947579031612,17.747046598537267,Low Value,1,0,Loyalist
2239,40,Male,Sneakers,Footwear,84,Florida,L,Beige,Winter,3.8,No,Standard,No,No,18,Debit Card,Weekly,0.0,1596,0,19,1.0,52,0,0.44897959183673464,32.51537993324107,Mid Value,0,0,Potential Loyalist
2240,42,Male,Jewelry,Accessories,96,Alabama,L,Indigo,Summer,3.8,No,2-Day Shipping,No,No,41,Credit Card,Every 3 Months,0.0,4032,0,42,1.0,4,0,0.2917166866746698,38.64084532274007,Mid Value,1,0,Loyalist
2241,57,Male,Sandals,Footwear,71,California,L,Green,Winter,4.3,No,Next Day Air,No,No,18,Debit Card,Every 3 Months,0.0,1349,1,19,1.0,4,0,0.13525410164065627,14.950022826740932,Low Value,0,0,Passive
2242,18,Male,Jacket,Outerwear,77,Maryland,M,Purple,Summer,3.5,No,Free Shipping,No,No,3,Bank Transfer,Bi-Weekly,0.0,308,0,4,1.0,26,0,0.17700413498732823,10.71308199902438,Low Value,0,0,Potential Loyalist
2243,18,Male,Skirt,Clothing,66,Nevada,M,Orange,Spring,3.8,No,Next Day Air,No,No,5,Credit Card,Bi-Weekly,0.0,396,0,6,1.0,26,0,0.190609577164199,11.942530631082962,Low Value,0,0,Potential Loyalist
2244,56,Male,Shirt,Clothing,21,Massachusetts,M,Teal,Winter,3.7,No,2-Day Shipping,No,No,13,Debit Card,Annually,0.0,294,0,14,1.0,1,0,0.08163265306122448,5.645267137483452,Low Value,0,0,Passive
2245,35,Male,Shorts,Clothing,37,South Carolina,M,Gold,Summer,4.8,No,2-Day Shipping,No,No,22,PayPal,Annually,0.0,851,1,23,1.0,1,0,0.14285714285714285,12.414636250061726,Low Value,0,0,Passive
2246,49,Male,Socks,Clothing,90,Delaware,L,Gray,Fall,4.9,No,Free Shipping,No,No,45,PayPal,Fortnightly,0.0,4140,1,46,1.0,24,0,0.4496465252767774,47.82105532497625,High Value,1,0,Champion
2247,49,Male,Jacket,Outerwear,96,Hawaii,M,Cyan,Fall,4.3,No,Store Pickup,No,No,39,PayPal,Every 3 Months,0.0,3840,1,40,1.0,4,0,0.27811124449779906,37.0876090898124,Mid Value,1,0,Loyalist
2248,34,Male,Jewelry,Accessories,37,Florida,L,Teal,Summer,4.4,No,Next Day Air,No,No,18,Venmo,Annually,0.0,703,1,19,1.0,1,0,0.11564625850340135,10.120636572122478,Low Value,0,0,Passive
2249,63,Male,T-shirt,Clothing,66,Rhode Island,M,Violet,Winter,3.4,No,Free Shipping,No,No,19,PayPal,Fortnightly,0.0,1320,0,20,1.0,24,0,0.27277577697745764,21.67923558777404,Low Value,0,0,Potential Loyalist
2250,42,Male,Gloves,Accessories,45,Wyoming,XL,Indigo,Spring,4.3,No,Next Day Air,No,No,29,Debit Card,Weekly,0.0,1350,1,30,1.0,52,0,0.5238095238095237,35.26692091771669,Mid Value,1,0,Loyalist
2251,41,Male,Shoes,Footwear,89,Colorado,L,Pink,Summer,4.6,No,Store Pickup,No,No,19,Credit Card,Weekly,0.0,1780,1,20,1.0,52,0,0.45578231292517,34.2432813279516,Mid Value,0,0,Potential Loyalist
2252,26,Male,Shoes,Footwear,94,Virginia,L,Gold,Fall,3.8,No,Free Shipping,No,No,22,Debit Card,Monthly,0.0,2162,0,23,1.0,12,0,0.21475256769374415,23.604886691317496,Low Value,0,0,Potential Loyalist
2253,48,Male,Shoes,Footwear,96,Nebraska,S,Maroon,Summer,3.9,No,Express,No,No,21,Bank Transfer,Annually,0.0,2112,0,22,1.0,1,0,0.13605442176870747,19.196628142032434,Low Value,0,0,Passive
2254,62,Male,Hoodie,Clothing,31,Oklahoma,M,Brown,Spring,2.6,No,Store Pickup,No,No,22,PayPal,Monthly,0.0,713,0,23,1.0,12,0,0.21475256769374415,15.071436606610837,Low Value,0,0,Potential Loyalist
2255,24,Male,Belt,Accessories,79,North Dakota,M,Gold,Winter,4.2,No,Store Pickup,No,No,44,PayPal,Every 3 Months,0.0,3555,1,45,1.0,4,0,0.31212484993997597,37.187184919250186,Mid Value,1,0,Loyalist
2256,48,Male,Coat,Outerwear,39,Michigan,L,Teal,Spring,4.6,No,Store Pickup,No,No,42,Bank Transfer,Quarterly,0.0,1677,1,43,1.0,4,0,0.2985194077631052,25.4160691708183,Mid Value,1,0,Loyalist
2257,31,Male,Blouse,Clothing,22,California,M,Turquoise,Fall,5.0,No,Standard,No,No,33,Credit Card,Quarterly,0.0,748,1,34,1.0,4,0,0.23729491796718682,16.744606989668124,Low Value,1,0,Loyalist
2258,41,Male,Skirt,Clothing,32,Tennessee,L,Olive,Fall,4.2,No,Standard,No,No,6,Bank Transfer,Annually,0.0,224,1,7,1.0,1,0,0.03401360544217687,3.0325155555823393,Low Value,0,0,Passive
2259,24,Male,T-shirt,Clothing,71,Ohio,L,Cyan,Winter,4.3,No,Store Pickup,No,No,44,Credit Card,Every 3 Months,0.0,3195,1,45,1.0,4,0,0.31212484993997597,35.06707309696282,Mid Value,1,0,Loyalist
2260,60,Male,Jeans,Clothing,96,Florida,XL,Beige,Spring,3.3,No,Free Shipping,No,No,24,Cash,Annually,0.0,2400,0,25,1.0,1,0,0.1564625850340136,21.959516213111495,Low Value,0,0,Passive
2261,38,Male,Scarf,Accessories,82,Missouri,M,Blue,Fall,4.9,No,Express,No,No,16,PayPal,Quarterly,0.0,1394,1,17,1.0,4,0,0.12164865946378552,14.50383772902741,Low Value,0,0,Passive
2262,58,Male,Backpack,Accessories,76,South Carolina,L,Gold,Spring,4.4,No,Standard,No,No,12,Bank Transfer,Fortnightly,0.0,988,1,13,1.0,24,0,0.22515672935841002,17.523513735208244,Low Value,0,0,Potential Loyalist
2263,53,Male,Backpack,Accessories,22,Arizona,M,Green,Winter,3.1,No,2-Day Shipping,No,No,50,PayPal,Monthly,0.0,1122,0,51,1.0,12,0,0.40522875816993464,27.436906261701754,Mid Value,1,0,Loyalist
2264,44,Male,Scarf,Accessories,40,Indiana,XL,Green,Winter,3.5,No,Store Pickup,No,No,42,Cash,Quarterly,0.0,1720,0,43,1.0,4,0,0.2985194077631052,25.380615601799803,Mid Value,1,0,Loyalist
2265,51,Male,Hat,Accessories,92,North Dakota,M,Turquoise,Summer,3.9,No,2-Day Shipping,No,No,50,PayPal,Monthly,0.0,4692,0,51,1.0,12,0,0.40522875816993464,48.461348499384826,High Value,1,0,Champion
2266,36,Male,Coat,Outerwear,94,Montana,XL,Yellow,Fall,3.9,No,Store Pickup,No,No,10,PayPal,Quarterly,0.0,1034,0,11,1.0,4,0,0.08083233293317327,9.961439532450001,Low Value,0,0,Passive
2267,20,Male,Dress,Clothing,44,Missouri,M,Yellow,Fall,4.3,No,Store Pickup,No,No,32,Debit Card,Weekly,0.0,1452,1,33,1.0,52,0,0.5442176870748299,36.93441788061394,Mid Value,1,0,Loyalist
2268,32,Male,Gloves,Accessories,49,Kentucky,S,Blue,Spring,3.8,No,Express,No,No,37,Venmo,Weekly,0.0,1862,0,38,1.0,52,0,0.5782312925170068,40.8382982191759,Mid Value,1,0,Loyalist
2269,66,Male,Sweater,Clothing,26,Georgia,L,Charcoal,Spring,2.7,No,2-Day Shipping,No,No,15,Bank Transfer,Monthly,0.0,416,0,16,1.0,12,0,0.16713352007469653,10.833147588975702,Low Value,0,0,Potential Loyalist
2270,49,Male,Skirt,Clothing,38,Kentucky,M,Yellow,Fall,4.4,No,Store Pickup,No,No,27,Credit Card,Annually,0.0,1064,1,28,1.0,1,0,0.17687074829931973,15.447033433663696,Low Value,1,0,Loyalist
2271,27,Male,Blouse,Clothing,72,Georgia,L,Purple,Spring,3.5,No,Express,No,No,7,Venmo,Weekly,0.0,576,0,8,1.0,52,0,0.37414965986394555,22.596801521513253,Low Value,0,0,Potential Loyalist
2272,29,Male,Dress,Clothing,99,Alaska,M,Green,Summer,3.4,No,Free Shipping,No,No,49,PayPal,Quarterly,0.0,4950,0,50,1.0,4,0,0.3461384553821528,46.89192677157064,High Value,1,0,Champion
2273,29,Male,Jacket,Outerwear,38,Maine,L,Charcoal,Spring,4.0,No,Standard,No,No,44,PayPal,Monthly,0.0,1710,1,45,1.0,12,0,0.36441243163932235,29.054847492731167,Mid Value,1,0,Loyalist
2274,55,Male,Coat,Outerwear,96,New Mexico,L,Silver,Winter,4.8,No,Express,No,No,13,PayPal,Bi-Weekly,0.0,1344,1,14,1.0,26,0,0.24503134587168196,20.65897721289585,Low Value,0,0,Potential Loyalist
2275,57,Male,Dress,Clothing,27,New York,L,Turquoise,Spring,4.5,No,Next Day Air,No,No,38,PayPal,Fortnightly,0.0,1053,1,39,1.0,24,0,0.4020274776577297,27.151899684614005,Mid Value,1,0,Loyalist
2276,29,Male,Shorts,Clothing,24,Oklahoma,M,Gray,Winter,4.4,No,Standard,No,No,10,Debit Card,Weekly,0.0,264,1,11,1.0,52,0,0.3945578231292517,22.11485903657175,Low Value,0,0,Potential Loyalist
2277,31,Male,Jeans,Clothing,82,Wyoming,L,Red,Summer,4.1,No,2-Day Shipping,No,No,25,Debit Card,Weekly,0.0,2132,1,26,1.0,52,0,0.4965986394557823,38.44987678068647,Mid Value,0,0,Potential Loyalist
2278,25,Male,Hat,Accessories,56,Alabama,M,Beige,Summer,4.6,No,Next Day Air,No,No,18,Credit Card,Quarterly,0.0,1064,1,19,1.0,4,0,0.13525410164065627,13.271600967430103,Low Value,0,0,Passive
2279,61,Male,Gloves,Accessories,25,Maryland,M,Maroon,Fall,3.8,No,Store Pickup,No,No,6,Cash,Every 3 Months,0.0,175,0,7,1.0,4,0,0.05362144857943177,3.4802190054931916,Low Value,0,0,Passive
2280,53,Male,Sneakers,Footwear,67,West Virginia,L,Indigo,Spring,2.9,No,Free Shipping,No,No,35,Bank Transfer,Quarterly,0.0,2412,0,36,1.0,4,0,0.2509003601440576,26.96674489594858,Mid Value,1,0,Loyalist
2281,22,Male,Shoes,Footwear,21,Kentucky,M,Red,Summer,2.8,No,Standard,No,No,31,Credit Card,Fortnightly,0.0,672,0,32,1.0,24,0,0.35440843003868217,22.130228760653445,Low Value,1,0,Loyalist
2282,28,Male,Hoodie,Clothing,27,Kansas,XL,Maroon,Summer,3.0,No,Store Pickup,No,No,41,Bank Transfer,Annually,0.0,1134,0,42,1.0,1,0,0.27210884353741494,20.54898177981285,Low Value,1,0,Loyalist
2283,18,Male,Sneakers,Footwear,97,Idaho,S,Red,Fall,4.2,No,2-Day Shipping,No,No,8,Credit Card,Annually,0.0,873,1,9,1.0,1,0,0.047619047619047616,7.565805110705407,Low Value,0,0,Passive
2284,44,Male,Handbag,Accessories,45,Ohio,S,Black,Winter,4.1,No,Free Shipping,No,No,34,Credit Card,Fortnightly,0.0,1575,1,35,1.0,24,0,0.3748165933039882,28.8036636759318,Mid Value,1,0,Loyalist
2285,32,Male,Blouse,Clothing,63,Iowa,XL,Black,Fall,4.1,No,Express,No,No,20,Venmo,Annually,0.0,1323,1,21,1.0,1,0,0.12925170068027209,14.483139341561277,Low Value,0,0,Passive
2286,34,Male,Belt,Accessories,100,Michigan,L,Pink,Summer,4.6,No,2-Day Shipping,No,No,38,PayPal,Every 3 Months,0.0,3900,1,39,1.0,4,0,0.2713085234093637,37.08536152244392,Mid Value,1,0,Loyalist
2287,67,Male,Socks,Clothing,38,South Dakota,L,Blue,Spring,2.5,No,Store Pickup,No,No,35,Venmo,Quarterly,0.0,1368,0,36,1.0,4,0,0.2509003601440576,20.818420611315215,Low Value,1,0,Loyalist
2288,66,Male,Blouse,Clothing,45,Nebraska,L,Green,Summer,3.0,No,Store Pickup,No,No,6,Debit Card,Annually,0.0,315,0,7,1.0,1,0,0.03401360544217687,3.2797435628688283,Low Value,0,0,Passive
2289,28,Male,Jewelry,Accessories,91,California,M,Orange,Fall,3.8,No,Next Day Air,No,No,50,PayPal,Weekly,0.0,4641,0,51,1.0,52,0,0.6666666666666666,61.8271776380795,High Value,1,0,Champion
2290,70,Male,Shorts,Clothing,82,Nevada,M,Orange,Fall,4.1,No,Free Shipping,No,No,47,Venmo,Weekly,0.0,3936,1,48,1.0,52,0,0.6462585034013606,56.897182520642616,High Value,1,0,Champion
2291,37,Male,Boots,Footwear,48,Kansas,L,Magenta,Winter,3.3,No,Standard,No,No,23,PayPal,Quarterly,0.0,1152,0,24,1.0,4,0,0.16926770708283312,15.279159064946132,Low Value,0,0,Passive
2292,28,Male,Coat,Outerwear,30,Ohio,M,Indigo,Spring,5.0,No,2-Day Shipping,No,No,13,Credit Card,Quarterly,0.0,420,1,14,1.0,4,0,0.10124049619847938,7.700958796589644,Low Value,0,0,Passive
2293,43,Male,T-shirt,Clothing,34,Vermont,S,Beige,Spring,3.8,No,Next Day Air,No,No,31,Debit Card,Monthly,0.0,1088,0,32,1.0,12,0,0.2759770574896625,20.48028226124101,Low Value,1,0,Loyalist
2294,37,Male,Sweater,Clothing,68,Georgia,L,Green,Fall,3.3,No,Express,No,No,16,Debit Card,Every 3 Months,0.0,1156,0,17,1.0,4,0,0.12164865946378552,12.813519098723495,Low Value,0,0,Passive
2295,54,Male,Sunglasses,Accessories,95,Maryland,M,Red,Winter,5.0,No,Express,No,No,40,Debit Card,Annually,0.0,3895,1,41,1.0,1,0,0.26530612244897955,36.74215122689769,Mid Value,1,0,Loyalist
2296,50,Male,Hat,Accessories,22,Connecticut,L,Beige,Spring,2.9,No,2-Day Shipping,No,No,45,PayPal,Quarterly,0.0,1012,0,46,1.0,4,0,0.31892757102841135,22.277860964550477,Low Value,1,0,Loyalist
2297,46,Male,Gloves,Accessories,88,Washington,M,Green,Fall,2.5,No,Next Day Air,No,No,50,Venmo,Every 3 Months,0.0,4488,0,51,1.0,4,0,0.3529411764705882,44.5267161373849,High Value,1,0,Champion
2298,60,Male,Socks,Clothing,83,California,M,Orange,Summer,4.7,No,Standard,No,No,1,Bank Transfer,Quarterly,0.0,166,1,2,1.0,4,0,0.0196078431372549,1.9379076689791193,Low Value,0,0,Passive
2299,40,Male,Handbag,Accessories,87,Montana,L,Cyan,Spring,2.9,No,2-Day Shipping,No,No,10,Cash,Every 3 Months,0.0,957,0,11,1.0,4,0,0.08083233293317327,9.507971170460758,Low Value,0,0,Passive
2300,64,Male,Coat,Outerwear,57,Idaho,M,Violet,Summer,3.7,No,Store Pickup,No,No,48,Credit Card,Every 3 Months,0.0,2793,0,49,1.0,4,0,0.33933573429371744,33.83332389861577,Mid Value,1,0,Loyalist
2301,18,Male,Coat,Outerwear,88,Pennsylvania,XL,Lavender,Summer,4.4,No,2-Day Shipping,No,No,38,Credit Card,Monthly,0.0,3432,1,39,1.0,12,0,0.32359610510871006,37.06245181617408,Mid Value,1,0,Loyalist
2302,37,Male,Pants,Clothing,20,Maine,L,Turquoise,Winter,2.9,No,Next Day Air,No,No,21,Debit Card,Annually,0.0,440,0,22,1.0,1,0,0.13605442176870747,9.349886567408879,Low Value,0,0,Passive
2303,36,Male,Belt,Accessories,39,Montana,L,Pink,Summer,3.6,No,Store Pickup,No,No,38,Venmo,Monthly,0.0,1521,0,39,1.0,12,0,0.32359610510871006,25.519502411740252,Mid Value,1,0,Loyalist
2304,51,Male,Sunglasses,Accessories,71,New Jersey,S,Beige,Spring,4.8,No,2-Day Shipping,No,No,31,Credit Card,Fortnightly,0.0,2272,1,32,1.0,24,0,0.35440843003868217,31.841637118611242,Mid Value,1,0,Loyalist
2305,26,Male,Hoodie,Clothing,73,Louisiana,L,Silver,Winter,4.7,No,Free Shipping,No,No,9,Debit Card,Fortnightly,0.0,730,1,10,1.0,24,0,0.20474856609310388,14.937301649319792,Low Value,0,0,Potential Loyalist
2306,68,Male,Handbag,Accessories,63,Maine,M,Gold,Summer,2.6,No,Free Shipping,No,No,47,Cash,Weekly,0.0,3024,0,48,1.0,52,0,0.6462585034013606,51.237543423056245,High Value,1,0,Champion
2307,27,Male,Gloves,Accessories,78,Florida,L,Silver,Winter,3.4,No,Standard,No,No,8,Cash,Bi-Weekly,0.0,702,0,9,1.0,26,0,0.2110177404295051,14.811424293276387,Low Value,0,0,Potential Loyalist
2308,28,Male,Skirt,Clothing,96,Missouri,L,Green,Fall,3.5,No,Next Day Air,No,No,30,Debit Card,Annually,0.0,2976,0,31,1.0,1,0,0.19727891156462585,27.485292355269614,Mid Value,1,0,Loyalist
2309,49,Male,Sunglasses,Accessories,81,North Dakota,M,Teal,Winter,3.4,No,2-Day Shipping,No,No,22,Bank Transfer,Quarterly,0.0,1863,0,23,1.0,4,0,0.16246498599439774,19.110780376213967,Low Value,0,0,Passive
2310,70,Male,Dress,Clothing,95,Connecticut,S,Gold,Fall,5.0,No,2-Day Shipping,No,No,3,Bank Transfer,Quarterly,0.0,380,1,4,1.0,4,0,0.03321328531412565,3.90939543883827,Low Value,0,0,Passive
2311,30,Male,Gloves,Accessories,68,Virginia,M,Cyan,Spring,4.6,No,Standard,No,No,15,PayPal,Monthly,0.0,1088,1,16,1.0,12,0,0.16713352007469653,15.079378805037175,Low Value,0,0,Potential Loyalist
2312,27,Male,Sneakers,Footwear,28,Montana,L,Gold,Spring,4.8,No,2-Day Shipping,No,No,10,Bank Transfer,Every 3 Months,0.0,308,1,11,1.0,4,0,0.08083233293317327,5.974569838628855,Low Value,0,0,Passive
2313,19,Male,T-shirt,Clothing,30,Vermont,L,Violet,Summer,3.7,No,Free Shipping,No,No,19,Cash,Every 3 Months,0.0,600,0,20,1.0,4,0,0.14205682272909165,10.605922786439947,Low Value,0,0,Passive
2314,64,Male,Dress,Clothing,31,Georgia,M,Black,Summer,4.7,No,Next Day Air,No,No,36,Bank Transfer,Fortnightly,0.0,1147,1,37,1.0,24,0,0.38842203548085896,26.994285362711818,Mid Value,1,0,Loyalist
2315,42,Male,Handbag,Accessories,95,Virginia,XL,Brown,Winter,4.4,No,Express,No,No,12,Bank Transfer,Every 3 Months,0.0,1235,1,13,1.0,4,0,0.09443777511004402,12.145056856518272,Low Value,0,0,Passive
2316,69,Male,Socks,Clothing,79,Vermont,M,Indigo,Winter,3.5,No,2-Day Shipping,No,No,49,Debit Card,Quarterly,0.0,3950,0,50,1.0,4,0,0.3461384553821528,41.00272726521684,Mid Value,1,0,Loyalist
2317,28,Male,Sneakers,Footwear,39,Montana,L,Yellow,Winter,3.8,No,Standard,No,No,7,Debit Card,Annually,0.0,312,0,8,1.0,1,0,0.04081632653061224,3.6176755020994844,Low Value,0,0,Passive
2318,47,Male,Jacket,Outerwear,34,New Jersey,M,Purple,Summer,4.7,No,Next Day Air,No,No,28,Bank Transfer,Monthly,0.0,986,1,29,1.0,12,0,0.25556889422435636,19.101474446135462,Low Value,1,0,Loyalist
2319,69,Male,Hoodie,Clothing,28,Wyoming,L,White,Spring,3.1,No,Store Pickup,No,No,30,Credit Card,Annually,0.0,868,0,31,1.0,1,0,0.19727891156462585,15.070859795875805,Low Value,1,0,Loyalist
2320,56,Male,Sandals,Footwear,38,Maine,XL,Turquoise,Winter,5.0,No,Free Shipping,No,No,29,PayPal,Monthly,0.0,1140,1,30,1.0,12,0,0.26237161531279174,20.364010707863674,Low Value,1,0,Loyalist
2321,28,Male,Shoes,Footwear,55,New Mexico,M,Olive,Spring,3.7,No,Free Shipping,No,No,9,Debit Card,Every 3 Months,0.0,550,0,10,1.0,4,0,0.07402961184473789,6.755467433625039,Low Value,0,0,Passive
2322,50,Male,Sandals,Footwear,31,Colorado,M,Beige,Winter,3.0,No,Next Day Air,No,No,27,Debit Card,Fortnightly,0.0,868,0,28,1.0,24,0,0.32719754568494064,21.862113712899898,Low Value,1,0,Loyalist
2323,39,Male,Coat,Outerwear,84,Connecticut,S,Lavender,Spring,4.5,No,Store Pickup,No,No,21,Venmo,Fortnightly,0.0,1848,1,22,1.0,24,0,0.28638121915432835,25.788621150420006,Mid Value,0,0,Potential Loyalist
2324,35,Male,Gloves,Accessories,93,Maryland,L,White,Winter,4.7,No,Express,No,No,36,Credit Card,Monthly,0.0,3441,1,37,1.0,12,0,0.3099906629318394,36.40425553623183,Mid Value,1,0,Loyalist
2325,59,Male,Coat,Outerwear,28,Oregon,L,Brown,Winter,3.5,No,Free Shipping,No,No,19,Debit Card,Annually,0.0,560,0,20,1.0,1,0,0.12244897959183673,9.345391432671892,Low Value,0,0,Passive
2326,44,Male,Boots,Footwear,55,New York,M,Charcoal,Summer,4.4,No,2-Day Shipping,No,No,47,Cash,Weekly,0.0,2640,1,48,1.0,52,0,0.6462585034013606,49.26477996040809,High Value,1,0,Champion
2327,66,Male,Skirt,Clothing,63,Oklahoma,L,Maroon,Winter,2.6,No,Standard,No,No,38,Bank Transfer,Annually,0.0,2457,0,39,1.0,1,0,0.2517006802721088,27.273594113469763,Mid Value,1,0,Loyalist
2328,20,Male,Skirt,Clothing,94,Alabama,M,Red,Winter,4.2,No,2-Day Shipping,No,No,22,Venmo,Bi-Weekly,0.0,2162,1,23,1.0,26,0,0.30625583566760034,28.676738248840756,Mid Value,0,0,Potential Loyalist
2329,45,Male,Pants,Clothing,36,North Dakota,M,Maroon,Fall,2.6,No,Express,No,No,29,Venmo,Bi-Weekly,0.0,1080,0,30,1.0,26,0,0.35387488328664796,24.505131999422282,Mid Value,1,0,Loyalist
2330,49,Male,Hat,Accessories,97,Nebraska,S,Teal,Spring,4.8,No,Free Shipping,No,No,42,Bank Transfer,Annually,0.0,4171,1,43,1.0,1,0,0.2789115646258503,39.07876936615079,Mid Value,1,0,Loyalist
2331,60,Male,Backpack,Accessories,63,Arizona,L,Orange,Summer,2.9,No,Store Pickup,No,No,47,PayPal,Every 3 Months,0.0,3024,0,48,1.0,4,0,0.3325330132052821,34.838129446833776,Mid Value,1,0,Loyalist
2332,61,Male,Scarf,Accessories,77,Illinois,S,Olive,Spring,4.3,No,2-Day Shipping,No,No,10,Credit Card,Bi-Weekly,0.0,847,1,11,1.0,26,0,0.22462318260637587,16.665246444988846,Low Value,0,0,Potential Loyalist
2333,36,Male,Scarf,Accessories,53,South Carolina,XL,Olive,Fall,2.6,No,Store Pickup,No,No,10,Venmo,Monthly,0.0,583,0,11,1.0,12,0,0.13311991463251965,10.038646217788182,Low Value,0,0,Potential Loyalist
2334,33,Male,Shirt,Clothing,77,Kansas,M,Beige,Spring,3.8,No,Next Day Air,No,No,1,PayPal,Every 3 Months,0.0,154,0,2,1.0,4,0,0.0196078431372549,1.5785481271111594,Low Value,0,0,Passive
2335,49,Male,Boots,Footwear,79,Kansas,L,Green,Summer,4.2,No,Standard,No,No,7,Credit Card,Monthly,0.0,632,1,8,1.0,12,0,0.11271175136721354,9.549107528142065,Low Value,0,0,Potential Loyalist
2336,31,Male,Coat,Outerwear,37,Idaho,M,Black,Summer,3.9,No,Store Pickup,No,No,10,Venmo,Fortnightly,0.0,407,0,11,1.0,24,0,0.21155128718153926,13.10200059872553,Low Value,0,0,Potential Loyalist
2337,19,Male,Belt,Accessories,94,California,M,Green,Winter,3.1,No,Free Shipping,No,No,11,Credit Card,Weekly,0.0,1128,0,12,1.0,52,0,0.4013605442176871,27.27003780001945,Mid Value,0,0,Potential Loyalist
2338,39,Male,Boots,Footwear,76,North Dakota,S,Violet,Fall,3.6,No,Store Pickup,No,No,5,Cash,Annually,0.0,456,0,6,1.0,1,0,0.027210884353741492,3.754521155514987,Low Value,0,0,Passive
2339,66,Male,Sneakers,Footwear,68,Georgia,S,Silver,Fall,4.0,No,Express,No,No,21,PayPal,Quarterly,0.0,1496,1,22,1.0,4,0,0.15566226490596236,16.88253376742411,Low Value,0,0,Passive
2340,25,Male,Shirt,Clothing,65,Illinois,L,Maroon,Spring,3.4,No,Next Day Air,No,No,24,Bank Transfer,Quarterly,0.0,1625,0,25,1.0,4,0,0.1760704281712685,18.4203499692012,Low Value,0,0,Passive
2341,63,Male,Blouse,Clothing,24,Delaware,M,Cyan,Summer,2.6,No,Standard,No,No,37,Credit Card,Fortnightly,0.0,912,0,38,1.0,24,0,0.39522475656929434,25.677233868676687,Mid Value,1,0,Loyalist
2342,56,Male,Jacket,Outerwear,31,Connecticut,L,Teal,Summer,4.5,No,Express,No,No,22,Venmo,Every 3 Months,0.0,713,1,23,1.0,4,0,0.16246498599439774,12.626890091698806,Low Value,0,0,Passive
2343,20,Male,Skirt,Clothing,89,Tennessee,M,Olive,Fall,4.9,No,Standard,No,No,16,Debit Card,Fortnightly,0.0,1513,1,17,1.0,24,0,0.25236761371215155,22.037741627042877,Low Value,0,0,Potential Loyalist
2344,58,Male,Socks,Clothing,49,Maryland,M,Red,Summer,4.4,No,2-Day Shipping,No,No,44,PayPal,Monthly,0.0,2205,1,45,1.0,12,0,0.36441243163932235,31.9700012483763,Mid Value,1,0,Loyalist
2345,34,Male,Sandals,Footwear,92,Rhode Island,XL,Lavender,Fall,3.5,No,Express,No,No,14,Venmo,Bi-Weekly,0.0,1380,0,15,1.0,26,0,0.25183406696011734,20.9378987850826,Low Value,0,0,Potential Loyalist
2346,28,Male,T-shirt,Clothing,32,New York,S,Orange,Winter,3.3,No,Express,No,No,23,Bank Transfer,Every 3 Months,0.0,768,0,24,1.0,4,0,0.16926770708283312,13.017706454506273,Low Value,0,0,Passive
2347,22,Male,Jacket,Outerwear,67,New Mexico,L,Brown,Winter,3.1,No,Standard,No,No,46,Debit Card,Fortnightly,0.0,3149,0,47,1.0,24,0,0.4564492463652128,42.05176900413764,Mid Value,1,0,Loyalist
2348,37,Male,Belt,Accessories,64,California,S,Gray,Fall,4.2,No,Express,No,No,46,Cash,Every 3 Months,0.0,3008,1,47,1.0,4,0,0.32573029211684673,34.6769918647741,Mid Value,1,0,Loyalist
2349,54,Male,Shoes,Footwear,84,Maine,M,Orange,Spring,4.9,No,Next Day Air,No,No,16,PayPal,Every 3 Months,0.0,1428,1,17,1.0,4,0,0.12164865946378552,14.704070512243442,Low Value,0,0,Passive
2350,65,Male,Blouse,Clothing,34,New York,M,Orange,Fall,3.9,No,Standard,No,No,40,Credit Card,Every 3 Months,0.0,1394,0,41,1.0,4,0,0.28491396558623444,22.74953748722902,Low Value,1,0,Loyalist
2351,57,Male,Shoes,Footwear,26,Hawaii,M,Turquoise,Winter,4.2,No,Free Shipping,No,No,21,Cash,Annually,0.0,572,1,22,1.0,1,0,0.13605442176870747,10.41595005003929,Low Value,0,0,Passive
2352,38,Male,Sweater,Clothing,50,New Hampshire,S,Cyan,Fall,4.9,No,Store Pickup,No,No,25,PayPal,Bi-Weekly,0.0,1300,1,26,1.0,26,0,0.32666399893290643,24.667046887612944,Mid Value,0,0,Potential Loyalist
2353,70,Male,Boots,Footwear,46,Nebraska,M,Yellow,Fall,2.8,No,Store Pickup,No,No,25,Bank Transfer,Quarterly,0.0,1196,0,26,1.0,4,0,0.18287314925970388,16.249482918725143,Low Value,0,0,Passive
2354,56,Male,Handbag,Accessories,71,Montana,M,White,Fall,4.1,No,Standard,No,No,25,Debit Card,Every 3 Months,0.0,1846,1,26,1.0,4,0,0.18287314925970388,20.366151745646828,Low Value,0,0,Passive
2355,56,Male,Blouse,Clothing,78,Wisconsin,M,Blue,Summer,4.8,No,Next Day Air,No,No,27,Venmo,Monthly,0.0,2184,1,28,1.0,12,0,0.24876617313592103,25.801135916997602,Mid Value,1,0,Loyalist
2356,22,Male,Skirt,Clothing,35,Tennessee,S,Purple,Winter,4.1,No,Next Day Air,No,No,12,Cash,Monthly,0.0,455,1,13,1.0,12,0,0.14672535680939042,10.28471690426605,Low Value,0,0,Potential Loyalist
2357,57,Male,Backpack,Accessories,58,Montana,M,Gray,Summer,3.0,No,Free Shipping,No,No,27,Debit Card,Quarterly,0.0,1624,0,28,1.0,4,0,0.19647859143657465,19.481259382944017,Low Value,1,0,Loyalist
2358,53,Male,Shirt,Clothing,67,Michigan,L,Cyan,Fall,4.2,No,2-Day Shipping,No,No,40,Credit Card,Bi-Weekly,0.0,2747,1,41,1.0,26,0,0.42870481525943704,38.52271163955272,Mid Value,1,0,Loyalist
2359,53,Male,Sweater,Clothing,93,Texas,L,Pink,Spring,3.8,No,Standard,No,No,38,Credit Card,Quarterly,0.0,3627,0,39,1.0,4,0,0.2713085234093637,35.18892090941762,Mid Value,1,0,Loyalist
2360,19,Male,Scarf,Accessories,81,Pennsylvania,S,Gold,Spring,3.3,No,2-Day Shipping,No,No,44,Bank Transfer,Every 3 Months,0.0,3645,0,45,1.0,4,0,0.31212484993997597,37.42852372703032,Mid Value,1,0,Loyalist
2361,49,Male,Handbag,Accessories,80,New York,L,Silver,Fall,4.7,No,2-Day Shipping,No,No,27,Venmo,Every 3 Months,0.0,2240,1,28,1.0,4,0,0.19647859143657465,23.397695426649673,Low Value,1,0,Loyalist
2362,44,Male,Scarf,Accessories,64,Alabama,M,Gray,Spring,4.3,No,2-Day Shipping,No,No,30,Credit Card,Every 3 Months,0.0,1984,1,31,1.0,4,0,0.21688675470188074,22.95685896627226,Low Value,1,0,Loyalist
2363,27,Male,Jeans,Clothing,41,Virginia,M,Brown,Fall,2.7,No,Standard,No,No,24,Credit Card,Monthly,0.0,1025,0,25,1.0,12,0,0.22835800987061491,17.620065928092664,Low Value,0,0,Potential Loyalist
2364,60,Male,Socks,Clothing,79,Pennsylvania,XL,Pink,Winter,4.2,No,Express,No,No,38,Cash,Bi-Weekly,0.0,3081,1,39,1.0,26,0,0.4150993730825663,39.77850519917545,Mid Value,1,0,Loyalist
2365,62,Male,Sunglasses,Accessories,60,Mississippi,L,Maroon,Winter,4.2,No,Free Shipping,No,No,4,PayPal,Quarterly,0.0,300,1,5,1.0,4,0,0.04001600640256102,3.79385901607969,Low Value,0,0,Passive
2366,52,Male,Sneakers,Footwear,91,Wyoming,S,Peach,Winter,2.5,No,Next Day Air,No,No,32,Venmo,Monthly,0.0,3003,0,33,1.0,12,0,0.2827797785780979,32.113698853658256,Mid Value,1,0,Loyalist
2367,30,Male,Shoes,Footwear,66,New Mexico,L,Brown,Winter,3.6,No,Express,No,No,32,Credit Card,Fortnightly,0.0,2178,0,33,1.0,24,0,0.36121115112711755,31.354962754971993,Mid Value,1,0,Loyalist
2368,66,Male,Socks,Clothing,85,North Dakota,L,Green,Winter,3.4,No,Standard,No,No,28,Bank Transfer,Bi-Weekly,0.0,2465,0,29,1.0,26,0,0.3470721621982126,32.30607377797258,Mid Value,1,0,Loyalist
2369,29,Male,Sunglasses,Accessories,38,New Jersey,M,Lavender,Summer,3.3,No,Standard,No,No,6,Debit Card,Every 3 Months,0.0,266,0,7,1.0,4,0,0.05362144857943177,4.016136160571391,Low Value,0,0,Passive
2370,24,Male,Sweater,Clothing,23,Vermont,M,Cyan,Winter,4.6,No,Standard,No,No,24,PayPal,Monthly,0.0,575,1,25,1.0,12,0,0.22835800987061491,15.25861529802517,Low Value,0,0,Potential Loyalist
2371,51,Male,Shoes,Footwear,71,Alaska,M,Black,Spring,3.9,No,Store Pickup,No,No,38,Venmo,Weekly,0.0,2769,0,39,1.0,52,0,0.5850340136054422,46.53540170918852,High Value,1,0,Champion
2372,67,Male,Socks,Clothing,25,Indiana,M,Charcoal,Winter,3.7,No,Next Day Air,No,No,28,Debit Card,Annually,0.0,725,0,29,1.0,1,0,0.18367346938775508,13.517505190967762,Low Value,1,0,Loyalist
2373,50,Male,Boots,Footwear,39,Alabama,XL,Silver,Spring,3.1,No,Express,No,No,9,PayPal,Fortnightly,0.0,390,0,10,1.0,24,0,0.20474856609310388,12.646284669367786,Low Value,0,0,Potential Loyalist
2374,37,Male,Hoodie,Clothing,20,Michigan,M,Gray,Spring,4.9,No,Express,No,No,21,Debit Card,Every 3 Months,0.0,440,1,22,1.0,4,0,0.15566226490596236,10.663539088714494,Low Value,0,0,Passive
2375,69,Male,Gloves,Accessories,73,Washington,L,Peach,Winter,4.7,No,Standard,No,No,31,Debit Card,Monthly,0.0,2336,1,32,1.0,12,0,0.2759770574896625,28.118692392962263,Mid Value,1,0,Loyalist
2376,60,Male,Backpack,Accessories,63,Virginia,L,Peach,Fall,2.9,No,Next Day Air,No,No,18,Credit Card,Quarterly,0.0,1197,0,19,1.0,4,0,0.13525410164065627,13.766175353983442,Low Value,0,0,Passive
2377,21,Male,Gloves,Accessories,94,Tennessee,XL,Cyan,Spring,4.1,No,Express,No,No,5,Cash,Weekly,0.0,564,1,6,1.0,52,0,0.3605442176870748,22.10362119972928,Low Value,0,0,Potential Loyalist
2378,44,Male,Blouse,Clothing,94,South Dakota,L,Magenta,Fall,4.0,No,Next Day Air,No,No,22,Cash,Annually,0.0,2162,1,23,1.0,1,0,0.14285714285714285,20.135376802891557,Low Value,0,0,Passive
2379,26,Male,Scarf,Accessories,71,New Hampshire,L,Teal,Summer,2.7,No,Store Pickup,No,No,37,PayPal,Bi-Weekly,0.0,2698,0,38,1.0,26,0,0.40829665199413095,36.87865310270051,Mid Value,1,0,Loyalist
2380,40,Male,Hat,Accessories,77,South Dakota,M,Peach,Spring,4.0,No,2-Day Shipping,No,No,22,Debit Card,Monthly,0.0,1771,1,23,1.0,12,0,0.21475256769374415,21.59089883212487,Low Value,0,0,Potential Loyalist
2381,41,Male,Scarf,Accessories,66,Pennsylvania,M,Black,Fall,2.5,No,Next Day Air,No,No,36,PayPal,Fortnightly,0.0,2442,0,37,1.0,24,0,0.38842203548085896,34.332109575648275,Mid Value,1,0,Loyalist
2382,62,Male,Sandals,Footwear,23,Wisconsin,M,Teal,Summer,4.5,No,Free Shipping,No,No,23,PayPal,Annually,0.0,552,1,24,1.0,1,0,0.14965986394557823,11.009365135411661,Low Value,0,0,Passive
2383,39,Male,Sweater,Clothing,60,California,M,Turquoise,Spring,3.9,No,Express,No,No,44,Debit Card,Weekly,0.0,2700,0,45,1.0,52,0,0.6258503401360545,48.26264416974844,High Value,1,0,Champion
2384,53,Male,Backpack,Accessories,72,Rhode Island,L,Gold,Spring,4.9,No,2-Day Shipping,No,No,25,Bank Transfer,Annually,0.0,1872,1,26,1.0,1,0,0.16326530612244897,19.49430755929812,Low Value,0,0,Passive
2385,24,Male,Blouse,Clothing,35,Alabama,L,Green,Winter,3.3,No,2-Day Shipping,No,No,40,PayPal,Quarterly,0.0,1435,0,41,1.0,4,0,0.28491396558623444,22.990994666989526,Low Value,1,0,Loyalist
2386,41,Male,Scarf,Accessories,31,Oklahoma,M,Brown,Fall,3.8,No,Express,No,No,12,PayPal,Weekly,0.0,403,0,13,1.0,52,0,0.40816326530612246,23.35596769566266,Low Value,0,0,Potential Loyalist
2387,19,Male,Socks,Clothing,33,Illinois,L,Blue,Summer,2.9,No,Standard,No,No,14,Venmo,Monthly,0.0,495,0,15,1.0,12,0,0.16033079898626118,10.942794812227934,Low Value,0,0,Potential Loyalist
2388,36,Male,Hat,Accessories,95,Tennessee,M,Gold,Summer,4.0,No,2-Day Shipping,No,No,14,Debit Card,Monthly,0.0,1425,1,15,1.0,12,0,0.16033079898626118,16.70843950092868,Low Value,0,0,Potential Loyalist
2389,21,Male,Dress,Clothing,68,Alabama,M,Peach,Fall,4.1,No,Store Pickup,No,No,10,Debit Card,Annually,0.0,748,1,11,1.0,1,0,0.061224489795918366,7.540854247910627,Low Value,0,0,Passive
2390,25,Male,Coat,Outerwear,87,Kansas,M,Violet,Spring,3.1,No,Store Pickup,No,No,17,Bank Transfer,Every 3 Months,0.0,1566,0,18,1.0,4,0,0.12845138055222088,15.583690434078273,Low Value,0,0,Passive
2391,65,Male,Shirt,Clothing,64,Arizona,XL,Yellow,Winter,4.6,No,Express,No,No,24,Debit Card,Fortnightly,0.0,1600,1,25,1.0,24,0,0.3067893824196345,25.394898286093433,Mid Value,0,0,Potential Loyalist
2392,42,Male,Shirt,Clothing,74,Michigan,M,Black,Winter,4.6,No,Next Day Air,No,No,31,Bank Transfer,Quarterly,0.0,2368,1,32,1.0,4,0,0.22368947579031612,25.573911114461843,Mid Value,1,0,Loyalist
2393,40,Male,Jeans,Clothing,62,Missouri,L,Silver,Spring,2.6,No,2-Day Shipping,No,No,36,Cash,Annually,0.0,2294,0,37,1.0,1,0,0.23809523809523808,25.602455518434653,Mid Value,1,0,Loyalist
2394,58,Male,Socks,Clothing,97,Louisiana,M,Brown,Winter,5.0,No,2-Day Shipping,No,No,38,PayPal,Every 3 Months,0.0,3783,1,39,1.0,4,0,0.2713085234093637,36.39632518020052,Mid Value,1,0,Loyalist
2395,40,Male,Sandals,Footwear,47,Connecticut,L,Peach,Fall,2.9,No,2-Day Shipping,No,No,23,Debit Card,Fortnightly,0.0,1128,0,24,1.0,24,0,0.2999866613311991,21.970907433553,Low Value,0,0,Potential Loyalist
2396,62,Male,Blouse,Clothing,83,Connecticut,M,Cyan,Winter,3.5,No,2-Day Shipping,No,No,47,PayPal,Bi-Weekly,0.0,3984,0,48,1.0,26,0,0.4763238628784847,48.008159045368714,High Value,1,0,Champion
2397,38,Male,Shirt,Clothing,82,Oregon,M,Olive,Spring,3.7,No,2-Day Shipping,No,No,20,Venmo,Weekly,0.0,1722,0,21,1.0,52,0,0.4625850340136054,33.9686181465411,Mid Value,0,0,Potential Loyalist
2398,37,Male,Sunglasses,Accessories,26,West Virginia,L,Black,Fall,2.9,No,Store Pickup,No,No,41,Venmo,Monthly,0.0,1092,0,42,1.0,12,0,0.3440042683740162,24.059834436763637,Low Value,1,0,Loyalist
2399,65,Male,Jacket,Outerwear,81,Florida,M,Orange,Winter,4.3,No,Free Shipping,No,No,44,Bank Transfer,Fortnightly,0.0,3645,1,45,1.0,24,0,0.442843804188342,44.55030203158139,High Value,1,0,Champion
2400,55,Male,Dress,Clothing,44,New Hampshire,L,Beige,Spring,3.2,No,Store Pickup,No,No,31,Cash,Monthly,0.0,1408,0,32,1.0,12,0,0.2759770574896625,22.364826103274225,Low Value,1,0,Loyalist
2401,43,Male,Sunglasses,Accessories,88,Oregon,M,Peach,Winter,4.2,No,Next Day Air,No,No,11,Credit Card,Bi-Weekly,0.0,1056,1,12,1.0,26,0,0.23142590369481122,18.251688679566513,Low Value,0,0,Potential Loyalist
2402,43,Male,Boots,Footwear,76,Oregon,M,Pink,Winter,4.2,No,Standard,No,No,25,PayPal,Bi-Weekly,0.0,1976,1,26,1.0,26,0,0.32666399893290643,28.64814575390811,Mid Value,0,0,Potential Loyalist
2403,45,Male,Scarf,Accessories,89,Utah,M,Brown,Winter,3.8,No,Free Shipping,No,No,31,Cash,Weekly,0.0,2848,0,32,1.0,52,0,0.5374149659863945,44.51145170594242,High Value,1,0,Champion
2404,64,Male,Shorts,Clothing,22,Missouri,M,Magenta,Fall,4.4,No,Standard,No,No,40,Debit Card,Weekly,0.0,902,1,41,1.0,52,0,0.5986394557823129,36.54015445411713,Mid Value,1,0,Loyalist
2405,28,Male,Shorts,Clothing,33,West Virginia,L,Cyan,Winter,3.1,No,2-Day Shipping,No,No,23,Credit Card,Bi-Weekly,0.0,792,0,24,1.0,26,0,0.3130585567560357,20.67544531509406,Low Value,0,0,Potential Loyalist
2406,69,Male,Jeans,Clothing,97,California,XL,Silver,Fall,5.0,No,Standard,No,No,5,Debit Card,Quarterly,0.0,582,1,6,1.0,4,0,0.046818727490996394,5.810212814621187,Low Value,0,0,Passive
2407,54,Male,Scarf,Accessories,57,California,M,Indigo,Winter,4.7,No,Standard,No,No,26,PayPal,Weekly,0.0,1539,1,27,1.0,52,0,0.5034013605442177,35.313181011168396,Mid Value,1,0,Loyalist
2408,52,Male,Shorts,Clothing,38,Illinois,M,Beige,Summer,3.0,No,Express,No,No,11,Credit Card,Bi-Weekly,0.0,456,0,12,1.0,26,0,0.23142590369481122,14.429479827962519,Low Value,0,0,Potential Loyalist
2409,23,Male,Sneakers,Footwear,55,Hawaii,XL,Black,Fall,4.2,No,Next Day Air,No,No,44,Debit Card,Every 3 Months,0.0,2475,1,45,1.0,4,0,0.31212484993997597,30.826849452388082,Mid Value,1,0,Loyalist
2410,26,Male,Jewelry,Accessories,37,Washington,L,Yellow,Spring,3.0,No,Store Pickup,No,No,47,Cash,Every 3 Months,0.0,1776,0,48,1.0,4,0,0.3325330132052821,27.48840846290423,Mid Value,1,0,Loyalist
2411,48,Male,Shoes,Footwear,43,Wisconsin,M,Maroon,Summer,3.7,No,Free Shipping,No,No,46,PayPal,Monthly,0.0,2021,0,47,1.0,12,0,0.3780178738161931,31.30889846691493,Mid Value,1,0,Loyalist
2412,49,Male,Hoodie,Clothing,96,Virginia,M,Cyan,Summer,2.7,No,Free Shipping,No,No,35,Cash,Every 3 Months,0.0,3456,0,36,1.0,4,0,0.2509003601440576,33.115069180581955,Mid Value,1,0,Loyalist
2413,53,Male,Jacket,Outerwear,51,Oregon,M,Pink,Winter,4.3,No,2-Day Shipping,No,No,8,Bank Transfer,Bi-Weekly,0.0,459,1,9,1.0,26,0,0.2110177404295051,13.669037961024127,Low Value,0,0,Potential Loyalist
2414,69,Male,Shorts,Clothing,95,Pennsylvania,XL,Violet,Fall,2.7,No,2-Day Shipping,No,No,30,Bank Transfer,Weekly,0.0,2945,0,31,1.0,52,0,0.5306122448979591,44.72710452030901,High Value,1,0,Champion
2415,26,Male,Socks,Clothing,26,Virginia,M,Lavender,Summer,3.7,No,Next Day Air,No,No,14,Credit Card,Bi-Weekly,0.0,390,0,15,1.0,26,0,0.25183406696011734,15.107591273792334,Low Value,0,0,Potential Loyalist
2416,21,Male,Coat,Outerwear,34,Hawaii,XL,Lavender,Fall,4.3,No,Standard,No,No,30,Bank Transfer,Weekly,0.0,1054,1,31,1.0,52,0,0.5306122448979591,33.87931740158569,Mid Value,1,0,Loyalist
2417,59,Male,Sandals,Footwear,83,Nebraska,S,Black,Summer,4.0,No,Next Day Air,No,No,26,Credit Card,Every 3 Months,0.0,2241,1,27,1.0,4,0,0.18967587034813926,23.0479850884063,Low Value,1,0,Loyalist
2418,21,Male,Backpack,Accessories,24,Alaska,M,Olive,Fall,3.3,No,Standard,No,No,32,Venmo,Fortnightly,0.0,792,0,33,1.0,24,0,0.36121115112711755,23.192532239165626,Low Value,1,0,Loyalist
2419,22,Male,Pants,Clothing,69,Michigan,S,Indigo,Fall,4.0,No,Next Day Air,No,No,47,Cash,Every 3 Months,0.0,3312,1,48,1.0,4,0,0.3325330132052821,36.82290805245538,Mid Value,1,0,Loyalist
2420,26,Male,Sweater,Clothing,40,North Carolina,M,Blue,Fall,2.7,No,Next Day Air,No,No,11,Credit Card,Every 3 Months,0.0,480,0,12,1.0,4,0,0.08763505402160864,7.054422543679719,Low Value,0,0,Passive
2421,41,Male,Jacket,Outerwear,87,North Carolina,S,Green,Winter,4.2,No,Free Shipping,No,No,28,PayPal,Annually,0.0,2523,1,29,1.0,1,0,0.18367346938775508,24.39497505118361,Mid Value,1,0,Loyalist
2422,37,Male,Sneakers,Footwear,46,Minnesota,L,Pink,Spring,4.6,No,Standard,No,No,2,Debit Card,Every 3 Months,0.0,138,1,3,1.0,4,0,0.026410564225690276,2.1286096205509275,Low Value,0,0,Passive
2423,30,Male,Jewelry,Accessories,82,Georgia,M,Peach,Winter,4.8,No,Store Pickup,No,No,45,Credit Card,Weekly,0.0,3772,1,46,1.0,52,0,0.6326530612244898,55.22015472610116,High Value,1,0,Champion
2424,49,Male,Backpack,Accessories,81,West Virginia,M,Purple,Summer,2.8,No,Free Shipping,No,No,7,Credit Card,Every 3 Months,0.0,648,0,8,1.0,4,0,0.06042416966786714,6.621409909748269,Low Value,0,0,Passive
2425,49,Male,Jewelry,Accessories,57,Delaware,M,Peach,Winter,4.5,No,Next Day Air,No,No,28,Bank Transfer,Bi-Weekly,0.0,1653,1,29,1.0,26,0,0.3470721621982126,27.812732926605005,Mid Value,1,0,Loyalist
2426,58,Male,Shoes,Footwear,49,North Dakota,S,Olive,Summer,3.0,No,2-Day Shipping,No,No,34,Bank Transfer,Quarterly,0.0,1715,0,35,1.0,4,0,0.2440976390556222,22.506373302270262,Low Value,1,0,Loyalist
2427,70,Male,Jacket,Outerwear,42,Florida,M,Olive,Fall,4.6,No,Free Shipping,No,No,26,Debit Card,Every 3 Months,0.0,1134,1,27,1.0,4,0,0.18967587034813926,16.52864123487264,Low Value,1,0,Loyalist
2428,27,Male,Jacket,Outerwear,26,Oregon,M,Purple,Spring,3.3,No,Standard,No,No,45,Cash,Quarterly,0.0,1196,0,46,1.0,4,0,0.31892757102841135,23.36147367371958,Low Value,1,0,Loyalist
2429,65,Male,T-shirt,Clothing,38,Idaho,M,Violet,Spring,4.4,No,Next Day Air,No,No,34,Debit Card,Annually,0.0,1330,1,35,1.0,1,0,0.22448979591836732,19.502757266601858,Low Value,1,0,Loyalist
2430,57,Male,Sneakers,Footwear,57,Virginia,XL,Maroon,Summer,4.4,No,Standard,No,No,47,Credit Card,Fortnightly,0.0,2736,1,48,1.0,24,0,0.46325196745364816,40.26381829355495,Mid Value,1,0,Loyalist
2431,20,Male,Jacket,Outerwear,100,North Dakota,XL,White,Summer,4.3,No,Express,No,No,42,Cash,Quarterly,0.0,4300,1,43,1.0,4,0,0.2985194077631052,40.86343947598433,Mid Value,1,0,Loyalist
2432,34,Male,Hoodie,Clothing,73,Alabama,S,Olive,Fall,3.4,No,Express,No,No,27,Bank Transfer,Every 3 Months,0.0,2044,0,28,1.0,4,0,0.19647859143657465,21.95472317561261,Low Value,1,0,Loyalist
2433,59,Male,Jacket,Outerwear,66,Hawaii,M,Peach,Winter,2.8,No,Store Pickup,No,No,43,Venmo,Monthly,0.0,2904,0,44,1.0,12,0,0.35760971055088697,35.44226301777617,Mid Value,1,0,Loyalist
2434,54,Male,T-shirt,Clothing,73,Oregon,M,Blue,Spring,3.4,No,Standard,No,No,16,Cash,Bi-Weekly,0.0,1241,0,17,1.0,26,0,0.2654395091369881,20.830499129198863,Low Value,0,0,Potential Loyalist
2435,36,Male,Gloves,Accessories,45,Utah,M,Brown,Spring,5.0,No,Store Pickup,No,No,40,Credit Card,Monthly,0.0,1845,1,41,1.0,12,0,0.3372015472855808,28.427491275090045,Mid Value,1,0,Loyalist
2436,21,Male,Sneakers,Footwear,27,Hawaii,S,Black,Fall,4.5,No,Free Shipping,No,No,29,Cash,Bi-Weekly,0.0,810,1,30,1.0,26,0,0.35387488328664796,23.203737280498473,Low Value,1,0,Loyalist
2437,52,Male,T-shirt,Clothing,24,Connecticut,M,Yellow,Fall,2.7,No,Store Pickup,No,No,38,Credit Card,Quarterly,0.0,936,0,39,1.0,4,0,0.2713085234093637,19.341085037819532,Low Value,1,0,Loyalist
2438,43,Male,Sneakers,Footwear,59,Wyoming,XL,Magenta,Winter,3.4,No,Store Pickup,No,No,34,Credit Card,Weekly,0.0,2065,0,35,1.0,52,0,0.5578231292517006,40.967007105716554,Mid Value,1,0,Loyalist
2439,32,Male,Jeans,Clothing,20,Delaware,S,Cyan,Winter,3.4,No,Express,No,No,30,Venmo,Weekly,0.0,620,0,31,1.0,52,0,0.5306122448979591,31.034715668036423,Mid Value,1,0,Loyalist
2440,55,Male,Handbag,Accessories,44,Arkansas,M,Maroon,Summer,2.8,No,Standard,No,No,45,Bank Transfer,Annually,0.0,2024,0,46,1.0,1,0,0.29931972789115646,27.21276749146663,Mid Value,1,0,Loyalist
2441,31,Male,Socks,Clothing,90,Indiana,M,Red,Spring,4.7,No,Standard,No,No,47,Bank Transfer,Annually,0.0,4320,1,48,1.0,1,0,0.3129251700680272,41.73425778134611,Mid Value,1,0,Loyalist
2442,45,Male,Jewelry,Accessories,36,California,M,Black,Fall,4.7,No,Free Shipping,No,No,5,Credit Card,Monthly,0.0,216,1,6,1.0,12,0,0.0991063091903428,6.38800145799944,Low Value,0,0,Potential Loyalist
2443,53,Male,Blouse,Clothing,95,Wyoming,L,Violet,Winter,4.7,No,Free Shipping,No,No,50,Debit Card,Bi-Weekly,0.0,4845,1,51,1.0,26,0,0.4967320261437908,54.43424758138023,High Value,1,0,Champion
2444,24,Male,Backpack,Accessories,30,South Dakota,M,Green,Spring,3.4,No,2-Day Shipping,No,No,24,Bank Transfer,Bi-Weekly,0.0,750,0,25,1.0,26,0,0.3198612778444711,20.78369847357692,Low Value,0,0,Potential Loyalist
2445,47,Male,Scarf,Accessories,65,West Virginia,S,Gold,Fall,3.7,No,Express,No,No,15,Debit Card,Bi-Weekly,0.0,1040,0,16,1.0,26,0,0.2586367880485527,19.291170490672027,Low Value,0,0,Potential Loyalist
2446,63,Male,Scarf,Accessories,96,Tennessee,M,Brown,Summer,4.1,No,Store Pickup,No,No,50,Cash,Weekly,0.0,4896,1,51,1.0,52,0,0.6666666666666666,63.61761265999143,High Value,1,0,Champion
2447,38,Male,Shirt,Clothing,65,Alaska,L,Peach,Spring,2.9,No,2-Day Shipping,No,No,7,Credit Card,Monthly,0.0,520,0,8,1.0,12,0,0.11271175136721354,8.600828035638722,Low Value,0,0,Potential Loyalist
2448,59,Male,Pants,Clothing,47,South Dakota,L,Peach,Fall,3.2,No,Store Pickup,No,No,10,Venmo,Fortnightly,0.0,517,0,11,1.0,24,0,0.21155128718153926,13.749812544424447,Low Value,0,0,Potential Loyalist
2449,54,Male,Hat,Accessories,25,Tennessee,S,Violet,Fall,3.0,No,Free Shipping,No,No,38,PayPal,Bi-Weekly,0.0,975,0,39,1.0,26,0,0.4150993730825663,27.08716189100263,Mid Value,1,0,Loyalist
2450,26,Male,Coat,Outerwear,56,Alabama,S,Violet,Fall,4.1,No,Express,No,No,31,Venmo,Fortnightly,0.0,1792,1,32,1.0,24,0,0.35440843003868217,29.014821355561416,Mid Value,1,0,Loyalist
2451,68,Male,T-shirt,Clothing,76,North Carolina,M,Magenta,Fall,4.5,No,Standard,No,No,7,Venmo,Quarterly,0.0,608,1,8,1.0,4,0,0.06042416966786714,6.674531077285832,Low Value,0,0,Passive
2452,41,Male,Socks,Clothing,60,Oklahoma,M,Purple,Fall,3.4,No,Store Pickup,No,No,27,Venmo,Monthly,0.0,1680,0,28,1.0,12,0,0.24876617313592103,22.54429021800357,Low Value,1,0,Loyalist
2453,68,Male,Shirt,Clothing,67,New York,L,Purple,Winter,4.1,No,Express,No,No,45,Bank Transfer,Every 3 Months,0.0,3082,1,46,1.0,4,0,0.31892757102841135,34.75719309049457,Mid Value,1,0,Loyalist
2454,21,Male,Sweater,Clothing,95,Iowa,XL,Cyan,Spring,4.6,No,Store Pickup,No,No,13,Cash,Annually,0.0,1330,1,14,1.0,1,0,0.08163265306122448,12.0351669738577,Low Value,0,0,Passive
2455,32,Male,Gloves,Accessories,72,Alaska,M,Magenta,Winter,4.6,No,Express,No,No,33,Venmo,Annually,0.0,2448,1,34,1.0,1,0,0.21768707482993194,25.731282776955684,Mid Value,1,0,Loyalist
2456,20,Male,Belt,Accessories,98,Alaska,L,Lavender,Spring,3.4,No,Express,No,No,25,Cash,Every 3 Months,0.0,2548,0,26,1.0,4,0,0.18287314925970388,24.211680651315483,Low Value,0,0,Passive
2457,59,Male,Jeans,Clothing,83,Nebraska,M,Green,Winter,3.3,No,2-Day Shipping,No,No,5,PayPal,Monthly,0.0,498,0,6,1.0,12,0,0.0991063091903428,7.760066570999498,Low Value,0,0,Potential Loyalist
2458,53,Male,Handbag,Accessories,37,Delaware,M,Maroon,Fall,3.6,No,2-Day Shipping,No,No,23,Cash,Quarterly,0.0,888,0,24,1.0,4,0,0.16926770708283312,13.72441039526873,Low Value,0,0,Passive
2459,66,Male,T-shirt,Clothing,85,Texas,L,Turquoise,Fall,4.6,No,Free Shipping,No,No,17,Bank Transfer,Weekly,0.0,1530,1,18,1.0,52,0,0.44217687074829926,32.05978237586372,Mid Value,0,0,Potential Loyalist
2460,47,Male,Socks,Clothing,36,Missouri,L,Violet,Fall,4.3,No,2-Day Shipping,No,No,14,Cash,Weekly,0.0,540,1,15,1.0,52,0,0.42176870748299317,25.162676251324285,Mid Value,0,0,Potential Loyalist
2461,58,Male,Jeans,Clothing,36,Maine,S,Lavender,Winter,4.0,No,Store Pickup,No,No,28,Credit Card,Annually,0.0,1044,1,29,1.0,1,0,0.18367346938775508,15.68484898128634,Low Value,1,0,Loyalist
2462,28,Male,Scarf,Accessories,86,Pennsylvania,L,Red,Summer,4.8,No,Next Day Air,No,No,19,Credit Card,Weekly,0.0,1720,1,20,1.0,52,0,0.45578231292517,33.889929357570374,Mid Value,0,0,Potential Loyalist
2463,68,Male,Pants,Clothing,99,Missouri,XL,Orange,Spring,4.3,No,Standard,No,No,31,Bank Transfer,Bi-Weekly,0.0,3168,1,32,1.0,26,0,0.3674803254635187,37.801668791980184,Mid Value,1,0,Loyalist
2464,60,Male,Blouse,Clothing,21,Mississippi,XL,Indigo,Summer,3.3,No,Standard,No,No,25,Cash,Bi-Weekly,0.0,546,0,26,1.0,26,0,0.32666399893290643,19.93790131203047,Low Value,0,0,Potential Loyalist
2465,47,Male,Jacket,Outerwear,84,Hawaii,L,Teal,Winter,2.8,No,Express,No,No,4,Cash,Bi-Weekly,0.0,420,0,5,1.0,26,0,0.1838068560757636,11.728271881485727,Low Value,0,0,Potential Loyalist
2466,18,Male,Sandals,Footwear,63,Texas,M,Brown,Spring,4.4,No,Free Shipping,No,No,20,Bank Transfer,Weekly,0.0,1323,1,21,1.0,52,0,0.4625850340136054,31.907516691297637,Mid Value,0,0,Potential Loyalist
2467,32,Male,Shorts,Clothing,84,South Dakota,S,Pink,Summer,3.7,No,Express,No,No,37,Cash,Annually,0.0,3192,0,38,1.0,1,0,0.24489795918367346,31.246556212890088,Mid Value,1,0,Loyalist
2468,27,Male,Shorts,Clothing,72,New Jersey,M,Lavender,Spring,3.6,No,Express,No,No,28,Credit Card,Annually,0.0,2088,0,29,1.0,1,0,0.18367346938775508,21.544484118127997,Low Value,1,0,Loyalist
2469,65,Male,Skirt,Clothing,21,Connecticut,L,Cyan,Winter,3.7,No,2-Day Shipping,No,No,6,Venmo,Weekly,0.0,147,0,7,1.0,52,0,0.36734693877551017,19.71473539553775,Low Value,0,0,Potential Loyalist
2470,68,Male,Sandals,Footwear,92,Maryland,M,Yellow,Fall,5.0,No,Standard,No,No,27,PayPal,Annually,0.0,2576,1,28,1.0,1,0,0.17687074829931973,24.351503087270643,Low Value,1,0,Loyalist
2471,55,Male,Blouse,Clothing,72,Arizona,XL,Pink,Fall,2.7,No,Next Day Air,No,No,29,Credit Card,Fortnightly,0.0,2160,0,30,1.0,24,0,0.3408029878618114,30.182158550608456,Mid Value,1,0,Loyalist
2472,30,Male,Sandals,Footwear,83,Oklahoma,M,Gray,Spring,4.3,No,Store Pickup,No,No,1,Cash,Annually,0.0,166,1,2,1.0,1,0,0.0,0.912944295465211,Low Value,0,0,Passive
2473,24,Male,Shirt,Clothing,73,Utah,M,Peach,Summer,4.1,No,Standard,No,No,31,Credit Card,Annually,0.0,2336,1,32,1.0,1,0,0.20408163265306123,24.360493356744616,Low Value,1,0,Loyalist
2474,57,Male,Socks,Clothing,98,Arkansas,M,Red,Winter,2.6,No,Next Day Air,No,No,28,Cash,Quarterly,0.0,2842,0,29,1.0,4,0,0.20328131252500997,27.009903919432666,Mid Value,1,0,Loyalist
2475,23,Male,T-shirt,Clothing,76,North Carolina,M,Olive,Fall,3.2,No,Store Pickup,No,No,19,Bank Transfer,Quarterly,0.0,1520,0,20,1.0,4,0,0.14205682272909165,16.023986332285446,Low Value,0,0,Passive
2476,69,Male,Dress,Clothing,43,California,S,Lavender,Summer,3.5,No,Next Day Air,No,No,36,Venmo,Monthly,0.0,1591,0,37,1.0,12,0,0.3099906629318394,25.22054730168558,Mid Value,1,0,Loyalist
2477,60,Male,Hat,Accessories,60,Colorado,M,Turquoise,Summer,3.7,No,Next Day Air,No,No,28,Cash,Monthly,0.0,1740,0,29,1.0,12,0,0.25556889422435636,23.25324172613452,Low Value,1,0,Loyalist
2478,25,Male,Gloves,Accessories,40,California,L,Turquoise,Spring,3.8,No,2-Day Shipping,No,No,29,PayPal,Weekly,0.0,1200,0,30,1.0,52,0,0.5238095238095237,34.09485184397191,Mid Value,1,0,Loyalist
2479,18,Male,Socks,Clothing,93,Vermont,S,Maroon,Winter,4.8,No,2-Day Shipping,No,No,9,Bank Transfer,Every 3 Months,0.0,930,1,10,1.0,4,0,0.07402961184473789,9.282052393831199,Low Value,0,0,Passive
2480,37,Male,Dress,Clothing,98,Kansas,S,Olive,Fall,4.2,No,Standard,No,No,26,Credit Card,Every 3 Months,0.0,2646,1,27,1.0,4,0,0.18967587034813926,25.433110888479593,Mid Value,1,0,Loyalist
2481,61,Male,Socks,Clothing,91,Ohio,XL,Maroon,Summer,2.9,No,Next Day Air,No,No,7,Credit Card,Fortnightly,0.0,728,0,8,1.0,24,0,0.19114312391623314,13.92563502701593,Low Value,0,0,Potential Loyalist
2482,41,Male,Belt,Accessories,92,New Jersey,XL,Cyan,Fall,2.9,No,Free Shipping,No,No,35,Debit Card,Weekly,0.0,3312,0,36,1.0,52,0,0.564625850340136,48.66643842788947,High Value,1,0,Champion
2483,69,Male,Handbag,Accessories,87,Arizona,S,Peach,Winter,4.8,No,Next Day Air,No,No,46,Credit Card,Every 3 Months,0.0,4089,1,47,1.0,4,0,0.32573029211684673,41.04321653114256,Mid Value,1,0,Loyalist
2484,32,Male,Skirt,Clothing,96,Arizona,S,Teal,Fall,2.9,No,Standard,No,No,8,Debit Card,Monthly,0.0,864,0,9,1.0,12,0,0.11951447245564892,10.982312203574155,Low Value,0,0,Potential Loyalist
2485,60,Male,Hoodie,Clothing,97,New Hampshire,M,Green,Summer,4.8,No,2-Day Shipping,No,No,50,Cash,Every 3 Months,0.0,4947,1,51,1.0,4,0,0.3529411764705882,47.51854785859301,High Value,1,0,Champion
2486,43,Male,Blouse,Clothing,55,Louisiana,M,Beige,Spring,4.6,No,2-Day Shipping,No,No,37,Bank Transfer,Annually,0.0,2090,1,38,1.0,1,0,0.24489795918367346,25.04534750467991,Mid Value,1,0,Loyalist
2487,61,Male,Jeans,Clothing,58,Texas,L,Magenta,Spring,4.4,No,Store Pickup,No,No,6,Credit Card,Fortnightly,0.0,406,1,7,1.0,24,0,0.1843404028277978,11.962402396012001,Low Value,0,0,Potential Loyalist
2488,57,Male,Boots,Footwear,21,Montana,L,Violet,Spring,3.0,No,Next Day Air,No,No,16,PayPal,Bi-Weekly,0.0,357,0,17,1.0,26,0,0.2654395091369881,15.624446765582103,Low Value,0,0,Potential Loyalist
2489,56,Male,Handbag,Accessories,82,New Hampshire,XL,Charcoal,Summer,4.4,No,Express,No,No,30,PayPal,Monthly,0.0,2542,1,31,1.0,12,0,0.2691743364012271,28.976267953521422,Mid Value,1,0,Loyalist
2490,66,Male,Coat,Outerwear,34,South Dakota,M,Green,Winter,3.9,No,Express,No,No,50,Venmo,Quarterly,0.0,1734,0,51,1.0,4,0,0.3529411764705882,28.307860696886532,Mid Value,1,0,Loyalist
2491,52,Male,Blouse,Clothing,78,Montana,M,Gray,Spring,4.0,No,Free Shipping,No,No,5,Cash,Every 3 Months,0.0,468,1,6,1.0,4,0,0.046818727490996394,5.138844070896852,Low Value,0,0,Passive
2492,63,Male,Handbag,Accessories,47,North Carolina,M,Magenta,Spring,2.5,No,Express,No,No,15,Bank Transfer,Monthly,0.0,752,0,16,1.0,12,0,0.16713352007469653,12.811918623110582,Low Value,0,0,Potential Loyalist
2493,50,Male,Sunglasses,Accessories,96,South Dakota,S,Silver,Summer,4.1,No,Next Day Air,No,No,34,Bank Transfer,Bi-Weekly,0.0,3360,1,35,1.0,26,0,0.3878884887288248,39.999193710449276,Mid Value,1,0,Loyalist
2494,21,Male,Socks,Clothing,23,Maine,S,Beige,Fall,4.8,No,2-Day Shipping,No,No,6,Venmo,Every 3 Months,0.0,161,1,7,1.0,4,0,0.05362144857943177,3.686459360195953,Low Value,0,0,Passive
2495,42,Male,Shoes,Footwear,27,Oklahoma,S,Peach,Winter,2.6,No,Store Pickup,No,No,26,Debit Card,Annually,0.0,729,0,27,1.0,1,0,0.17006802721088435,12.829862913493736,Low Value,1,0,Loyalist
2496,40,Male,Backpack,Accessories,37,Nebraska,XL,Orange,Spring,3.1,No,Free Shipping,No,No,34,Credit Card,Every 3 Months,0.0,1295,0,35,1.0,4,0,0.2440976390556222,20.03290950960167,Low Value,1,0,Loyalist
2497,67,Male,Scarf,Accessories,79,Illinois,S,Yellow,Summer,3.2,No,Store Pickup,No,No,37,Credit Card,Weekly,0.0,3002,0,38,1.0,52,0,0.5782312925170068,47.55198565641924,High Value,1,0,Champion
2498,35,Male,Backpack,Accessories,40,Colorado,M,Violet,Summer,4.2,No,Standard,No,No,28,Bank Transfer,Annually,0.0,1160,1,29,1.0,1,0,0.18367346938775508,16.367996124023378,Low Value,1,0,Loyalist
2499,18,Male,Coat,Outerwear,39,Massachusetts,S,Green,Fall,2.6,No,Next Day Air,No,No,38,Cash,Fortnightly,0.0,1521,0,39,1.0,24,0,0.4020274776577297,29.619355905795867,Mid Value,1,0,Loyalist
2500,52,Male,Hoodie,Clothing,73,Louisiana,L,Pink,Summer,3.1,No,Next Day Air,No,No,2,Cash,Quarterly,0.0,219,0,3,1.0,4,0,0.026410564225690276,2.316945632773876,Low Value,0,0,Passive
2501,59,Male,Gloves,Accessories,84,Massachusetts,M,Violet,Fall,2.9,No,Store Pickup,No,No,32,Cash,Bi-Weekly,0.0,2772,0,33,1.0,26,0,0.3742830465519541,35.53645617742209,Mid Value,1,0,Loyalist
2502,49,Male,Shorts,Clothing,94,West Virginia,M,Violet,Fall,4.6,No,Free Shipping,No,No,30,Venmo,Bi-Weekly,0.0,2914,1,31,1.0,26,0,0.36067760437508334,35.95021257961659,Mid Value,1,0,Loyalist
2503,46,Male,Skirt,Clothing,47,Idaho,L,Pink,Spring,4.1,No,Standard,No,No,17,PayPal,Every 3 Months,0.0,846,1,18,1.0,4,0,0.12845138055222088,11.632155937295252,Low Value,0,0,Passive
2504,69,Male,Boots,Footwear,77,Ohio,M,Violet,Summer,2.5,No,Store Pickup,No,No,5,Debit Card,Bi-Weekly,0.0,462,0,6,1.0,26,0,0.190609577164199,12.331217798502312,Low Value,0,0,Potential Loyalist
2505,56,Male,Shorts,Clothing,94,Rhode Island,M,Turquoise,Winter,4.0,No,Store Pickup,No,No,31,Cash,Bi-Weekly,0.0,3008,1,32,1.0,26,0,0.3674803254635187,36.85939687096357,Mid Value,1,0,Loyalist
2506,27,Male,Handbag,Accessories,75,Illinois,M,Cyan,Summer,3.5,No,Express,No,No,43,PayPal,Quarterly,0.0,3300,0,44,1.0,4,0,0.3053221288515406,35.041150359588535,Mid Value,1,0,Loyalist
2507,57,Male,Dress,Clothing,82,New York,XL,Orange,Spring,4.4,No,Free Shipping,No,No,19,Venmo,Annually,0.0,1640,1,20,1.0,1,0,0.12244897959183673,15.994416047325712,Low Value,0,0,Passive
2508,58,Male,Shoes,Footwear,36,Louisiana,M,Cyan,Fall,2.9,No,Store Pickup,No,No,32,Credit Card,Every 3 Months,0.0,1188,0,33,1.0,4,0,0.2304921968787515,18.691566086922364,Low Value,1,0,Loyalist
2509,23,Male,Sneakers,Footwear,90,California,XL,Indigo,Spring,3.1,No,2-Day Shipping,No,No,5,Debit Card,Bi-Weekly,0.0,540,0,6,1.0,26,0,0.190609577164199,12.790575359997908,Low Value,0,0,Potential Loyalist
2510,19,Male,Socks,Clothing,48,Washington,M,Black,Spring,4.4,No,Free Shipping,No,No,9,Bank Transfer,Quarterly,0.0,480,1,10,1.0,4,0,0.07402961184473789,6.631912615971987,Low Value,0,0,Passive
2511,40,Male,Jacket,Outerwear,42,South Dakota,L,Purple,Winter,4.4,No,Standard,No,No,48,Credit Card,Weekly,0.0,2058,1,49,1.0,52,0,0.6530612244897959,46.192865385459896,High Value,1,0,Champion
2512,54,Male,Backpack,Accessories,33,Idaho,M,Cyan,Summer,2.7,No,Store Pickup,No,No,1,PayPal,Quarterly,0.0,66,0,2,1.0,4,0,0.0196078431372549,1.0602985705520251,Low Value,0,0,Passive
2513,50,Male,Socks,Clothing,63,North Dakota,M,Green,Summer,4.9,No,Free Shipping,No,No,20,Credit Card,Monthly,0.0,1323,1,21,1.0,12,0,0.2011471255168734,18.24133837777892,Low Value,0,0,Potential Loyalist
2514,69,Male,Handbag,Accessories,53,Washington,L,Teal,Winter,3.5,No,2-Day Shipping,No,No,42,Cash,Annually,0.0,2279,0,43,1.0,1,0,0.2789115646258503,27.647714752337677,Mid Value,1,0,Loyalist
2515,42,Male,Hat,Accessories,37,Alaska,L,Teal,Spring,4.8,No,Free Shipping,No,No,45,PayPal,Bi-Weekly,0.0,1702,1,46,1.0,26,0,0.46271842070161395,34.14649584416161,Mid Value,1,0,Loyalist
2516,37,Male,Blouse,Clothing,92,Kansas,M,Magenta,Summer,4.2,No,2-Day Shipping,No,No,41,Cash,Monthly,0.0,3864,1,42,1.0,12,0,0.3440042683740162,40.67338461616809,Mid Value,1,0,Loyalist
2517,46,Male,Shorts,Clothing,73,Utah,XL,Brown,Spring,4.6,No,Standard,No,No,36,Debit Card,Quarterly,0.0,2701,1,37,1.0,4,0,0.25770308123249297,29.313012238826264,Mid Value,1,0,Loyalist
2518,64,Male,Shirt,Clothing,38,Wyoming,L,Orange,Spring,2.9,No,Standard,No,No,10,Venmo,Annually,0.0,418,0,11,1.0,1,0,0.061224489795918366,5.308729263022159,Low Value,0,0,Passive
2519,20,Male,Boots,Footwear,51,Maine,XL,Blue,Fall,4.0,No,Store Pickup,No,No,31,Venmo,Annually,0.0,1632,1,32,1.0,1,0,0.20408163265306123,20.21449690427154,Low Value,1,0,Loyalist
2520,40,Male,Jacket,Outerwear,90,Michigan,L,Magenta,Spring,4.9,No,Standard,No,No,21,Credit Card,Quarterly,0.0,1980,1,22,1.0,4,0,0.15566226490596236,19.732906328499347,Low Value,0,0,Passive
2521,64,Male,Jacket,Outerwear,56,Illinois,L,Magenta,Summer,3.1,No,Next Day Air,No,No,16,Cash,Every 3 Months,0.0,952,0,17,1.0,4,0,0.12164865946378552,11.61212239942732,Low Value,0,0,Passive
2522,29,Male,Handbag,Accessories,33,Minnesota,M,Magenta,Fall,4.4,No,Standard,No,No,18,PayPal,Every 3 Months,0.0,627,1,19,1.0,4,0,0.13525410164065627,10.698020783153494,Low Value,0,0,Passive
2523,20,Male,Belt,Accessories,53,Massachusetts,S,Olive,Winter,2.5,No,2-Day Shipping,No,No,20,Debit Card,Weekly,0.0,1113,0,21,1.0,52,0,0.4625850340136054,30.38209564717163,Mid Value,0,0,Potential Loyalist
2524,43,Male,Handbag,Accessories,24,New Jersey,S,Cyan,Spring,3.4,No,Express,No,No,21,Bank Transfer,Annually,0.0,528,0,22,1.0,1,0,0.13605442176870747,9.868136123968013,Low Value,0,0,Passive
2525,60,Male,Coat,Outerwear,59,Kansas,M,Purple,Spring,3.7,No,Express,No,No,23,Credit Card,Quarterly,0.0,1416,0,24,1.0,4,0,0.16926770708283312,16.833907734623537,Low Value,0,0,Passive
2526,39,Male,Sweater,Clothing,72,Kentucky,M,Purple,Winter,4.2,No,Standard,No,No,20,PayPal,Weekly,0.0,1512,1,21,1.0,52,0,0.4625850340136054,33.020575397998506,Mid Value,0,0,Potential Loyalist
2527,47,Male,Shorts,Clothing,28,Rhode Island,S,Peach,Spring,3.4,No,Express,No,No,30,PayPal,Bi-Weekly,0.0,868,0,31,1.0,26,0,0.36067760437508334,23.612221241825,Low Value,1,0,Loyalist
2528,19,Male,Pants,Clothing,36,Illinois,M,Gold,Fall,3.6,No,Express,No,No,33,Bank Transfer,Every 3 Months,0.0,1224,0,34,1.0,4,0,0.23729491796718682,19.259176806900822,Low Value,1,0,Loyalist
2529,52,Male,Jewelry,Accessories,47,Alabama,S,Peach,Fall,4.7,No,2-Day Shipping,No,No,31,Debit Card,Monthly,0.0,1504,1,32,1.0,12,0,0.2759770574896625,23.2188784036759,Low Value,1,0,Loyalist
2530,34,Male,Gloves,Accessories,62,Tennessee,M,Magenta,Spring,4.7,No,Next Day Air,No,No,48,Bank Transfer,Monthly,0.0,3038,1,49,1.0,12,0,0.3916233159930639,38.29810258816791,Mid Value,1,0,Loyalist
2531,25,Male,Skirt,Clothing,98,Massachusetts,S,Cyan,Spring,3.6,No,Free Shipping,No,No,28,Debit Card,Weekly,0.0,2842,0,29,1.0,52,0,0.5170068027210883,43.40931789565513,Mid Value,1,0,Loyalist
2532,43,Male,Sandals,Footwear,28,Texas,M,Violet,Summer,4.6,No,Free Shipping,No,No,7,Cash,Every 3 Months,0.0,224,1,8,1.0,4,0,0.06042416966786714,4.413078466845969,Low Value,0,0,Passive
2533,55,Male,Socks,Clothing,86,Nebraska,S,Charcoal,Summer,2.6,No,Next Day Air,No,No,4,Debit Card,Weekly,0.0,430,0,5,1.0,52,0,0.35374149659863946,20.67017978033644,Low Value,0,0,Potential Loyalist
2534,66,Male,Jewelry,Accessories,46,Pennsylvania,S,Blue,Summer,3.1,No,Standard,No,No,49,Cash,Bi-Weekly,0.0,2300,0,50,1.0,26,0,0.4899293050553554,38.80194615216836,Mid Value,1,0,Loyalist
2535,41,Male,Sunglasses,Accessories,42,Virginia,XL,Red,Fall,3.2,No,Free Shipping,No,No,22,Cash,Weekly,0.0,966,0,23,1.0,52,0,0.47619047619047616,30.227582395237068,Mid Value,0,0,Potential Loyalist
2536,47,Male,Coat,Outerwear,80,Vermont,S,Purple,Winter,3.9,No,Express,No,No,39,Bank Transfer,Fortnightly,0.0,3200,0,40,1.0,24,0,0.4088301987461651,39.862921414713625,Mid Value,1,0,Loyalist
2537,51,Male,Belt,Accessories,39,Oklahoma,L,Gray,Spring,4.9,No,Express,No,No,45,PayPal,Every 3 Months,0.0,1794,1,46,1.0,4,0,0.31892757102841135,27.171904126310864,Mid Value,1,0,Loyalist
2538,44,Male,Coat,Outerwear,49,Maine,M,Purple,Summer,4.1,No,2-Day Shipping,No,No,30,PayPal,Fortnightly,0.0,1519,1,31,1.0,24,0,0.3476057089502468,27.051470352577105,Mid Value,1,0,Loyalist
2539,18,Male,Scarf,Accessories,32,New Jersey,M,Silver,Summer,4.2,No,Next Day Air,No,No,33,Credit Card,Bi-Weekly,0.0,1088,1,34,1.0,26,0,0.38108576764038943,26.263332894263712,Mid Value,1,0,Loyalist
2540,33,Male,Sandals,Footwear,73,Massachusetts,M,Purple,Fall,4.1,No,Next Day Air,No,No,24,Cash,Bi-Weekly,0.0,1825,1,25,1.0,26,0,0.3198612778444711,27.403277090698968,Mid Value,0,0,Potential Loyalist
2541,24,Male,Belt,Accessories,42,New Jersey,M,Charcoal,Summer,3.9,No,Free Shipping,No,No,11,Debit Card,Quarterly,0.0,504,0,12,1.0,4,0,0.08763505402160864,7.195763331832208,Low Value,0,0,Passive
2542,33,Male,Scarf,Accessories,58,Washington,M,Silver,Spring,2.7,No,Next Day Air,No,No,13,Venmo,Every 3 Months,0.0,812,0,14,1.0,4,0,0.10124049619847938,9.720835855288621,Low Value,0,0,Passive
2543,61,Male,Jewelry,Accessories,22,Arkansas,M,White,Winter,3.7,No,Express,No,No,27,PayPal,Annually,0.0,616,0,28,1.0,1,0,0.17687074829931973,12.519982907025476,Low Value,1,0,Loyalist
2544,27,Male,Scarf,Accessories,56,West Virginia,L,Peach,Spring,2.7,No,Next Day Air,No,No,30,PayPal,Bi-Weekly,0.0,1736,0,31,1.0,26,0,0.36067760437508334,28.724046413340098,Mid Value,1,0,Loyalist
2545,46,Male,Pants,Clothing,70,Delaware,M,Red,Spring,2.5,No,Next Day Air,No,No,39,Venmo,Quarterly,0.0,2800,0,40,1.0,4,0,0.27811124449779906,30.674152455412745,Mid Value,1,0,Loyalist
2546,38,Male,Shoes,Footwear,50,Texas,L,Olive,Spring,3.9,No,Free Shipping,No,No,10,Debit Card,Annually,0.0,550,0,11,1.0,1,0,0.061224489795918366,6.086103597860861,Low Value,0,0,Passive
2547,63,Male,Boots,Footwear,21,Texas,L,Gray,Summer,3.0,No,Express,No,No,4,Credit Card,Quarterly,0.0,105,0,5,1.0,4,0,0.04001600640256102,2.356775964548987,Low Value,0,0,Passive
2548,47,Male,Jacket,Outerwear,97,Mississippi,M,Beige,Summer,3.2,No,2-Day Shipping,No,No,16,Cash,Weekly,0.0,1649,0,17,1.0,52,0,0.43537414965986393,32.11630843157838,Mid Value,0,0,Potential Loyalist
2549,42,Male,Backpack,Accessories,63,Texas,L,Pink,Winter,3.8,No,Standard,No,No,34,Credit Card,Monthly,0.0,2205,0,35,1.0,12,0,0.29638522075496865,28.12531672308737,Mid Value,1,0,Loyalist
2550,41,Male,Jacket,Outerwear,60,Virginia,M,Red,Fall,2.7,No,Standard,No,No,11,Debit Card,Every 3 Months,0.0,720,0,12,1.0,4,0,0.08763505402160864,8.467830425204632,Low Value,0,0,Passive
2551,53,Male,Boots,Footwear,52,New Hampshire,XL,Peach,Fall,3.0,No,Store Pickup,No,No,30,Debit Card,Fortnightly,0.0,1612,0,31,1.0,24,0,0.3476057089502468,27.310476758876295,Mid Value,1,0,Loyalist
2552,29,Male,Shoes,Footwear,32,Minnesota,M,Maroon,Winter,4.1,No,Next Day Air,No,No,40,Debit Card,Annually,0.0,1312,1,41,1.0,1,0,0.26530612244897955,21.530348901985818,Low Value,1,0,Loyalist
2553,61,Male,Belt,Accessories,48,Maryland,XL,Purple,Spring,3.2,No,2-Day Shipping,No,No,13,Credit Card,Annually,0.0,672,0,14,1.0,1,0,0.08163265306122448,7.871384550885187,Low Value,0,0,Passive
2554,69,Male,Jewelry,Accessories,25,Vermont,M,Maroon,Summer,4.5,No,Store Pickup,No,No,28,Venmo,Every 3 Months,0.0,725,1,29,1.0,4,0,0.20328131252500997,14.831157712273379,Low Value,1,0,Loyalist
2555,51,Male,Jewelry,Accessories,68,Kansas,M,Gray,Summer,4.3,No,Store Pickup,No,No,49,Debit Card,Bi-Weekly,0.0,3400,1,50,1.0,26,0,0.4899293050553554,45.568754756949254,High Value,1,0,Champion
2556,24,Male,Pants,Clothing,74,Idaho,M,Gray,Fall,3.5,No,Standard,No,No,23,Credit Card,Weekly,0.0,1776,0,24,1.0,52,0,0.48299319727891155,35.35343353313337,Mid Value,0,0,Potential Loyalist
2557,24,Male,T-shirt,Clothing,88,Montana,XL,Magenta,Fall,3.1,No,Standard,No,No,4,Bank Transfer,Quarterly,0.0,440,0,5,1.0,4,0,0.04001600640256102,4.329657799177513,Low Value,0,0,Passive
2558,70,Male,Shorts,Clothing,23,Oklahoma,L,Cyan,Spring,3.9,No,Standard,No,No,17,PayPal,Fortnightly,0.0,414,0,18,1.0,24,0,0.2591703348005869,15.632421759518056,Low Value,0,0,Potential Loyalist
2559,49,Male,Hoodie,Clothing,32,California,M,Silver,Fall,2.7,No,Express,No,No,24,PayPal,Fortnightly,0.0,800,0,25,1.0,24,0,0.3067893824196345,20.394849533218675,Low Value,0,0,Potential Loyalist
2560,48,Male,Belt,Accessories,71,Mississippi,S,Green,Winter,4.0,No,Free Shipping,No,No,21,Debit Card,Every 3 Months,0.0,1562,1,22,1.0,4,0,0.15566226490596236,17.27122093484346,Low Value,0,0,Passive
2561,58,Male,Boots,Footwear,62,California,M,Violet,Spring,2.7,No,Next Day Air,No,No,17,Debit Card,Bi-Weekly,0.0,1116,0,18,1.0,26,0,0.2722422302254235,20.44994872865436,Low Value,0,0,Potential Loyalist
2562,32,Male,Hoodie,Clothing,20,New York,L,Magenta,Spring,2.7,No,Free Shipping,No,No,22,Debit Card,Quarterly,0.0,460,0,23,1.0,4,0,0.16246498599439774,10.84823346879958,Low Value,0,0,Passive
2563,57,Male,Shorts,Clothing,62,Arizona,XL,Yellow,Spring,4.7,No,Standard,No,No,27,Cash,Fortnightly,0.0,1736,1,28,1.0,24,0,0.32719754568494064,27.262628032206713,Mid Value,1,0,Loyalist
2564,69,Male,Backpack,Accessories,81,Massachusetts,XL,Gray,Winter,4.5,No,Standard,No,No,1,Venmo,Every 3 Months,0.0,162,1,2,1.0,4,0,0.0196078431372549,1.914350870953703,Low Value,0,0,Passive
2565,42,Male,Scarf,Accessories,90,Kentucky,L,Indigo,Winter,3.0,No,2-Day Shipping,No,No,27,Bank Transfer,Weekly,0.0,2520,0,28,1.0,52,0,0.5102040816326531,41.15739611685949,Mid Value,1,0,Loyalist
2566,30,Male,Socks,Clothing,43,Vermont,S,Indigo,Fall,3.6,No,Store Pickup,No,No,8,Venmo,Quarterly,0.0,387,0,9,1.0,4,0,0.06722689075630252,5.439928376339646,Low Value,0,0,Passive
2567,35,Male,Handbag,Accessories,38,Missouri,S,Yellow,Fall,3.3,No,Standard,No,No,43,PayPal,Quarterly,0.0,1672,0,44,1.0,4,0,0.3053221288515406,25.453533563244545,Mid Value,1,0,Loyalist
2568,19,Male,Sunglasses,Accessories,25,Michigan,XL,Gold,Spring,4.3,No,Store Pickup,No,No,24,Cash,Fortnightly,0.0,625,1,25,1.0,24,0,0.3067893824196345,19.65292876739847,Low Value,0,0,Potential Loyalist
2569,52,Male,T-shirt,Clothing,98,Texas,XL,Green,Winter,4.3,No,Express,No,No,29,PayPal,Fortnightly,0.0,2940,1,30,1.0,24,0,0.3408029878618114,35.06442331335614,Mid Value,1,0,Loyalist
2570,42,Male,Dress,Clothing,75,New York,M,Charcoal,Spring,4.8,No,Free Shipping,No,No,10,Bank Transfer,Bi-Weekly,0.0,825,1,11,1.0,26,0,0.22462318260637587,16.535684055849064,Low Value,0,0,Potential Loyalist
2571,36,Male,Sneakers,Footwear,27,New Mexico,XL,Olive,Spring,4.0,No,Store Pickup,No,No,12,PayPal,Fortnightly,0.0,351,1,13,1.0,24,0,0.22515672935841002,13.77209364966087,Low Value,0,0,Potential Loyalist
2572,45,Male,Sunglasses,Accessories,27,Mississippi,L,Black,Winter,3.5,No,Standard,No,No,48,Cash,Fortnightly,0.0,1323,0,49,1.0,24,0,0.47005468854208343,32.00928978103504,Mid Value,1,0,Loyalist
2573,54,Male,Blouse,Clothing,42,Washington,M,Silver,Fall,3.9,No,Next Day Air,No,No,40,Bank Transfer,Quarterly,0.0,1722,0,41,1.0,4,0,0.28491396558623444,24.68119492531307,Mid Value,1,0,Loyalist
2574,54,Male,T-shirt,Clothing,90,New Mexico,M,Red,Summer,4.4,No,Store Pickup,No,No,1,Bank Transfer,Annually,0.0,180,1,2,1.0,1,0,0.0,0.9953930885541676,Low Value,0,0,Passive
2575,27,Male,Hat,Accessories,63,Florida,M,Brown,Summer,4.6,No,2-Day Shipping,No,No,26,Credit Card,Fortnightly,0.0,1701,1,27,1.0,24,0,0.32039482459650526,26.70090651173461,Mid Value,1,0,Loyalist
2576,53,Male,Shorts,Clothing,96,Minnesota,M,Silver,Fall,4.0,No,Express,No,No,9,PayPal,Annually,0.0,960,1,10,1.0,1,0,0.054421768707482984,8.433765005507912,Low Value,0,0,Passive
2577,20,Male,Hoodie,Clothing,40,New Hampshire,M,Silver,Winter,4.2,No,Free Shipping,No,No,19,Debit Card,Quarterly,0.0,800,1,20,1.0,4,0,0.14205682272909165,12.07245183550242,Low Value,0,0,Passive
2578,52,Male,Socks,Clothing,39,Minnesota,L,Black,Fall,4.5,No,Next Day Air,No,No,37,Bank Transfer,Monthly,0.0,1482,1,38,1.0,12,0,0.3167933840202748,25.22291324103445,Mid Value,1,0,Loyalist
2579,54,Male,Sunglasses,Accessories,48,Vermont,M,Purple,Fall,3.9,No,Free Shipping,No,No,3,Cash,Quarterly,0.0,192,0,4,1.0,4,0,0.03321328531412565,2.5135367838520493,Low Value,0,0,Passive
2580,65,Male,Blouse,Clothing,20,Minnesota,M,Purple,Summer,3.7,No,Express,No,No,40,Venmo,Weekly,0.0,820,0,41,1.0,52,0,0.5986394557823129,35.7685509468044,Mid Value,1,0,Loyalist
2581,43,Male,Jeans,Clothing,29,Massachusetts,S,Turquoise,Summer,3.6,No,Store Pickup,No,No,13,Bank Transfer,Quarterly,0.0,406,0,14,1.0,4,0,0.10124049619847938,7.329820855708976,Low Value,0,0,Passive
2582,57,Male,Dress,Clothing,81,Wyoming,M,Gold,Winter,4.7,No,Express,No,No,48,Credit Card,Monthly,0.0,3969,1,49,1.0,12,0,0.3916233159930639,43.780947328583295,Mid Value,1,0,Loyalist
2583,19,Male,Dress,Clothing,98,South Dakota,S,Indigo,Fall,3.6,No,2-Day Shipping,No,No,4,Venmo,Every 3 Months,0.0,490,0,5,1.0,4,0,0.04001600640256102,4.624117774495204,Low Value,0,0,Passive
2584,69,Male,Jeans,Clothing,93,Oklahoma,M,Lavender,Fall,2.5,No,Next Day Air,No,No,9,Cash,Weekly,0.0,930,0,10,1.0,52,0,0.3877551020408163,25.392777222261948,Mid Value,0,0,Potential Loyalist
2585,26,Male,Socks,Clothing,30,Florida,L,Blue,Summer,2.9,No,Store Pickup,No,No,26,Bank Transfer,Bi-Weekly,0.0,810,0,27,1.0,26,0,0.3334667200213418,21.848249519457593,Low Value,1,0,Loyalist
2586,57,Male,Sunglasses,Accessories,37,Wisconsin,L,Maroon,Fall,4.4,No,Free Shipping,No,No,19,Debit Card,Weekly,0.0,740,1,20,1.0,52,0,0.45578231292517,28.11851384134365,Mid Value,0,0,Potential Loyalist
2587,20,Male,Coat,Outerwear,28,Maine,L,Yellow,Winter,4.6,No,Express,No,No,1,Credit Card,Every 3 Months,0.0,56,1,2,1.0,4,0,0.0196078431372549,1.290095723280196,Low Value,0,0,Passive
2588,55,Male,Scarf,Accessories,29,Connecticut,M,Purple,Winter,3.7,No,Express,No,No,29,PayPal,Every 3 Months,0.0,870,0,30,1.0,4,0,0.21008403361344535,15.75200203065269,Low Value,1,0,Loyalist
2589,44,Male,Backpack,Accessories,49,Delaware,M,Peach,Summer,3.2,No,Free Shipping,No,No,38,Venmo,Bi-Weekly,0.0,1911,0,39,1.0,26,0,0.4150993730825663,32.59945262894979,Mid Value,1,0,Loyalist
2590,52,Male,Pants,Clothing,53,North Dakota,M,Silver,Winter,4.9,No,2-Day Shipping,No,No,31,PayPal,Annually,0.0,1696,1,32,1.0,1,0,0.20408163265306123,20.591405672678185,Low Value,1,0,Loyalist
2591,57,Male,Gloves,Accessories,66,California,M,Turquoise,Summer,5.0,No,Free Shipping,No,No,35,Venmo,Annually,0.0,2376,1,36,1.0,1,0,0.2312925170068027,26.01845948799766,Mid Value,1,0,Loyalist
2592,40,Male,Jacket,Outerwear,61,New Mexico,S,Olive,Spring,3.3,No,Express,No,No,40,Cash,Quarterly,0.0,2501,0,41,1.0,4,0,0.28491396558623444,29.268881340762682,Mid Value,1,0,Loyalist
2593,23,Male,Shorts,Clothing,23,Iowa,XL,Peach,Summer,4.4,No,Store Pickup,No,No,13,Venmo,Quarterly,0.0,322,1,14,1.0,4,0,0.10124049619847938,7.123817244966969,Low Value,0,0,Passive
2594,36,Male,Pants,Clothing,36,Colorado,S,Indigo,Fall,4.7,No,Store Pickup,No,No,9,Bank Transfer,Every 3 Months,0.0,360,1,10,1.0,4,0,0.07402961184473789,5.92520867520953,Low Value,0,0,Passive
2595,59,Male,Skirt,Clothing,81,Montana,L,Indigo,Fall,3.6,No,Free Shipping,No,No,25,Cash,Every 3 Months,0.0,2106,0,26,1.0,4,0,0.18287314925970388,21.608654469507105,Low Value,0,0,Passive
2596,29,Male,Blouse,Clothing,56,Iowa,XL,Maroon,Summer,3.2,No,Free Shipping,No,No,3,Bank Transfer,Bi-Weekly,0.0,224,0,4,1.0,26,0,0.17700413498732823,10.218389240490662,Low Value,0,0,Potential Loyalist
2597,63,Male,Shirt,Clothing,78,Louisiana,L,Black,Spring,3.0,No,Next Day Air,No,No,35,Credit Card,Monthly,0.0,2808,0,36,1.0,12,0,0.30318794184340403,32.032103563168434,Mid Value,1,0,Loyalist
2598,60,Male,Jewelry,Accessories,25,Alabama,XL,Teal,Summer,4.4,No,Store Pickup,No,No,13,Venmo,Bi-Weekly,0.0,350,1,14,1.0,26,0,0.24503134587168196,14.80511290358017,Low Value,0,0,Potential Loyalist
2599,64,Male,Backpack,Accessories,86,Nevada,XL,Olive,Fall,3.3,No,Express,No,No,31,Debit Card,Annually,0.0,2752,0,32,1.0,1,0,0.20408163265306123,26.521711203596087,Mid Value,1,0,Loyalist
2600,63,Male,Jewelry,Accessories,99,Vermont,M,Gold,Winter,3.4,No,Express,No,No,48,Credit Card,Monthly,0.0,4851,0,49,1.0,12,0,0.3916233159930639,48.68653214539564,High Value,1,0,Champion
2601,21,Male,Belt,Accessories,83,New York,M,Gray,Fall,3.9,No,Express,No,No,6,Bank Transfer,Bi-Weekly,0.0,581,0,7,1.0,26,0,0.19741229825263434,13.387632077508139,Low Value,0,0,Potential Loyalist
2602,61,Male,Dress,Clothing,33,Mississippi,L,Orange,Winter,2.9,No,Store Pickup,No,No,43,Cash,Monthly,0.0,1452,0,44,1.0,12,0,0.35760971055088697,26.891145334550448,Mid Value,1,0,Loyalist
2603,65,Male,Coat,Outerwear,44,South Carolina,M,Black,Fall,2.9,No,Free Shipping,No,No,1,Venmo,Quarterly,0.0,88,0,2,1.0,4,0,0.0196078431372549,1.189860959691807,Low Value,0,0,Passive
2604,69,Male,Dress,Clothing,58,Washington,M,Teal,Spring,2.7,No,2-Day Shipping,No,No,8,Cash,Annually,0.0,522,0,9,1.0,1,0,0.047619047619047616,5.210006936183512,Low Value,0,0,Passive
2605,47,Male,Sweater,Clothing,54,Colorado,M,Beige,Spring,3.4,No,Store Pickup,No,No,6,Debit Card,Weekly,0.0,378,0,7,1.0,52,0,0.36734693877551017,21.075140481505482,Low Value,0,0,Potential Loyalist
2606,41,Male,Hoodie,Clothing,93,Nevada,M,White,Spring,3.7,No,2-Day Shipping,No,No,32,Venmo,Fortnightly,0.0,3069,0,33,1.0,24,0,0.36121115112711755,36.60223951513323,Mid Value,1,0,Loyalist
2607,68,Male,Shoes,Footwear,98,Nevada,L,Turquoise,Spring,4.7,No,Standard,No,No,46,Bank Transfer,Bi-Weekly,0.0,4606,1,47,1.0,26,0,0.46952114179004933,51.60433074836277,High Value,1,0,Champion
2608,41,Male,Shoes,Footwear,36,Oklahoma,XL,Teal,Spring,3.1,No,Express,No,No,38,PayPal,Every 3 Months,0.0,1404,0,39,1.0,4,0,0.2713085234093637,22.097230406793113,Low Value,1,0,Loyalist
2609,42,Male,Jacket,Outerwear,68,Mississippi,L,Orange,Fall,4.2,No,2-Day Shipping,No,No,48,Credit Card,Fortnightly,0.0,3332,1,49,1.0,24,0,0.47005468854208343,44.12938073709154,High Value,1,0,Champion
2610,66,Male,Backpack,Accessories,95,Arkansas,M,Black,Summer,3.0,No,Store Pickup,No,No,18,Debit Card,Bi-Weekly,0.0,1805,0,19,1.0,26,0,0.27904495131385887,24.863206726281852,Mid Value,0,0,Potential Loyalist
2611,66,Male,Jeans,Clothing,93,West Virginia,M,Violet,Spring,3.1,No,Express,No,No,25,Cash,Quarterly,0.0,2418,0,26,1.0,4,0,0.18287314925970388,23.44608471548949,Low Value,0,0,Passive
2612,33,Male,Jacket,Outerwear,99,Michigan,L,Maroon,Fall,4.2,No,2-Day Shipping,No,No,4,Cash,Fortnightly,0.0,495,1,5,1.0,24,0,0.17073496065092703,11.775342076578042,Low Value,0,0,Potential Loyalist
2613,55,Male,Sunglasses,Accessories,22,Louisiana,M,Turquoise,Winter,3.8,No,Next Day Air,No,No,27,Venmo,Quarterly,0.0,616,0,28,1.0,4,0,0.19647859143657465,13.544946280539385,Low Value,1,0,Loyalist
2614,58,Male,Gloves,Accessories,88,South Dakota,M,Gold,Fall,2.9,No,Express,No,No,14,Bank Transfer,Monthly,0.0,1320,0,15,1.0,12,0,0.16033079898626118,15.80138440496982,Low Value,0,0,Potential Loyalist
2615,18,Male,Jacket,Outerwear,65,North Dakota,M,Turquoise,Spring,4.2,No,Express,No,No,36,Bank Transfer,Fortnightly,0.0,2405,1,37,1.0,24,0,0.38842203548085896,34.4028983417049,Mid Value,1,0,Loyalist
2616,49,Male,T-shirt,Clothing,62,Arizona,M,Maroon,Fall,3.1,No,2-Day Shipping,No,No,6,Debit Card,Quarterly,0.0,434,0,7,1.0,4,0,0.05362144857943177,5.005521677638835,Low Value,0,0,Passive
2617,61,Male,Sandals,Footwear,55,Georgia,XL,Purple,Spring,3.6,No,Express,No,No,46,Cash,Annually,0.0,2585,0,47,1.0,1,0,0.30612244897959184,30.872207952280828,Mid Value,1,0,Loyalist
2618,31,Male,Shorts,Clothing,97,Idaho,S,Maroon,Spring,4.8,No,Standard,No,No,29,Bank Transfer,Annually,0.0,2910,1,30,1.0,1,0,0.19047619047619047,27.029694797892255,Mid Value,1,0,Loyalist
2619,70,Male,Handbag,Accessories,77,Louisiana,L,Brown,Fall,4.1,No,Express,No,No,12,Venmo,Monthly,0.0,1001,1,13,1.0,12,0,0.14672535680939042,13.500219834735224,Low Value,0,0,Potential Loyalist
2620,68,Male,Pants,Clothing,40,Connecticut,L,Indigo,Winter,3.9,No,Free Shipping,No,No,47,Credit Card,Weekly,0.0,1920,0,48,1.0,52,0,0.6462585034013606,44.73586716804164,High Value,1,0,Champion
2621,27,Male,Blouse,Clothing,23,Ohio,S,Lavender,Winter,3.0,No,Standard,No,No,28,Debit Card,Annually,0.0,667,0,29,1.0,1,0,0.18367346938775508,13.175931619599243,Low Value,1,0,Loyalist
2622,48,Male,Shoes,Footwear,46,Maine,M,Beige,Winter,3.0,No,Express,No,No,21,Bank Transfer,Annually,0.0,1012,0,22,1.0,1,0,0.13605442176870747,12.718508685043254,Low Value,0,0,Passive
2623,63,Male,Backpack,Accessories,75,New Hampshire,M,Yellow,Spring,4.9,No,2-Day Shipping,No,No,15,Credit Card,Annually,0.0,1200,1,16,1.0,1,0,0.09523809523809523,11.98077011353115,Low Value,0,0,Passive
2624,49,Male,Shoes,Footwear,76,Massachusetts,M,Gold,Fall,4.8,No,Next Day Air,No,No,38,Cash,Annually,0.0,2964,1,39,1.0,1,0,0.2517006802721088,30.548107410982855,Mid Value,1,0,Loyalist
2625,19,Male,Dress,Clothing,59,South Dakota,M,Indigo,Summer,3.3,No,Standard,No,No,19,Credit Card,Annually,0.0,1180,0,20,1.0,1,0,0.12244897959183673,12.996695126611248,Low Value,0,0,Passive
2626,30,Male,Skirt,Clothing,51,Colorado,L,Cyan,Summer,2.7,No,Standard,No,No,31,Credit Card,Weekly,0.0,1632,0,32,1.0,52,0,0.5374149659863945,37.35018510621619,Mid Value,1,0,Loyalist
2627,50,Male,Jacket,Outerwear,46,Rhode Island,XL,Silver,Fall,4.2,No,Express,No,No,30,Credit Card,Every 3 Months,0.0,1426,1,31,1.0,4,0,0.21688675470188074,19.67068564172684,Low Value,1,0,Loyalist
2628,66,Male,Shirt,Clothing,26,Missouri,L,Silver,Fall,3.6,No,Next Day Air,No,No,40,Bank Transfer,Quarterly,0.0,1066,0,41,1.0,4,0,0.28491396558623444,20.817880049144975,Low Value,1,0,Loyalist
2629,25,Male,Hoodie,Clothing,51,Wyoming,M,Silver,Summer,3.8,No,Next Day Air,No,No,42,Credit Card,Bi-Weekly,0.0,2193,0,43,1.0,26,0,0.4423102574363078,35.68260504074045,Mid Value,1,0,Loyalist
2630,61,Male,Scarf,Accessories,44,New Hampshire,M,Peach,Winter,3.8,No,Free Shipping,No,No,25,Venmo,Annually,0.0,1144,0,26,1.0,1,0,0.16326530612244897,14.91828117088084,Low Value,0,0,Passive
2631,29,Male,Skirt,Clothing,82,Maine,S,Pink,Spring,4.2,No,Free Shipping,No,No,20,Cash,Quarterly,0.0,1722,1,21,1.0,4,0,0.14885954381752697,17.857893318110346,Low Value,0,0,Passive
2632,53,Male,Skirt,Clothing,44,Connecticut,S,Violet,Summer,2.7,No,Express,No,No,3,Cash,Weekly,0.0,176,0,4,1.0,52,0,0.3469387755102041,18.818723567972846,Low Value,0,0,Potential Loyalist
2633,24,Male,Scarf,Accessories,27,Alaska,M,Black,Fall,5.0,No,Next Day Air,No,No,14,Cash,Annually,0.0,405,1,15,1.0,1,0,0.08843537414965986,6.943256968230157,Low Value,0,0,Passive
2634,51,Male,Sunglasses,Accessories,90,Alaska,M,Purple,Fall,4.7,No,Next Day Air,No,No,32,Credit Card,Fortnightly,0.0,2970,1,33,1.0,24,0,0.36121115112711755,36.30789791179592,Mid Value,1,0,Loyalist
2635,26,Male,Sandals,Footwear,58,North Carolina,S,Black,Summer,3.2,No,Store Pickup,No,No,20,PayPal,Every 3 Months,0.0,1218,0,21,1.0,4,0,0.14885954381752697,14.601047619116317,Low Value,0,0,Passive
2636,59,Male,Hoodie,Clothing,80,Colorado,XL,Peach,Spring,2.9,No,2-Day Shipping,No,No,34,PayPal,Fortnightly,0.0,2800,0,35,1.0,24,0,0.3748165933039882,35.729243923423496,Mid Value,1,0,Loyalist
2637,41,Male,Jacket,Outerwear,40,Utah,S,Magenta,Winter,4.2,No,Store Pickup,No,No,6,Venmo,Annually,0.0,280,1,7,1.0,1,0,0.03401360544217687,3.362310727938151,Low Value,0,0,Passive
2638,20,Male,Pants,Clothing,23,Alabama,M,Magenta,Spring,3.7,No,Store Pickup,No,No,2,PayPal,Annually,0.0,69,0,3,1.0,1,0,0.006802721088435373,0.4086023333069045,Low Value,0,0,Passive
2639,22,Male,Shirt,Clothing,34,Hawaii,S,Black,Spring,4.2,No,Store Pickup,No,No,35,Credit Card,Annually,0.0,1224,1,36,1.0,1,0,0.2312925170068027,19.234101656678078,Low Value,1,0,Loyalist
2640,18,Male,Blouse,Clothing,35,New Hampshire,XL,Pink,Winter,2.6,No,Free Shipping,No,No,33,Debit Card,Quarterly,0.0,1190,0,34,1.0,4,0,0.23729491796718682,19.05894402368479,Low Value,1,0,Loyalist
2641,30,Male,Skirt,Clothing,75,Indiana,L,Olive,Summer,4.0,No,Store Pickup,No,No,45,Venmo,Bi-Weekly,0.0,3450,1,46,1.0,26,0,0.46271842070161395,44.44081658126806,High Value,1,0,Champion
2642,25,Male,Sunglasses,Accessories,60,Vermont,XL,Olive,Winter,2.7,No,Next Day Air,No,No,20,Bank Transfer,Every 3 Months,0.0,1260,0,21,1.0,4,0,0.14885954381752697,14.848393998383171,Low Value,0,0,Passive
2643,39,Male,Belt,Accessories,87,Iowa,L,Peach,Summer,4.0,No,Store Pickup,No,No,48,Bank Transfer,Annually,0.0,4263,1,49,1.0,1,0,0.31972789115646255,41.75417294723366,Mid Value,1,0,Loyalist
2644,49,Male,Gloves,Accessories,41,Maryland,S,Silver,Spring,2.9,No,Next Day Air,No,No,37,Cash,Monthly,0.0,1558,0,38,1.0,12,0,0.3167933840202748,25.381803255725625,Mid Value,1,0,Loyalist
2645,25,Male,Pants,Clothing,83,New Mexico,M,Turquoise,Spring,3.3,No,Standard,No,No,4,Bank Transfer,Every 3 Months,0.0,415,0,5,1.0,4,0,0.04001600640256102,4.182427811518662,Low Value,0,0,Passive
2646,23,Male,Scarf,Accessories,81,Louisiana,L,Olive,Spring,4.0,No,Store Pickup,No,No,24,Bank Transfer,Bi-Weekly,0.0,2025,1,25,1.0,26,0,0.3198612778444711,28.581116991969736,Mid Value,0,0,Potential Loyalist
2647,33,Male,T-shirt,Clothing,56,New Mexico,S,Lavender,Summer,3.9,No,Next Day Air,No,No,4,Debit Card,Every 3 Months,0.0,280,0,5,1.0,4,0,0.04001600640256102,3.387385878160898,Low Value,0,0,Passive
2648,60,Male,Shoes,Footwear,58,South Carolina,M,Red,Summer,3.3,No,2-Day Shipping,No,No,25,Debit Card,Annually,0.0,1508,0,26,1.0,1,0,0.16326530612244897,17.061949791193626,Low Value,0,0,Passive
2649,51,Male,Pants,Clothing,84,Illinois,M,Gray,Spring,3.9,No,Next Day Air,No,No,14,PayPal,Bi-Weekly,0.0,1260,0,15,1.0,26,0,0.25183406696011734,20.23119484432014,Low Value,0,0,Potential Loyalist
2650,23,Male,Gloves,Accessories,21,Minnesota,M,Magenta,Fall,3.9,No,Store Pickup,No,No,14,Bank Transfer,Fortnightly,0.0,315,0,15,1.0,24,0,0.2387621715352808,13.982592395139868,Low Value,0,0,Potential Loyalist
2651,20,Male,Socks,Clothing,35,Oregon,L,Maroon,Summer,4.2,No,Standard,No,No,46,Credit Card,Every 3 Months,0.0,1645,1,47,1.0,4,0,0.32573029211684673,26.65001293761387,Mid Value,1,0,Loyalist
2652,51,Male,Sneakers,Footwear,43,Tennessee,M,Cyan,Summer,4.6,No,Store Pickup,No,No,27,PayPal,Quarterly,0.0,1204,1,28,1.0,4,0,0.19647859143657465,17.29648473806713,Low Value,1,0,Loyalist
2653,23,Female,Shorts,Clothing,20,Maryland,L,Cyan,Summer,3.3,No,2-Day Shipping,No,No,46,Credit Card,Monthly,0.0,940,0,47,1.0,12,0,0.3780178738161931,24.942673800546473,Mid Value,1,0,Loyalist
2654,67,Female,Blouse,Clothing,36,Wisconsin,L,Lavender,Fall,4.8,No,Express,No,No,24,Venmo,Every 3 Months,0.0,900,1,25,1.0,4,0,0.1760704281712685,14.439369474886407,Low Value,0,0,Passive
2655,23,Female,Coat,Outerwear,70,Idaho,S,Pink,Fall,4.1,No,Next Day Air,No,No,4,PayPal,Annually,0.0,350,1,5,1.0,1,0,0.02040816326530612,3.063355617883477,Low Value,0,0,Passive
2656,26,Female,Sunglasses,Accessories,83,Wyoming,M,Gray,Summer,3.4,No,Standard,No,No,2,Credit Card,Fortnightly,0.0,249,0,3,1.0,24,0,0.1571295184740563,9.326710774723852,Low Value,0,0,Potential Loyalist
2657,52,Female,Shorts,Clothing,76,Indiana,L,Yellow,Winter,3.6,No,Express,No,No,29,Bank Transfer,Fortnightly,0.0,2280,0,30,1.0,24,0,0.3408029878618114,30.88886249137091,Mid Value,1,0,Loyalist
2658,52,Female,Dress,Clothing,81,Texas,M,Pink,Summer,2.7,No,Express,No,No,7,Credit Card,Fortnightly,0.0,648,0,8,1.0,24,0,0.19114312391623314,13.45449906650763,Low Value,0,0,Potential Loyalist
2659,52,Female,Handbag,Accessories,47,Ohio,XL,Indigo,Summer,3.2,No,Next Day Air,No,No,39,PayPal,Monthly,0.0,1880,0,40,1.0,12,0,0.33039882619714545,27.98932457227099,Mid Value,1,0,Loyalist
2660,35,Female,Boots,Footwear,35,Kansas,L,Gray,Summer,4.4,No,2-Day Shipping,No,No,46,Credit Card,Fortnightly,0.0,1645,1,47,1.0,24,0,0.4564492463652128,33.48310209437324,Mid Value,1,0,Loyalist
2661,24,Female,Pants,Clothing,85,South Carolina,L,Yellow,Spring,4.9,No,Express,No,No,44,Venmo,Annually,0.0,3825,1,45,1.0,1,0,0.2925170068027211,37.75230541245181,Mid Value,1,0,Loyalist
2662,43,Female,Boots,Footwear,96,Michigan,XL,Olive,Fall,4.8,No,Express,No,No,20,Bank Transfer,Annually,0.0,2016,1,21,1.0,1,0,0.12925170068027209,18.564354599464462,Low Value,0,0,Passive
2663,25,Female,Skirt,Clothing,98,Nebraska,M,Cyan,Summer,2.8,No,2-Day Shipping,No,No,44,PayPal,Fortnightly,0.0,4410,0,45,1.0,24,0,0.442843804188342,48.76685050615034,High Value,1,0,Champion
2664,46,Female,Sneakers,Footwear,52,Wisconsin,L,Silver,Fall,2.9,No,Free Shipping,No,No,23,Bank Transfer,Annually,0.0,1248,0,24,1.0,1,0,0.14965986394557823,14.819558844042197,Low Value,0,0,Passive
2665,22,Female,Jewelry,Accessories,84,Illinois,L,Silver,Winter,3.2,No,Store Pickup,No,No,37,PayPal,Weekly,0.0,3192,0,38,1.0,52,0,0.5782312925170068,48.67093356262646,High Value,1,0,Champion
2666,70,Female,T-shirt,Clothing,71,Louisiana,L,Red,Winter,3.5,No,Store Pickup,No,No,4,Venmo,Weekly,0.0,355,0,5,1.0,52,0,0.35374149659863946,20.228489817359904,Low Value,0,0,Potential Loyalist
2667,49,Female,Sandals,Footwear,95,Ohio,S,Brown,Winter,4.1,No,Store Pickup,No,No,14,Venmo,Fortnightly,0.0,1425,1,15,1.0,24,0,0.2387621715352808,20.808292994984296,Low Value,0,0,Potential Loyalist
2668,48,Female,Boots,Footwear,47,Maryland,M,Orange,Summer,4.1,No,Free Shipping,No,No,31,Cash,Fortnightly,0.0,1504,1,32,1.0,24,0,0.35440843003868217,27.318731897731524,Mid Value,1,0,Loyalist
2669,59,Female,Coat,Outerwear,75,Texas,M,Black,Summer,4.8,No,Next Day Air,No,No,9,PayPal,Quarterly,0.0,750,1,10,1.0,4,0,0.07402961184473789,8.221996482687514,Low Value,0,0,Passive
2670,39,Female,Belt,Accessories,28,Illinois,L,Teal,Spring,2.8,No,Free Shipping,No,No,31,Credit Card,Weekly,0.0,896,0,32,1.0,52,0,0.5374149659863945,33.01573426953979,Mid Value,1,0,Loyalist
2671,30,Female,Sunglasses,Accessories,44,Pennsylvania,M,Yellow,Fall,4.7,No,Express,No,No,26,Bank Transfer,Bi-Weekly,0.0,1188,1,27,1.0,26,0,0.3334667200213418,24.36305608065104,Low Value,1,0,Loyalist
2672,37,Female,Sandals,Footwear,64,Alabama,XL,Gray,Winter,4.8,No,2-Day Shipping,No,No,41,PayPal,Every 3 Months,0.0,2688,1,42,1.0,4,0,0.2917166866746698,31.014450333992276,Mid Value,1,0,Loyalist
2673,56,Female,Boots,Footwear,28,West Virginia,M,Maroon,Spring,2.9,No,Standard,No,No,13,Cash,Annually,0.0,392,0,14,1.0,1,0,0.08163265306122448,6.222408689106119,Low Value,0,0,Passive
2674,67,Female,Hoodie,Clothing,21,Nevada,M,Olive,Summer,2.6,No,2-Day Shipping,No,No,4,Cash,Monthly,0.0,105,0,5,1.0,12,0,0.09230358810190742,5.090011627252734,Low Value,0,0,Potential Loyalist
2675,40,Female,Hat,Accessories,41,Florida,S,Charcoal,Fall,3.3,No,Express,No,No,15,Cash,Every 3 Months,0.0,656,0,16,1.0,4,0,0.11484593837535013,9.513319807796874,Low Value,0,0,Passive
2676,24,Female,Shorts,Clothing,38,Virginia,M,Peach,Winter,3.4,No,Free Shipping,No,No,38,Cash,Bi-Weekly,0.0,1482,0,39,1.0,26,0,0.4150993730825663,30.072986040724004,Mid Value,1,0,Loyalist
2677,43,Female,Backpack,Accessories,77,Kentucky,M,Maroon,Spring,3.6,No,Free Shipping,No,No,3,Cash,Fortnightly,0.0,308,0,4,1.0,24,0,0.16393223956249164,10.029773083348447,Low Value,0,0,Potential Loyalist
2678,45,Female,Shorts,Clothing,43,Connecticut,L,Olive,Spring,3.8,No,Next Day Air,No,No,6,PayPal,Every 3 Months,0.0,301,0,7,1.0,4,0,0.05362144857943177,4.2222581432937725,Low Value,0,0,Passive
2679,33,Female,Belt,Accessories,91,Montana,M,Magenta,Spring,3.4,No,2-Day Shipping,No,No,34,Credit Card,Bi-Weekly,0.0,3185,0,35,1.0,26,0,0.3878884887288248,38.67989464904564,Mid Value,1,0,Loyalist
2680,53,Female,Shorts,Clothing,68,Montana,S,Yellow,Spring,3.8,No,Express,No,No,7,Debit Card,Quarterly,0.0,544,0,8,1.0,4,0,0.06042416966786714,6.0089331610874765,Low Value,0,0,Passive
2681,44,Female,Socks,Clothing,37,Nebraska,L,Indigo,Fall,3.3,No,Next Day Air,No,No,21,Venmo,Annually,0.0,814,0,22,1.0,1,0,0.13605442176870747,11.5524471827852,Low Value,0,0,Passive
2682,23,Female,Shoes,Footwear,23,Massachusetts,L,Olive,Summer,4.8,No,Standard,No,No,17,Debit Card,Monthly,0.0,414,1,18,1.0,12,0,0.18073896225156727,11.821257413254148,Low Value,0,0,Potential Loyalist
2683,59,Female,Sneakers,Footwear,65,North Carolina,L,Maroon,Winter,3.9,No,2-Day Shipping,No,No,5,Venmo,Every 3 Months,0.0,390,0,6,1.0,4,0,0.046818727490996394,4.390797361609546,Low Value,0,0,Passive
2684,68,Female,Backpack,Accessories,30,Montana,M,Indigo,Summer,4.2,No,Next Day Air,No,No,21,Cash,Fortnightly,0.0,660,1,22,1.0,24,0,0.28638121915432835,18.79225213687169,Low Value,0,0,Potential Loyalist
2685,46,Female,Dress,Clothing,45,Washington,M,Gray,Summer,4.7,No,Free Shipping,No,No,42,Credit Card,Bi-Weekly,0.0,1935,1,43,1.0,26,0,0.4423102574363078,34.451880715892884,Mid Value,1,0,Loyalist
2686,56,Female,Boots,Footwear,25,Virginia,M,Gray,Winter,2.7,No,Express,No,No,49,Credit Card,Quarterly,0.0,1250,0,50,1.0,4,0,0.3461384553821528,25.101888598061567,Mid Value,1,0,Loyalist
2687,40,Female,Socks,Clothing,72,Georgia,M,Black,Winter,3.8,No,2-Day Shipping,No,No,33,Cash,Fortnightly,0.0,2448,0,34,1.0,24,0,0.3680138722155528,33.300646159437235,Mid Value,1,0,Loyalist
2688,61,Female,Dress,Clothing,75,Delaware,M,White,Fall,3.6,No,2-Day Shipping,No,No,12,Debit Card,Bi-Weekly,0.0,975,0,13,1.0,26,0,0.2382286247832466,17.841573909509865,Low Value,0,0,Potential Loyalist
2689,53,Female,Handbag,Accessories,63,West Virginia,XL,Turquoise,Spring,2.9,No,2-Day Shipping,No,No,18,Credit Card,Every 3 Months,0.0,1197,0,19,1.0,4,0,0.13525410164065627,13.766175353983442,Low Value,0,0,Passive
2690,29,Female,Blouse,Clothing,35,Wyoming,M,Orange,Fall,3.9,No,Standard,No,No,47,PayPal,Quarterly,0.0,1680,0,48,1.0,4,0,0.3325330132052821,26.923045310294263,Mid Value,1,0,Loyalist
2691,44,Female,Belt,Accessories,32,New Mexico,L,Yellow,Summer,4.7,No,Free Shipping,No,No,18,Bank Transfer,Weekly,0.0,608,1,19,1.0,52,0,0.44897959183673464,26.98553996875523,Mid Value,0,0,Potential Loyalist
2692,43,Female,Pants,Clothing,25,Nebraska,L,Blue,Winter,3.3,No,2-Day Shipping,No,No,48,Cash,Monthly,0.0,1225,0,49,1.0,12,0,0.3916233159930639,27.33229473535675,Mid Value,1,0,Loyalist
2693,40,Female,Sneakers,Footwear,90,Washington,XL,Violet,Spring,4.2,No,Free Shipping,No,No,18,Debit Card,Every 3 Months,0.0,1710,1,19,1.0,4,0,0.13525410164065627,17.07602384853466,Low Value,0,0,Passive
2694,55,Female,Boots,Footwear,70,Hawaii,L,Lavender,Summer,2.6,No,Standard,No,No,46,Cash,Quarterly,0.0,3290,0,47,1.0,4,0,0.32573029211684673,36.04905697777417,Mid Value,1,0,Loyalist
2695,66,Female,Sunglasses,Accessories,27,Louisiana,M,Olive,Spring,4.9,No,Express,No,No,34,Credit Card,Every 3 Months,0.0,945,1,35,1.0,4,0,0.2440976390556222,18.260378830169547,Low Value,1,0,Loyalist
2696,50,Female,Hat,Accessories,92,Tennessee,M,Orange,Fall,3.6,No,Standard,No,No,10,PayPal,Bi-Weekly,0.0,1012,0,11,1.0,26,0,0.22462318260637587,17.348275215745513,Low Value,0,0,Potential Loyalist
2697,57,Female,Coat,Outerwear,20,South Dakota,M,White,Spring,4.7,No,Free Shipping,No,No,12,Debit Card,Monthly,0.0,260,1,13,1.0,12,0,0.14672535680939042,9.136323000527058,Low Value,0,0,Potential Loyalist
2698,42,Female,Jacket,Outerwear,52,Delaware,L,Red,Winter,3.2,No,Standard,No,No,36,Bank Transfer,Quarterly,0.0,1924,0,37,1.0,4,0,0.25770308123249297,24.448415074597648,Mid Value,1,0,Loyalist
2699,55,Female,Hoodie,Clothing,57,Virginia,M,Magenta,Summer,3.6,No,Store Pickup,No,No,34,Venmo,Quarterly,0.0,1995,0,35,1.0,4,0,0.2440976390556222,24.155349164049326,Low Value,1,0,Loyalist
2700,25,Female,Boots,Footwear,96,Utah,M,Violet,Fall,3.6,No,2-Day Shipping,No,No,49,Debit Card,Annually,0.0,4800,0,50,1.0,1,0,0.32653061224489793,44.983583472103675,High Value,1,0,Champion
2701,22,Female,T-shirt,Clothing,68,California,XL,Olive,Winter,3.2,No,Standard,No,No,36,Cash,Weekly,0.0,2516,0,37,1.0,52,0,0.5714285714285714,44.33423515858156,High Value,1,0,Champion
2702,49,Female,Sweater,Clothing,30,Idaho,L,Silver,Summer,2.8,No,Store Pickup,No,No,18,Bank Transfer,Fortnightly,0.0,570,0,19,1.0,24,0,0.26597305588902226,16.90673642025897,Low Value,0,0,Potential Loyalist
2703,70,Female,Shoes,Footwear,37,Texas,L,Gray,Fall,4.0,No,Next Day Air,No,No,39,Debit Card,Fortnightly,0.0,1480,1,40,1.0,24,0,0.4088301987461651,30.0221874115768,Mid Value,1,0,Loyalist
2704,56,Female,Scarf,Accessories,42,Tennessee,XL,Olive,Winter,4.4,No,Free Shipping,No,No,34,PayPal,Weekly,0.0,1470,1,35,1.0,52,0,0.5578231292517006,37.751622547227754,Mid Value,1,0,Loyalist
2705,52,Female,Dress,Clothing,54,Tennessee,L,Beige,Spring,3.4,No,Next Day Air,No,No,35,Debit Card,Weekly,0.0,1944,0,36,1.0,52,0,0.564625850340136,40.610013503197465,Mid Value,1,0,Loyalist
2706,65,Female,Jacket,Outerwear,81,Washington,S,Turquoise,Spring,5.0,No,Store Pickup,No,No,1,Credit Card,Bi-Weekly,0.0,162,1,2,1.0,26,0,0.1633986928104575,9.430748943388995,Low Value,0,0,Potential Loyalist
2707,24,Female,Shoes,Footwear,40,Alabama,S,Blue,Spring,3.1,No,Express,No,No,48,Debit Card,Quarterly,0.0,1960,0,49,1.0,4,0,0.33933573429371744,28.92762070982305,Mid Value,1,0,Loyalist
2708,32,Female,Backpack,Accessories,88,Nebraska,M,Pink,Fall,4.2,No,Standard,No,No,19,Cash,Weekly,0.0,1760,1,20,1.0,52,0,0.45578231292517,34.12549733782453,Mid Value,0,0,Potential Loyalist
2709,57,Female,Dress,Clothing,94,Alabama,M,Teal,Summer,3.3,No,Store Pickup,No,No,44,Debit Card,Weekly,0.0,4230,0,45,1.0,52,0,0.6258503401360545,57.273119414469754,High Value,1,0,Champion
2710,35,Female,Shirt,Clothing,54,Illinois,S,Cyan,Winter,2.9,No,Standard,No,No,9,Credit Card,Bi-Weekly,0.0,540,0,10,1.0,26,0,0.2178204615179405,14.212973510996797,Low Value,0,0,Potential Loyalist
2711,69,Female,Jacket,Outerwear,51,Wisconsin,L,Purple,Summer,4.7,No,Standard,No,No,3,Bank Transfer,Fortnightly,0.0,204,1,4,1.0,24,0,0.16393223956249164,9.705985482479367,Low Value,0,0,Potential Loyalist
2712,30,Female,Sunglasses,Accessories,22,Nebraska,L,Red,Spring,4.0,No,Standard,No,No,50,Venmo,Monthly,0.0,1122,1,51,1.0,12,0,0.40522875816993464,27.725595409493465,Mid Value,1,0,Loyalist
2713,37,Female,Jacket,Outerwear,95,North Dakota,L,Brown,Fall,4.6,No,Standard,No,No,7,Debit Card,Quarterly,0.0,760,1,8,1.0,4,0,0.06042416966786714,7.5696894022516075,Low Value,0,0,Passive
2714,19,Female,Coat,Outerwear,57,Mississippi,M,Magenta,Fall,3.8,No,2-Day Shipping,No,No,20,Debit Card,Annually,0.0,1197,0,21,1.0,1,0,0.12925170068027209,13.452411055968986,Low Value,0,0,Passive
2715,53,Female,Sweater,Clothing,45,Iowa,S,Olive,Winter,3.6,No,Store Pickup,No,No,16,Credit Card,Bi-Weekly,0.0,765,0,17,1.0,26,0,0.2654395091369881,18.027240164174454,Low Value,0,0,Potential Loyalist
2716,25,Female,Sneakers,Footwear,92,Mississippi,XL,Pink,Winter,4.1,No,Express,No,No,29,PayPal,Fortnightly,0.0,2760,1,30,1.0,24,0,0.3408029878618114,34.00436740221245,Mid Value,1,0,Loyalist
2717,47,Female,Shoes,Footwear,40,Colorado,L,Black,Spring,2.7,No,Store Pickup,No,No,21,Debit Card,Weekly,0.0,880,0,22,1.0,52,0,0.4693877551020408,29.36551169994092,Mid Value,0,0,Potential Loyalist
2718,18,Female,Sunglasses,Accessories,62,Nebraska,XL,Beige,Winter,4.3,No,Free Shipping,No,No,19,Credit Card,Every 3 Months,0.0,1240,1,20,1.0,4,0,0.14205682272909165,14.663699618298095,Low Value,0,0,Passive
2719,22,Female,Shorts,Clothing,90,Virginia,M,Peach,Winter,4.9,No,Next Day Air,No,No,10,Venmo,Bi-Weekly,0.0,990,1,11,1.0,26,0,0.22462318260637587,17.507401974397443,Low Value,0,0,Potential Loyalist
2720,69,Female,Hoodie,Clothing,82,Louisiana,S,Peach,Fall,4.2,No,Free Shipping,No,No,4,Bank Transfer,Monthly,0.0,410,1,5,1.0,12,0,0.09230358810190742,7.1749066244823565,Low Value,0,0,Potential Loyalist
2721,55,Female,Scarf,Accessories,52,Maryland,M,Peach,Spring,2.8,No,Store Pickup,No,No,45,Bank Transfer,Quarterly,0.0,2392,0,46,1.0,4,0,0.31892757102841135,30.404956283318725,Mid Value,1,0,Loyalist
2722,19,Female,Sandals,Footwear,70,Minnesota,S,Teal,Spring,4.9,No,Free Shipping,No,No,17,PayPal,Fortnightly,0.0,1260,1,18,1.0,24,0,0.2591703348005869,20.903373689685083,Low Value,0,0,Potential Loyalist
2723,23,Female,Hat,Accessories,83,Maine,M,Green,Spring,2.8,No,2-Day Shipping,No,No,22,PayPal,Fortnightly,0.0,1909,0,23,1.0,24,0,0.29318394024276373,26.2147727102656,Mid Value,0,0,Potential Loyalist
2724,54,Female,Shoes,Footwear,49,Texas,XL,Brown,Summer,2.9,No,Store Pickup,No,No,3,PayPal,Every 3 Months,0.0,196,0,4,1.0,4,0,0.03321328531412565,2.5370935818774654,Low Value,0,0,Passive
2725,52,Female,Sneakers,Footwear,91,Missouri,M,Brown,Spring,2.5,No,Next Day Air,No,No,11,Debit Card,Fortnightly,0.0,1092,0,12,1.0,24,0,0.21835400826997464,17.491701798327604,Low Value,0,0,Potential Loyalist
2726,64,Female,Backpack,Accessories,99,Mississippi,S,Violet,Summer,2.7,No,Free Shipping,No,No,4,Debit Card,Annually,0.0,495,0,5,1.0,1,0,0.02040816326530612,3.6286003985130626,Low Value,0,0,Passive
2727,33,Female,Belt,Accessories,92,Michigan,L,Blue,Winter,3.3,No,Free Shipping,No,No,11,PayPal,Bi-Weekly,0.0,1104,0,12,1.0,26,0,0.23142590369481122,18.24568110807978,Low Value,0,0,Potential Loyalist
2728,40,Female,Shirt,Clothing,87,Colorado,L,Charcoal,Winter,3.7,No,2-Day Shipping,No,No,47,Credit Card,Fortnightly,0.0,4176,0,48,1.0,24,0,0.46325196745364816,48.455576434912714,High Value,1,0,Champion
2729,26,Female,Skirt,Clothing,28,Florida,M,Pink,Winter,4.0,No,Express,No,No,17,Debit Card,Weekly,0.0,504,1,18,1.0,52,0,0.44217687074829926,26.01746368234471,Mid Value,0,0,Potential Loyalist
2730,31,Female,Gloves,Accessories,71,Montana,S,Violet,Summer,4.1,No,Free Shipping,No,No,32,Credit Card,Monthly,0.0,2343,1,33,1.0,12,0,0.2827797785780979,28.515516327256464,Mid Value,1,0,Loyalist
2731,23,Female,Gloves,Accessories,32,Wisconsin,M,Teal,Winter,4.1,No,Store Pickup,No,No,37,Bank Transfer,Annually,0.0,1216,1,38,1.0,1,0,0.24489795918367346,19.89818713612669,Low Value,1,0,Loyalist
2732,52,Female,Handbag,Accessories,33,Wisconsin,M,Red,Summer,2.5,No,2-Day Shipping,No,No,44,Bank Transfer,Quarterly,0.0,1485,0,45,1.0,4,0,0.31212484993997597,24.70785279330611,Mid Value,1,0,Loyalist
2733,21,Female,Socks,Clothing,75,Delaware,L,Orange,Winter,4.2,No,Store Pickup,No,No,27,Debit Card,Every 3 Months,0.0,2100,1,28,1.0,4,0,0.19647859143657465,22.57320749576014,Low Value,1,0,Loyalist
2734,31,Female,Backpack,Accessories,83,North Carolina,M,Magenta,Summer,4.7,No,Express,No,No,46,PayPal,Annually,0.0,3901,1,47,1.0,1,0,0.30612244897959184,38.91108365043414,Mid Value,1,0,Loyalist
2735,63,Female,Jeans,Clothing,93,New York,XL,Yellow,Summer,2.7,No,2-Day Shipping,No,No,13,Cash,Bi-Weekly,0.0,1302,0,14,1.0,26,0,0.24503134587168196,20.12294168583728,Low Value,0,0,Potential Loyalist
2736,46,Female,Skirt,Clothing,29,California,M,Yellow,Spring,3.0,No,Express,No,No,2,PayPal,Bi-Weekly,0.0,87,0,3,1.0,26,0,0.17020141389889287,9.05596937037047,Low Value,0,0,Potential Loyalist
2737,44,Female,Hoodie,Clothing,25,Montana,M,Pink,Spring,4.8,No,Store Pickup,No,No,45,Credit Card,Annually,0.0,1150,1,46,1.0,1,0,0.29931972789115646,22.354296270705117,Low Value,1,0,Loyalist
2738,57,Female,Jewelry,Accessories,76,North Carolina,S,Indigo,Spring,4.4,No,Free Shipping,No,No,35,Cash,Every 3 Months,0.0,2736,1,36,1.0,4,0,0.2509003601440576,29.16353468379893,Mid Value,1,0,Loyalist
2739,50,Female,Sneakers,Footwear,81,Ohio,M,Charcoal,Summer,4.3,No,2-Day Shipping,No,No,39,Venmo,Every 3 Months,0.0,3240,1,40,1.0,4,0,0.27811124449779906,33.55408938600013,Mid Value,1,0,Loyalist
2740,33,Female,Shirt,Clothing,80,Alaska,XL,Blue,Winter,2.5,No,Store Pickup,No,No,39,Credit Card,Every 3 Months,0.0,3200,0,40,1.0,4,0,0.27811124449779906,33.02983225795427,Mid Value,1,0,Loyalist
2741,19,Female,Sunglasses,Accessories,70,Pennsylvania,M,Lavender,Summer,4.9,No,Free Shipping,No,No,34,Bank Transfer,Fortnightly,0.0,2450,1,35,1.0,24,0,0.3748165933039882,33.95671324399137,Mid Value,1,0,Loyalist
2742,68,Female,Dress,Clothing,81,Maine,L,Yellow,Fall,4.9,No,2-Day Shipping,No,No,41,Venmo,Monthly,0.0,3402,1,42,1.0,12,0,0.3440042683740162,37.95257444423263,Mid Value,1,0,Loyalist
2743,27,Female,Shoes,Footwear,86,Texas,M,Black,Spring,3.9,No,Free Shipping,No,No,47,Debit Card,Annually,0.0,4128,0,48,1.0,1,0,0.3129251700680272,40.314842328334464,Mid Value,1,0,Loyalist
2744,61,Female,Belt,Accessories,94,New Jersey,S,Beige,Fall,4.1,No,2-Day Shipping,No,No,17,Venmo,Quarterly,0.0,1692,1,18,1.0,4,0,0.12845138055222088,16.614418719670564,Low Value,0,0,Passive
2745,38,Female,Shirt,Clothing,66,Wyoming,M,Silver,Winter,3.3,No,Store Pickup,No,No,40,Credit Card,Monthly,0.0,2706,0,41,1.0,12,0,0.3372015472855808,33.209402902268955,Mid Value,1,0,Loyalist
2746,28,Female,Boots,Footwear,98,Michigan,M,Magenta,Summer,4.1,No,Standard,No,No,44,PayPal,Bi-Weekly,0.0,4410,1,45,1.0,26,0,0.45591569961317857,49.738848569617986,High Value,1,0,Champion
2747,39,Female,Hoodie,Clothing,25,Ohio,M,Orange,Fall,3.7,No,Standard,No,No,21,PayPal,Every 3 Months,0.0,550,0,22,1.0,4,0,0.15566226490596236,11.0226618866217,Low Value,0,0,Passive
2748,18,Female,Jeans,Clothing,62,West Virginia,M,Teal,Winter,3.1,No,Free Shipping,No,No,21,Credit Card,Every 3 Months,0.0,1364,0,22,1.0,4,0,0.15566226490596236,15.816470284793693,Low Value,0,0,Passive
2749,24,Female,Jacket,Outerwear,98,Virginia,L,Turquoise,Spring,3.0,No,Free Shipping,No,No,16,Venmo,Annually,0.0,1666,0,17,1.0,1,0,0.10204081632653061,14.792047473450031,Low Value,0,0,Passive
2750,64,Female,Jacket,Outerwear,53,Vermont,M,Cyan,Spring,3.4,No,Standard,No,No,15,Bank Transfer,Annually,0.0,848,0,16,1.0,1,0,0.09523809523809523,9.619082739502899,Low Value,0,0,Passive
2751,51,Female,Sandals,Footwear,66,Alaska,L,Pink,Spring,2.7,No,2-Day Shipping,No,No,26,PayPal,Every 3 Months,0.0,1782,0,27,1.0,4,0,0.18967587034813926,20.056153367198196,Low Value,1,0,Loyalist
2752,27,Female,Dress,Clothing,52,Minnesota,S,Indigo,Fall,3.1,No,Free Shipping,No,No,50,Venmo,Monthly,0.0,2652,0,51,1.0,12,0,0.40522875816993464,36.44738150642306,Mid Value,1,0,Loyalist
2753,48,Female,Sweater,Clothing,64,Colorado,S,Peach,Winter,4.0,No,Free Shipping,No,No,30,Venmo,Bi-Weekly,0.0,1984,1,31,1.0,26,0,0.36067760437508334,30.47325703870755,Mid Value,1,0,Loyalist
2754,69,Female,Gloves,Accessories,59,Rhode Island,M,Beige,Spring,3.6,No,Next Day Air,No,No,48,PayPal,Quarterly,0.0,2891,0,49,1.0,4,0,0.33933573429371744,34.41046545023843,Mid Value,1,0,Loyalist
2755,59,Female,Sunglasses,Accessories,61,New Jersey,L,Gold,Summer,3.6,No,Free Shipping,No,No,21,Venmo,Bi-Weekly,0.0,1342,0,22,1.0,26,0,0.29945311457916496,23.203305968089207,Low Value,0,0,Potential Loyalist
2756,59,Female,Belt,Accessories,97,Nevada,M,Indigo,Winter,3.3,No,Store Pickup,No,No,18,Credit Card,Annually,0.0,1843,0,19,1.0,1,0,0.11564625850340135,16.545634861574097,Low Value,0,0,Passive
2757,42,Female,Hat,Accessories,23,Minnesota,L,Violet,Winter,4.1,No,Free Shipping,No,No,41,PayPal,Monthly,0.0,966,1,42,1.0,12,0,0.3440042683740162,23.606484446754774,Low Value,1,0,Loyalist
2758,39,Female,Hat,Accessories,98,Delaware,XL,Brown,Fall,4.3,No,Next Day Air,No,No,11,Venmo,Monthly,0.0,1176,1,12,1.0,12,0,0.13992263572095504,14.175230210597423,Low Value,0,0,Potential Loyalist
2759,32,Female,Blouse,Clothing,98,Illinois,M,Purple,Summer,3.2,No,Standard,No,No,8,Bank Transfer,Bi-Weekly,0.0,882,0,9,1.0,26,0,0.2110177404295051,15.871480204420074,Low Value,0,0,Potential Loyalist
2760,68,Female,Shoes,Footwear,59,Washington,M,Turquoise,Summer,3.9,No,Free Shipping,No,No,42,Cash,Every 3 Months,0.0,2537,0,43,1.0,4,0,0.2985194077631052,30.19209159849086,Mid Value,1,0,Loyalist
2761,41,Female,Skirt,Clothing,82,Alaska,S,Violet,Fall,5.0,No,Next Day Air,No,No,41,Credit Card,Bi-Weekly,0.0,3444,1,42,1.0,26,0,0.4355075363478724,42.98308323323104,Mid Value,1,0,Loyalist
2762,31,Female,Sneakers,Footwear,82,Michigan,M,Purple,Fall,3.4,No,Next Day Air,No,No,3,Credit Card,Every 3 Months,0.0,328,0,4,1.0,4,0,0.03321328531412565,3.3144679167161635,Low Value,0,0,Passive
2763,58,Female,T-shirt,Clothing,41,Georgia,M,Charcoal,Fall,3.8,No,Store Pickup,No,No,10,Debit Card,Every 3 Months,0.0,451,0,11,1.0,4,0,0.08083233293317327,6.528036220245734,Low Value,0,0,Passive
2764,28,Female,Handbag,Accessories,52,West Virginia,M,Green,Fall,2.9,No,2-Day Shipping,No,No,35,Venmo,Quarterly,0.0,1872,0,36,1.0,4,0,0.2509003601440576,23.78657716251753,Low Value,1,0,Loyalist
2765,63,Female,Sweater,Clothing,41,Arizona,XL,White,Spring,2.6,No,Next Day Air,No,No,2,Debit Card,Weekly,0.0,123,0,3,1.0,52,0,0.3401360544217687,18.150996456386377,Low Value,0,0,Potential Loyalist
2766,64,Female,Gloves,Accessories,70,Colorado,M,Purple,Summer,4.3,No,2-Day Shipping,No,No,24,Credit Card,Quarterly,0.0,1750,1,25,1.0,4,0,0.1760704281712685,19.44518905528714,Low Value,0,0,Passive
2767,66,Female,Dress,Clothing,91,Tennessee,M,Cyan,Winter,2.8,No,Standard,No,No,47,Credit Card,Monthly,0.0,4368,0,48,1.0,12,0,0.3848205949046285,45.48644924607703,High Value,1,0,Champion
2768,31,Female,Dress,Clothing,95,Iowa,M,Green,Spring,4.5,No,Free Shipping,No,No,31,Cash,Monthly,0.0,3040,1,32,1.0,12,0,0.2759770574896625,32.264688845435344,Mid Value,1,0,Loyalist
2769,55,Female,Blouse,Clothing,25,Kansas,M,Beige,Spring,3.8,No,2-Day Shipping,No,No,28,PayPal,Bi-Weekly,0.0,725,0,29,1.0,26,0,0.3470721621982126,22.058866636916964,Low Value,1,0,Loyalist
2770,32,Female,Shirt,Clothing,89,Oklahoma,L,Lavender,Fall,3.0,No,Standard,No,No,13,Cash,Weekly,0.0,1246,0,14,1.0,52,0,0.4149659863945578,28.676162417268635,Mid Value,0,0,Potential Loyalist
2771,50,Female,Boots,Footwear,44,Nebraska,S,Blue,Fall,3.3,No,Express,No,No,22,Bank Transfer,Quarterly,0.0,1012,0,23,1.0,4,0,0.16246498599439774,14.099071596306878,Low Value,0,0,Passive
2772,58,Female,Jacket,Outerwear,52,Maryland,S,Beige,Summer,3.1,No,2-Day Shipping,No,No,12,Bank Transfer,Fortnightly,0.0,676,0,13,1.0,24,0,0.22515672935841002,15.397394341434142,Low Value,0,0,Potential Loyalist
2773,18,Female,Backpack,Accessories,94,Pennsylvania,L,Blue,Spring,3.5,No,Store Pickup,No,No,10,Bank Transfer,Every 3 Months,0.0,1034,0,11,1.0,4,0,0.08083233293317327,9.961439532450001,Low Value,0,0,Passive
2774,39,Female,Pants,Clothing,98,Arizona,S,Maroon,Spring,4.6,No,Express,No,No,45,Bank Transfer,Quarterly,0.0,4508,1,46,1.0,4,0,0.31892757102841135,43.155191586555084,Mid Value,1,0,Loyalist
2775,56,Female,Boots,Footwear,40,Oklahoma,L,Yellow,Fall,4.1,No,Standard,No,No,42,Credit Card,Quarterly,0.0,1720,1,43,1.0,4,0,0.2985194077631052,25.669304749591515,Mid Value,1,0,Loyalist
2776,37,Female,Socks,Clothing,25,Montana,L,Red,Fall,3.6,No,Free Shipping,No,No,16,Debit Card,Weekly,0.0,425,0,17,1.0,52,0,0.43537414965986393,24.907928235801332,Mid Value,0,0,Potential Loyalist
2777,46,Female,Scarf,Accessories,62,Wyoming,L,Green,Fall,2.9,No,Free Shipping,No,No,6,Bank Transfer,Annually,0.0,434,0,7,1.0,1,0,0.03401360544217687,3.9805583041249273,Low Value,0,0,Passive
2778,52,Female,Blouse,Clothing,24,Idaho,M,Magenta,Fall,4.8,No,Standard,No,No,28,Credit Card,Every 3 Months,0.0,696,1,29,1.0,4,0,0.20328131252500997,14.66037092658912,Low Value,1,0,Loyalist
2779,70,Female,Belt,Accessories,57,Pennsylvania,L,Yellow,Spring,3.2,No,Standard,No,No,24,Credit Card,Bi-Weekly,0.0,1425,0,25,1.0,26,0,0.3198612778444711,24.75890814036574,Mid Value,0,0,Potential Loyalist
2780,61,Female,Sunglasses,Accessories,66,Montana,L,Blue,Winter,4.3,No,Express,No,No,14,Credit Card,Fortnightly,0.0,990,1,15,1.0,24,0,0.2387621715352808,18.246491209720396,Low Value,0,0,Potential Loyalist
2781,33,Female,Boots,Footwear,70,Ohio,M,Charcoal,Winter,4.1,No,Next Day Air,No,No,29,PayPal,Fortnightly,0.0,2100,1,30,1.0,24,0,0.3408029878618114,30.117495728018945,Mid Value,1,0,Loyalist
2782,65,Female,Sandals,Footwear,39,Mississippi,M,Blue,Spring,4.6,No,Standard,No,No,33,PayPal,Weekly,0.0,1326,1,34,1.0,52,0,0.5510204081632653,36.547978280563086,Mid Value,1,0,Loyalist
2783,41,Female,Gloves,Accessories,34,Idaho,S,Cyan,Spring,3.8,No,Free Shipping,No,No,30,PayPal,Annually,0.0,1054,0,31,1.0,1,0,0.19727891156462585,16.16625090405761,Low Value,1,0,Loyalist
2784,19,Female,Skirt,Clothing,38,Virginia,M,Silver,Spring,4.5,No,Next Day Air,No,No,26,Credit Card,Quarterly,0.0,1026,1,27,1.0,4,0,0.18967587034813926,15.892607688186434,Low Value,1,0,Loyalist
2785,33,Female,Skirt,Clothing,70,Idaho,M,Black,Winter,3.1,No,Express,No,No,12,PayPal,Every 3 Months,0.0,910,0,13,1.0,4,0,0.09443777511004402,9.942377869161573,Low Value,0,0,Passive
2786,53,Female,Blouse,Clothing,80,Louisiana,S,Green,Summer,2.9,No,Next Day Air,No,No,13,Bank Transfer,Monthly,0.0,1120,0,14,1.0,12,0,0.1535280778978258,14.267944965949333,Low Value,0,0,Potential Loyalist
2787,54,Female,Handbag,Accessories,51,Colorado,M,Violet,Spring,3.8,No,Next Day Air,No,No,41,Debit Card,Every 3 Months,0.0,2142,0,42,1.0,4,0,0.2917166866746698,27.51025825573139,Mid Value,1,0,Loyalist
2788,36,Female,Boots,Footwear,79,West Virginia,XL,Pink,Spring,4.1,No,Next Day Air,No,No,4,Venmo,Fortnightly,0.0,395,1,5,1.0,24,0,0.17073496065092703,11.186422125942663,Low Value,0,0,Potential Loyalist
2789,56,Female,Boots,Footwear,92,Rhode Island,M,Olive,Summer,3.1,No,Free Shipping,No,No,2,Credit Card,Annually,0.0,276,0,3,1.0,1,0,0.006802721088435373,1.6276666311221377,Low Value,0,0,Passive
2790,28,Female,Sweater,Clothing,85,North Carolina,L,Orange,Fall,5.0,No,Express,No,No,28,Credit Card,Bi-Weekly,0.0,2465,1,29,1.0,26,0,0.3470721621982126,32.594762925764286,Mid Value,1,0,Loyalist
2791,34,Female,Socks,Clothing,63,Maine,M,Black,Spring,4.5,No,Free Shipping,No,No,24,Debit Card,Annually,0.0,1575,1,25,1.0,1,0,0.1564625850340136,17.38961576816132,Low Value,0,0,Passive
2792,43,Female,Gloves,Accessories,60,Iowa,M,Yellow,Fall,2.8,No,Express,No,No,14,Venmo,Fortnightly,0.0,900,0,15,1.0,24,0,0.2387621715352808,17.427774106356843,Low Value,0,0,Potential Loyalist
2793,54,Female,Shorts,Clothing,44,Kentucky,L,Violet,Winter,3.2,No,Express,No,No,11,Credit Card,Weekly,0.0,528,0,12,1.0,52,0,0.4013605442176871,23.736518096207163,Low Value,0,0,Potential Loyalist
2794,37,Female,Boots,Footwear,57,Massachusetts,M,Silver,Spring,3.1,No,Standard,No,No,27,Debit Card,Bi-Weekly,0.0,1596,0,28,1.0,26,0,0.3402694411097772,26.8327598692014,Mid Value,1,0,Loyalist
2795,33,Female,Jacket,Outerwear,24,New York,M,Gold,Fall,3.3,No,Standard,No,No,7,Cash,Fortnightly,0.0,192,0,8,1.0,24,0,0.19114312391623314,10.769024091610293,Low Value,0,0,Potential Loyalist
2796,33,Female,Scarf,Accessories,35,Nebraska,M,Magenta,Winter,3.4,No,Store Pickup,No,No,49,PayPal,Annually,0.0,1750,0,50,1.0,1,0,0.32653061224489793,27.02152497772457,Mid Value,1,0,Loyalist
2797,55,Female,Jacket,Outerwear,73,Oklahoma,M,Red,Winter,3.8,No,Store Pickup,No,No,21,Cash,Annually,0.0,1606,0,22,1.0,1,0,0.13605442176870747,16.21669319181741,Low Value,0,0,Passive
2798,63,Female,Jewelry,Accessories,42,Oklahoma,M,Green,Winter,3.5,No,Express,No,No,10,Venmo,Every 3 Months,0.0,462,0,11,1.0,4,0,0.08083233293317327,6.592817414815627,Low Value,0,0,Passive
2799,52,Female,Hoodie,Clothing,20,Rhode Island,XL,Red,Winter,4.8,No,Store Pickup,No,No,37,PayPal,Weekly,0.0,760,1,38,1.0,52,0,0.5782312925170068,34.637089510965716,Mid Value,1,0,Loyalist
2800,23,Female,T-shirt,Clothing,89,Maine,L,Pink,Spring,3.9,No,Free Shipping,No,No,9,Bank Transfer,Every 3 Months,0.0,890,0,10,1.0,4,0,0.07402961184473789,8.757795265785333,Low Value,0,0,Passive
2801,70,Female,Shirt,Clothing,76,Arkansas,L,Violet,Fall,3.4,No,Free Shipping,No,No,14,Cash,Bi-Weekly,0.0,1140,0,15,1.0,26,0,0.25183406696011734,19.52449090355769,Low Value,0,0,Potential Loyalist
2802,64,Female,Shirt,Clothing,56,New Mexico,M,Indigo,Winter,2.6,No,Express,No,No,30,PayPal,Annually,0.0,1736,0,31,1.0,1,0,0.19727891156462585,20.1826849673909,Low Value,1,0,Loyalist
2803,22,Female,Coat,Outerwear,100,Hawaii,L,Red,Fall,3.1,No,Store Pickup,No,No,42,Credit Card,Fortnightly,0.0,4300,0,43,1.0,24,0,0.42923836201147125,47.40783948495198,High Value,1,0,Champion
2804,46,Female,T-shirt,Clothing,44,Idaho,M,Violet,Winter,3.3,No,Free Shipping,No,No,31,Bank Transfer,Monthly,0.0,1408,0,32,1.0,12,0,0.2759770574896625,22.364826103274225,Low Value,1,0,Loyalist
2805,65,Female,Hoodie,Clothing,76,South Carolina,M,Cyan,Spring,2.8,No,Standard,No,No,48,Bank Transfer,Every 3 Months,0.0,3724,0,49,1.0,4,0,0.33933573429371744,39.316168639031154,Mid Value,1,0,Loyalist
2806,18,Female,Sunglasses,Accessories,97,Nevada,S,Black,Fall,4.3,No,Standard,No,No,48,Cash,Quarterly,0.0,4753,1,49,1.0,4,0,0.33933573429371744,45.66484407886093,High Value,1,0,Champion
2807,45,Female,Blouse,Clothing,39,South Carolina,L,Purple,Spring,2.7,No,Standard,No,No,50,Credit Card,Annually,0.0,1989,0,51,1.0,1,0,0.3333333333333333,28.784643197492848,Mid Value,1,0,Loyalist
2808,56,Female,Hoodie,Clothing,100,Maryland,M,Charcoal,Spring,4.4,No,2-Day Shipping,No,No,10,Debit Card,Fortnightly,0.0,1100,1,11,1.0,24,0,0.21155128718153926,17.471905004420424,Low Value,0,0,Potential Loyalist
2809,49,Female,Skirt,Clothing,62,Tennessee,M,Beige,Spring,3.9,No,Free Shipping,No,No,45,PayPal,Every 3 Months,0.0,2852,0,46,1.0,4,0,0.31892757102841135,33.113988056241475,Mid Value,1,0,Loyalist
2810,66,Female,Shorts,Clothing,98,Arkansas,XL,Teal,Summer,3.0,No,Standard,No,No,27,Debit Card,Quarterly,0.0,2744,0,28,1.0,4,0,0.19647859143657465,26.077162830060274,Mid Value,1,0,Loyalist
2811,27,Female,Jeans,Clothing,31,Arizona,M,Purple,Summer,4.0,No,Standard,No,No,10,Debit Card,Fortnightly,0.0,341,1,11,1.0,24,0,0.21155128718153926,13.002002579097887,Low Value,0,0,Potential Loyalist
2812,69,Female,Jacket,Outerwear,89,Ohio,M,Blue,Fall,3.7,No,Store Pickup,No,No,19,Credit Card,Quarterly,0.0,1780,0,20,1.0,4,0,0.14205682272909165,17.555178203937434,Low Value,0,0,Passive
2813,66,Female,Hoodie,Clothing,91,North Dakota,XL,Magenta,Fall,3.8,No,Store Pickup,No,No,1,Credit Card,Every 3 Months,0.0,182,0,2,1.0,4,0,0.0196078431372549,1.7434457132890657,Low Value,0,0,Passive
2814,45,Female,Shirt,Clothing,50,Vermont,S,Maroon,Summer,3.3,No,2-Day Shipping,No,No,39,Debit Card,Quarterly,0.0,2000,0,40,1.0,4,0,0.27811124449779906,25.962792850329702,Mid Value,1,0,Loyalist
2815,31,Female,T-shirt,Clothing,32,Minnesota,L,Gold,Winter,3.6,No,Standard,No,No,14,Bank Transfer,Monthly,0.0,480,0,15,1.0,12,0,0.16033079898626118,10.854456819632626,Low Value,0,0,Potential Loyalist
2816,33,Female,Blouse,Clothing,67,Idaho,L,Black,Fall,3.9,No,Free Shipping,No,No,40,Venmo,Every 3 Months,0.0,2747,0,41,1.0,4,0,0.28491396558623444,30.717624419325713,Mid Value,1,0,Loyalist
2817,43,Female,Skirt,Clothing,28,Maryland,M,Black,Spring,3.5,No,Free Shipping,No,No,45,Venmo,Weekly,0.0,1288,0,46,1.0,52,0,0.6326530612244898,40.30269400452659,Mid Value,1,0,Loyalist
2818,25,Female,Backpack,Accessories,65,South Carolina,XL,Yellow,Winter,3.4,No,Standard,No,No,6,Venmo,Weekly,0.0,455,0,7,1.0,52,0,0.36734693877551017,21.528608843494723,Low Value,0,0,Potential Loyalist
2819,46,Female,Shorts,Clothing,73,California,M,Turquoise,Fall,4.7,No,Next Day Air,No,No,12,Debit Card,Annually,0.0,949,1,13,1.0,1,0,0.07482993197278912,9.435782424187183,Low Value,0,0,Passive
2820,67,Female,Shirt,Clothing,27,Georgia,L,Lavender,Spring,3.0,No,Free Shipping,No,No,19,Cash,Monthly,0.0,540,0,20,1.0,12,0,0.19434440442843803,12.985806478762463,Low Value,0,0,Potential Loyalist
2821,26,Female,Backpack,Accessories,89,Vermont,L,Yellow,Summer,3.9,No,Free Shipping,No,No,5,Cash,Bi-Weekly,0.0,534,0,6,1.0,26,0,0.190609577164199,12.755240162959788,Low Value,0,0,Potential Loyalist
2822,35,Female,Shoes,Footwear,72,Georgia,L,Olive,Summer,4.5,No,Standard,No,No,37,Venmo,Monthly,0.0,2736,1,38,1.0,12,0,0.3167933840202748,32.607969422002114,Mid Value,1,0,Loyalist
2823,61,Female,Skirt,Clothing,37,New Jersey,S,Brown,Fall,4.1,No,Standard,No,No,33,PayPal,Quarterly,0.0,1258,1,34,1.0,4,0,0.23729491796718682,19.748098737908563,Low Value,1,0,Loyalist
2824,26,Female,Dress,Clothing,63,Utah,M,Olive,Summer,4.5,No,Standard,No,No,47,Debit Card,Bi-Weekly,0.0,3024,1,48,1.0,26,0,0.4763238628784847,42.643216667060784,Mid Value,1,0,Loyalist
2825,39,Female,Hat,Accessories,90,Utah,M,Purple,Fall,4.0,No,Free Shipping,No,No,49,Debit Card,Quarterly,0.0,4500,1,50,1.0,4,0,0.3461384553821528,44.53047614150314,High Value,1,0,Champion
2826,69,Female,Handbag,Accessories,62,North Carolina,M,Yellow,Winter,4.3,No,2-Day Shipping,No,No,28,Bank Transfer,Annually,0.0,1798,1,29,1.0,1,0,0.18367346938775508,20.125305409077107,Low Value,1,0,Loyalist
2827,32,Female,Handbag,Accessories,43,Florida,L,Brown,Fall,3.6,No,Express,No,No,23,Venmo,Annually,0.0,1032,0,24,1.0,1,0,0.14965986394557823,13.54749175066977,Low Value,0,0,Passive
2828,20,Female,Blouse,Clothing,96,Wisconsin,M,Magenta,Fall,3.1,No,Next Day Air,No,No,11,Bank Transfer,Bi-Weekly,0.0,1152,0,12,1.0,26,0,0.23142590369481122,18.528362684384767,Low Value,0,0,Potential Loyalist
2829,25,Female,Scarf,Accessories,83,Tennessee,L,Lavender,Fall,2.6,No,Standard,No,No,33,PayPal,Quarterly,0.0,2822,0,34,1.0,4,0,0.23729491796718682,28.670117618054196,Mid Value,1,0,Loyalist
2830,56,Female,Jewelry,Accessories,67,Arizona,XL,Teal,Fall,3.4,No,Next Day Air,No,No,47,Cash,Weekly,0.0,3216,0,48,1.0,52,0,0.6462585034013606,52.36826972827616,High Value,1,0,Champion
2831,63,Female,Skirt,Clothing,90,Oregon,L,Cyan,Spring,2.9,No,Store Pickup,No,No,13,Venmo,Every 3 Months,0.0,1260,0,14,1.0,4,0,0.10124049619847938,12.359197234135122,Low Value,0,0,Passive
2832,34,Female,Hoodie,Clothing,53,Virginia,L,Pink,Winter,5.0,No,Express,No,No,4,Credit Card,Weekly,0.0,265,1,5,1.0,52,0,0.35374149659863946,19.987151009579772,Low Value,0,0,Potential Loyalist
2833,29,Female,Scarf,Accessories,37,Maryland,M,Magenta,Summer,4.6,No,Standard,No,No,40,PayPal,Quarterly,0.0,1517,1,41,1.0,4,0,0.28491396558623444,23.76259817430225,Low Value,1,0,Loyalist
2834,43,Female,Jeans,Clothing,56,Arkansas,M,Teal,Fall,3.3,No,Free Shipping,No,No,19,Cash,Monthly,0.0,1120,0,20,1.0,12,0,0.19434440442843803,16.401542192447668,Low Value,0,0,Potential Loyalist
2835,39,Female,Jacket,Outerwear,43,Texas,M,Indigo,Fall,2.9,No,2-Day Shipping,No,No,17,Credit Card,Weekly,0.0,774,0,18,1.0,52,0,0.44217687074829926,27.318858401268525,Mid Value,0,0,Potential Loyalist
2836,33,Female,T-shirt,Clothing,84,Vermont,S,Pink,Winter,4.9,No,Free Shipping,No,No,7,Venmo,Annually,0.0,672,1,8,1.0,1,0,0.04081632653061224,6.026476472178569,Low Value,0,0,Passive
2837,51,Female,Pants,Clothing,50,Wyoming,M,Charcoal,Winter,5.0,No,2-Day Shipping,No,No,21,Cash,Bi-Weekly,0.0,1100,1,22,1.0,26,0,0.29945311457916496,22.0668088353433,Low Value,0,0,Potential Loyalist
2838,65,Female,Shoes,Footwear,88,Alabama,M,Brown,Summer,4.5,No,Express,No,No,44,PayPal,Weekly,0.0,3960,1,45,1.0,52,0,0.6258503401360545,55.97172469554595,High Value,1,0,Champion
2839,51,Female,Jacket,Outerwear,50,Maine,M,Blue,Fall,3.7,No,Free Shipping,No,No,2,Bank Transfer,Weekly,0.0,150,0,3,1.0,52,0,0.3401360544217687,18.31000484305793,Low Value,0,0,Potential Loyalist
2840,70,Female,Scarf,Accessories,80,South Dakota,L,Teal,Summer,2.8,No,Store Pickup,No,No,30,Bank Transfer,Monthly,0.0,2480,0,31,1.0,12,0,0.2691743364012271,28.322448436335772,Mid Value,1,0,Loyalist
2841,40,Female,T-shirt,Clothing,47,West Virginia,L,Pink,Spring,3.5,No,Store Pickup,No,No,41,Cash,Annually,0.0,1974,0,42,1.0,1,0,0.27210884353741494,25.495909365150045,Mid Value,1,0,Loyalist
2842,19,Female,Dress,Clothing,33,Ohio,XL,Magenta,Winter,3.0,No,2-Day Shipping,No,No,31,Cash,Weekly,0.0,1056,0,32,1.0,52,0,0.5374149659863945,33.958006190556404,Mid Value,1,0,Loyalist
2843,28,Female,Coat,Outerwear,100,Arizona,L,Green,Fall,4.3,No,Standard,No,No,48,Debit Card,Quarterly,0.0,4900,1,49,1.0,4,0,0.33933573429371744,46.530556406294934,High Value,1,0,Champion
2844,51,Female,Sweater,Clothing,26,Ohio,M,White,Summer,3.6,No,Store Pickup,No,No,41,Venmo,Weekly,0.0,1092,0,42,1.0,52,0,0.6054421768707483,37.72601275028236,Mid Value,1,0,Loyalist
2845,32,Female,Hat,Accessories,79,New Mexico,M,Indigo,Summer,4.4,No,Standard,No,No,42,Venmo,Annually,0.0,3397,1,43,1.0,1,0,0.2789115646258503,34.52052894823294,Mid Value,1,0,Loyalist
2846,26,Female,Backpack,Accessories,77,South Dakota,L,Lavender,Summer,4.1,No,Express,No,No,39,Debit Card,Every 3 Months,0.0,3080,1,40,1.0,4,0,0.27811124449779906,32.611817464983524,Mid Value,1,0,Loyalist
2847,50,Female,Socks,Clothing,36,Oklahoma,XL,Black,Fall,2.8,No,Next Day Air,No,No,15,PayPal,Bi-Weekly,0.0,576,0,16,1.0,26,0,0.2586367880485527,16.558581919723864,Low Value,0,0,Potential Loyalist
2848,68,Female,Jewelry,Accessories,21,Connecticut,L,Charcoal,Winter,2.8,No,Free Shipping,No,No,3,PayPal,Every 3 Months,0.0,84,0,4,1.0,4,0,0.03321328531412565,1.877503237165834,Low Value,0,0,Passive
2849,33,Female,Boots,Footwear,72,Wisconsin,L,Gray,Fall,4.9,No,Store Pickup,No,No,28,Bank Transfer,Quarterly,0.0,2088,1,29,1.0,4,0,0.20328131252500997,22.85813663943361,Low Value,1,0,Loyalist
2850,56,Female,Coat,Outerwear,25,New Hampshire,M,Gold,Spring,4.1,No,Express,No,No,27,PayPal,Bi-Weekly,0.0,700,1,28,1.0,26,0,0.3402694411097772,21.84472625930011,Low Value,1,0,Loyalist
2851,57,Female,Sweater,Clothing,79,Nebraska,M,Silver,Spring,3.0,No,Store Pickup,No,No,36,Debit Card,Annually,0.0,2923,0,37,1.0,1,0,0.23809523809523808,29.306762007931198,Mid Value,1,0,Loyalist
2852,58,Female,Blouse,Clothing,73,Nevada,L,Teal,Summer,3.0,No,Store Pickup,No,No,42,Debit Card,Monthly,0.0,3139,0,43,1.0,12,0,0.3508069894624516,36.4706253640196,Mid Value,1,0,Loyalist
2853,40,Female,Belt,Accessories,71,New York,M,Magenta,Spring,3.0,No,Store Pickup,No,No,30,Venmo,Weekly,0.0,2201,0,31,1.0,52,0,0.5306122448979591,40.345540087581774,Mid Value,1,0,Loyalist
2854,37,Female,Hat,Accessories,48,Pennsylvania,M,Magenta,Winter,3.2,No,Next Day Air,No,No,9,PayPal,Weekly,0.0,480,0,10,1.0,52,0,0.3877551020408163,22.742637444402735,Low Value,0,0,Potential Loyalist
2855,36,Female,Sandals,Footwear,28,Delaware,M,Beige,Fall,2.7,No,Store Pickup,No,No,25,Venmo,Monthly,0.0,728,0,26,1.0,12,0,0.23516073095905027,16.226573212455307,Low Value,0,0,Potential Loyalist
2856,29,Female,Boots,Footwear,95,Mississippi,S,Maroon,Winter,3.8,No,2-Day Shipping,No,No,33,PayPal,Quarterly,0.0,3230,0,34,1.0,4,0,0.23729491796718682,31.072911016646547,Mid Value,1,0,Loyalist
2857,65,Female,Jacket,Outerwear,48,Iowa,M,Indigo,Winter,3.5,No,2-Day Shipping,No,No,31,Credit Card,Monthly,0.0,1536,0,32,1.0,12,0,0.2759770574896625,23.11864364008751,Low Value,1,0,Loyalist
2858,44,Female,Dress,Clothing,93,Utah,S,Maroon,Spring,3.8,No,Next Day Air,No,No,35,Debit Card,Monthly,0.0,3348,0,36,1.0,12,0,0.30318794184340403,35.21227129659948,Mid Value,1,0,Loyalist
2859,34,Female,Jeans,Clothing,87,Maryland,L,Teal,Summer,3.8,No,2-Day Shipping,No,No,46,Bank Transfer,Monthly,0.0,4089,0,47,1.0,12,0,0.3780178738161931,43.487763046054596,Mid Value,1,0,Loyalist
2860,31,Female,Shorts,Clothing,32,Utah,L,Yellow,Fall,3.4,No,Express,No,No,29,Bank Transfer,Annually,0.0,960,0,30,1.0,1,0,0.19047619047619047,15.257066612710632,Low Value,1,0,Loyalist
2861,28,Female,Shirt,Clothing,38,Rhode Island,M,Gold,Spring,2.9,No,Next Day Air,No,No,49,Bank Transfer,Weekly,0.0,1900,0,50,1.0,52,0,0.6598639455782312,45.32928225341401,High Value,1,0,Champion
2862,66,Female,Coat,Outerwear,54,Maryland,M,Teal,Fall,3.4,No,Free Shipping,No,No,27,Credit Card,Monthly,0.0,1512,0,28,1.0,12,0,0.24876617313592103,21.55490470093613,Low Value,1,0,Loyalist
2863,68,Female,Coat,Outerwear,75,Hawaii,S,Violet,Summer,4.7,No,Store Pickup,No,No,5,Bank Transfer,Every 3 Months,0.0,450,1,6,1.0,4,0,0.046818727490996394,5.032838479782486,Low Value,0,0,Passive
2864,37,Female,T-shirt,Clothing,56,Connecticut,M,Yellow,Fall,3.9,No,2-Day Shipping,No,No,18,Venmo,Monthly,0.0,1064,0,19,1.0,12,0,0.18754168334000265,15.716147482342132,Low Value,0,0,Potential Loyalist
2865,58,Female,Sweater,Clothing,43,Illinois,S,Maroon,Fall,3.6,No,Store Pickup,No,No,31,Venmo,Weekly,0.0,1376,0,32,1.0,52,0,0.5374149659863945,35.84255003258962,Mid Value,1,0,Loyalist
2866,28,Female,Skirt,Clothing,97,California,M,Silver,Fall,3.7,No,Free Shipping,No,No,27,Cash,Fortnightly,0.0,2716,0,28,1.0,24,0,0.32719754568494064,32.74535440064172,Mid Value,1,0,Loyalist
2867,54,Female,Blouse,Clothing,75,Connecticut,S,Violet,Summer,3.1,No,Free Shipping,No,No,19,Cash,Annually,0.0,1500,0,20,1.0,1,0,0.12244897959183673,14.881238968644464,Low Value,0,0,Passive
2868,21,Female,Sneakers,Footwear,55,Colorado,L,White,Summer,4.9,No,Next Day Air,No,No,33,Cash,Fortnightly,0.0,1870,1,34,1.0,24,0,0.3680138722155528,30.18537799255645,Mid Value,1,0,Loyalist
2869,45,Female,Backpack,Accessories,49,Colorado,M,Black,Winter,2.6,No,Next Day Air,No,No,42,PayPal,Every 3 Months,0.0,2107,0,43,1.0,4,0,0.2985194077631052,27.659735810758722,Mid Value,1,0,Loyalist
2870,57,Female,Socks,Clothing,58,Georgia,M,White,Summer,4.2,No,Standard,No,No,16,Bank Transfer,Weekly,0.0,986,1,17,1.0,52,0,0.43537414965986393,28.50045830665752,Mid Value,0,0,Potential Loyalist
2871,47,Female,Jewelry,Accessories,34,North Dakota,M,Blue,Winter,4.8,No,Free Shipping,No,No,49,Debit Card,Every 3 Months,0.0,1700,1,50,1.0,4,0,0.3461384553821528,28.040717523712495,Mid Value,1,0,Loyalist
2872,46,Female,Shorts,Clothing,43,Idaho,S,Black,Summer,2.7,No,2-Day Shipping,No,No,40,Venmo,Bi-Weekly,0.0,1763,0,41,1.0,26,0,0.42870481525943704,32.43905017750887,Mid Value,1,0,Loyalist
2873,63,Female,Jewelry,Accessories,48,Connecticut,L,Olive,Fall,2.6,No,Next Day Air,No,No,5,Cash,Annually,0.0,288,0,6,1.0,1,0,0.027210884353741492,2.7651356384475507,Low Value,0,0,Passive
2874,44,Female,Sweater,Clothing,40,Montana,M,Teal,Spring,2.6,No,Free Shipping,No,No,8,Bank Transfer,Monthly,0.0,360,0,9,1.0,12,0,0.11951447245564892,8.01415565237184,Low Value,0,0,Potential Loyalist
2875,36,Female,Shirt,Clothing,29,Colorado,L,Silver,Summer,3.1,No,Standard,No,No,2,Debit Card,Annually,0.0,87,0,3,1.0,1,0,0.006802721088435373,0.5146079244212701,Low Value,0,0,Passive
2876,24,Female,Pants,Clothing,81,Kentucky,M,Pink,Fall,2.6,No,Free Shipping,No,No,14,Debit Card,Weekly,0.0,1215,0,15,1.0,52,0,0.42176870748299317,28.849196770321388,Mid Value,0,0,Potential Loyalist
2877,65,Female,Hoodie,Clothing,84,New Mexico,M,Charcoal,Spring,3.4,No,2-Day Shipping,No,No,5,Bank Transfer,Fortnightly,0.0,504,0,6,1.0,24,0,0.1775376817393624,11.895255262093237,Low Value,0,0,Potential Loyalist
2878,32,Female,Socks,Clothing,46,New Jersey,M,Silver,Summer,3.6,No,Standard,No,No,34,Venmo,Monthly,0.0,1610,0,35,1.0,12,0,0.29638522075496865,24.621243016806858,Mid Value,1,0,Loyalist
2879,63,Female,Dress,Clothing,86,California,L,Turquoise,Summer,4.3,No,Next Day Air,No,No,13,Bank Transfer,Annually,0.0,1204,1,14,1.0,1,0,0.08163265306122448,11.293127836057119,Low Value,0,0,Passive
2880,62,Female,Blouse,Clothing,57,North Dakota,XL,Turquoise,Winter,4.9,No,Free Shipping,No,No,31,Venmo,Annually,0.0,1824,1,32,1.0,1,0,0.20408163265306123,21.345223209491472,Low Value,1,0,Loyalist
2881,19,Female,Skirt,Clothing,61,Florida,L,Beige,Winter,4.8,No,Store Pickup,No,No,43,PayPal,Quarterly,0.0,2684,1,44,1.0,4,0,0.3053221288515406,31.702092611466306,Mid Value,1,0,Loyalist
2882,38,Female,Backpack,Accessories,90,Texas,M,Cyan,Winter,4.2,No,Free Shipping,No,No,6,Bank Transfer,Annually,0.0,630,1,7,1.0,1,0,0.03401360544217687,5.4235305551619835,Low Value,0,0,Passive
2883,59,Female,Blouse,Clothing,51,Oklahoma,L,Gold,Winter,2.6,No,Store Pickup,No,No,23,Credit Card,Bi-Weekly,0.0,1224,0,24,1.0,26,0,0.3130585567560357,23.2195795018389,Low Value,0,0,Potential Loyalist
2884,22,Female,Socks,Clothing,48,Rhode Island,XL,Silver,Spring,3.2,No,Standard,No,No,10,PayPal,Weekly,0.0,528,0,11,1.0,52,0,0.3945578231292517,23.38091855845744,Low Value,0,0,Potential Loyalist
2885,55,Female,Boots,Footwear,50,Arkansas,M,Purple,Summer,3.4,No,2-Day Shipping,No,No,47,Credit Card,Every 3 Months,0.0,2400,0,48,1.0,4,0,0.3325330132052821,31.163268954869,Mid Value,1,0,Loyalist
2886,29,Female,Backpack,Accessories,82,Nevada,M,Yellow,Summer,3.5,No,Next Day Air,No,No,14,Credit Card,Bi-Weekly,0.0,1230,0,15,1.0,26,0,0.25183406696011734,20.054518859129526,Low Value,0,0,Potential Loyalist
2887,42,Female,Hat,Accessories,33,Utah,L,Blue,Spring,4.2,No,Free Shipping,No,No,29,PayPal,Weekly,0.0,990,1,30,1.0,52,0,0.5238095238095237,33.14680909542932,Mid Value,1,0,Loyalist
2888,23,Female,Sandals,Footwear,28,Kentucky,L,Blue,Winter,2.8,No,Express,No,No,12,Cash,Bi-Weekly,0.0,364,0,13,1.0,26,0,0.2382286247832466,14.243273011127691,Low Value,0,0,Potential Loyalist
2889,70,Female,Hoodie,Clothing,42,Wisconsin,L,Green,Spring,5.0,No,2-Day Shipping,No,No,25,Debit Card,Quarterly,0.0,1092,1,26,1.0,4,0,0.18287314925970388,15.925695317856063,Low Value,0,0,Passive
2890,64,Female,Sunglasses,Accessories,43,Minnesota,M,Charcoal,Fall,3.3,No,Store Pickup,No,No,21,Venmo,Annually,0.0,946,0,22,1.0,1,0,0.13605442176870747,12.329821517623902,Low Value,0,0,Passive
2891,39,Female,Jeans,Clothing,55,North Dakota,M,Violet,Winter,3.7,No,Free Shipping,No,No,23,Credit Card,Monthly,0.0,1320,0,24,1.0,12,0,0.22155528878217953,19.001780244717317,Low Value,0,0,Potential Loyalist
2892,47,Female,T-shirt,Clothing,73,Ohio,XL,Black,Winter,2.5,No,Free Shipping,No,No,10,PayPal,Monthly,0.0,803,0,11,1.0,12,0,0.13311991463251965,11.334270109186017,Low Value,0,0,Potential Loyalist
2893,22,Female,Dress,Clothing,39,Nevada,M,Teal,Spring,3.2,No,Standard,No,No,47,Credit Card,Monthly,0.0,1872,0,48,1.0,12,0,0.3848205949046285,30.78700727821794,Mid Value,1,0,Loyalist
2894,69,Female,Belt,Accessories,20,Kentucky,S,Orange,Spring,3.1,No,Free Shipping,No,No,44,Debit Card,Every 3 Months,0.0,900,0,45,1.0,4,0,0.31212484993997597,21.26267108208913,Low Value,1,0,Loyalist
2895,35,Female,Jewelry,Accessories,32,Kentucky,S,Brown,Spring,3.5,No,Standard,No,No,41,Venmo,Annually,0.0,1344,0,42,1.0,1,0,0.27210884353741494,21.785713676147147,Low Value,1,0,Loyalist
2896,56,Female,Hoodie,Clothing,86,Montana,L,Green,Summer,4.6,No,Standard,No,No,29,Bank Transfer,Monthly,0.0,2580,1,30,1.0,12,0,0.26237161531279174,28.844457997013144,Mid Value,1,0,Loyalist
2897,30,Female,Blouse,Clothing,91,Delaware,M,Silver,Summer,3.3,No,Free Shipping,No,No,2,Venmo,Every 3 Months,0.0,273,0,3,1.0,4,0,0.026410564225690276,2.63496240611698,Low Value,0,0,Passive
2898,43,Female,Jacket,Outerwear,59,Montana,L,Violet,Fall,2.5,No,Free Shipping,No,No,2,Cash,Fortnightly,0.0,177,0,3,1.0,24,0,0.1571295184740563,8.902688410266379,Low Value,0,0,Potential Loyalist
2899,23,Female,Sneakers,Footwear,33,New Jersey,XL,Peach,Summer,4.6,No,Express,No,No,29,Credit Card,Annually,0.0,990,1,30,1.0,1,0,0.19047619047619047,15.722431745692958,Low Value,1,0,Loyalist
2900,50,Female,Boots,Footwear,64,Nebraska,M,Gold,Spring,4.2,No,2-Day Shipping,No,No,22,Bank Transfer,Fortnightly,0.0,1472,1,23,1.0,24,0,0.29318394024276373,23.9298816737807,Low Value,0,0,Potential Loyalist
2901,41,Female,Blouse,Clothing,67,Maryland,XL,Violet,Winter,4.0,No,Standard,No,No,23,Cash,Bi-Weekly,0.0,1608,1,24,1.0,26,0,0.3130585567560357,25.769721260070476,Mid Value,0,0,Potential Loyalist
2902,41,Female,Blouse,Clothing,43,Alabama,L,Olive,Winter,2.6,No,Free Shipping,No,No,46,Credit Card,Quarterly,0.0,2021,0,47,1.0,4,0,0.32573029211684673,28.575662804211188,Mid Value,1,0,Loyalist
2903,27,Female,Boots,Footwear,32,North Carolina,S,Orange,Spring,4.6,No,Standard,No,No,19,PayPal,Bi-Weekly,0.0,640,1,20,1.0,26,0,0.28584767240229425,18.64657798692111,Low Value,0,0,Potential Loyalist
2904,38,Female,Scarf,Accessories,39,Delaware,S,Teal,Spring,3.5,No,2-Day Shipping,No,No,24,Credit Card,Every 3 Months,0.0,975,0,25,1.0,4,0,0.1760704281712685,14.592370290071234,Low Value,0,0,Passive
2905,41,Female,Sandals,Footwear,41,Iowa,M,Gray,Spring,4.0,No,2-Day Shipping,No,No,43,Venmo,Monthly,0.0,1804,1,44,1.0,12,0,0.35760971055088697,29.2528327085787,Mid Value,1,0,Loyalist
2906,58,Female,Sunglasses,Accessories,53,New York,L,Black,Winter,4.8,No,Standard,No,No,14,Debit Card,Fortnightly,0.0,795,1,15,1.0,24,0,0.2387621715352808,17.0980973059814,Low Value,0,0,Potential Loyalist
2907,58,Female,Coat,Outerwear,27,Virginia,M,Indigo,Spring,3.9,No,Standard,No,No,7,Venmo,Annually,0.0,216,0,8,1.0,1,0,0.04081632653061224,3.0523123494895175,Low Value,0,0,Passive
2908,19,Female,Sunglasses,Accessories,82,Maryland,XL,Lavender,Summer,3.7,No,Next Day Air,No,No,50,PayPal,Bi-Weekly,0.0,4182,0,51,1.0,26,0,0.4967320261437908,50.241019160875936,High Value,1,0,Champion
2909,43,Female,Blouse,Clothing,87,Texas,M,Beige,Winter,3.1,No,Store Pickup,No,No,15,Debit Card,Every 3 Months,0.0,1392,0,16,1.0,4,0,0.11484593837535013,13.84777064447327,Low Value,0,0,Passive
2910,27,Female,Backpack,Accessories,78,Louisiana,M,Indigo,Winter,3.0,No,Next Day Air,No,No,40,Credit Card,Every 3 Months,0.0,3198,0,41,1.0,4,0,0.28491396558623444,33.373653396691275,Mid Value,1,0,Loyalist
2911,32,Female,Belt,Accessories,32,Mississippi,M,Blue,Summer,2.9,No,Store Pickup,No,No,41,Credit Card,Monthly,0.0,1344,0,42,1.0,12,0,0.3440042683740162,25.543912712364797,Mid Value,1,0,Loyalist
2912,28,Female,Socks,Clothing,38,Ohio,XL,Orange,Fall,2.9,No,Next Day Air,No,No,34,Venmo,Quarterly,0.0,1330,0,35,1.0,4,0,0.2440976390556222,20.23903149232405,Low Value,1,0,Loyalist
2913,48,Female,Shoes,Footwear,37,Oregon,M,Yellow,Winter,4.0,No,Standard,No,No,27,Cash,Bi-Weekly,0.0,1036,1,28,1.0,26,0,0.3402694411097772,23.823497293434986,Low Value,1,0,Loyalist
2914,43,Female,Coat,Outerwear,83,Wyoming,L,Cyan,Winter,3.5,No,Express,No,No,12,Cash,Every 3 Months,0.0,1079,0,13,1.0,4,0,0.09443777511004402,10.937652585735364,Low Value,0,0,Passive
2915,45,Female,Sweater,Clothing,72,Pennsylvania,M,Yellow,Fall,3.8,No,Express,No,No,1,Debit Card,Bi-Weekly,0.0,144,0,2,1.0,26,0,0.1633986928104575,9.036054204482918,Low Value,0,0,Potential Loyalist
2916,26,Female,Shirt,Clothing,30,Oregon,M,Cyan,Fall,4.5,No,Express,No,No,39,Debit Card,Bi-Weekly,0.0,1200,1,40,1.0,26,0,0.42190209417100166,29.056520465473668,Mid Value,1,0,Loyalist
2917,62,Female,Shorts,Clothing,66,Oklahoma,M,Green,Winter,2.7,No,Express,No,No,13,Credit Card,Bi-Weekly,0.0,924,0,14,1.0,26,0,0.24503134587168196,17.896824272435545,Low Value,0,0,Potential Loyalist
2918,58,Female,Shirt,Clothing,45,Colorado,XL,White,Winter,2.9,No,Store Pickup,No,No,50,Venmo,Annually,0.0,2295,0,51,1.0,1,0,0.3333333333333333,30.58673824643711,Mid Value,1,0,Loyalist
2919,19,Female,Sunglasses,Accessories,73,New York,S,Black,Fall,4.9,No,Free Shipping,No,No,36,Cash,Weekly,0.0,2701,1,37,1.0,52,0,0.5714285714285714,45.71242621504873,High Value,1,0,Champion
2920,64,Female,Shoes,Footwear,67,Minnesota,L,Charcoal,Winter,3.8,No,Standard,No,No,31,Debit Card,Monthly,0.0,2144,0,32,1.0,12,0,0.2759770574896625,26.69927693995062,Mid Value,1,0,Loyalist
2921,33,Female,Sunglasses,Accessories,72,Texas,XL,Brown,Spring,4.9,No,Free Shipping,No,No,3,Debit Card,Bi-Weekly,0.0,288,1,4,1.0,26,0,0.17700413498732823,10.883987156689019,Low Value,0,0,Potential Loyalist
2922,20,Female,Handbag,Accessories,24,Wisconsin,M,Cyan,Fall,4.6,No,Standard,No,No,11,Cash,Fortnightly,0.0,288,1,12,1.0,24,0,0.21835400826997464,13.04547454301086,Low Value,0,0,Potential Loyalist
2923,45,Female,Sunglasses,Accessories,68,Kentucky,L,Beige,Winter,3.5,No,Express,No,No,16,PayPal,Quarterly,0.0,1156,0,17,1.0,4,0,0.12164865946378552,12.813519098723495,Low Value,0,0,Passive
2924,28,Female,Shirt,Clothing,70,Pennsylvania,M,Magenta,Spring,4.2,No,2-Day Shipping,No,No,12,Cash,Quarterly,0.0,910,1,13,1.0,4,0,0.09443777511004402,10.23106701695329,Low Value,0,0,Passive
2925,47,Female,Shirt,Clothing,64,Rhode Island,L,Indigo,Winter,3.7,No,Free Shipping,No,No,37,Debit Card,Every 3 Months,0.0,2432,0,38,1.0,4,0,0.26450580232092835,27.7957279615751,Mid Value,1,0,Loyalist
2926,54,Female,Sweater,Clothing,91,Illinois,M,Maroon,Spring,2.8,No,Store Pickup,No,No,43,Credit Card,Every 3 Months,0.0,4004,0,44,1.0,4,0,0.3053221288515406,39.187146812061606,Mid Value,1,0,Loyalist
2927,64,Female,Handbag,Accessories,82,Maryland,M,Gray,Winter,4.8,No,2-Day Shipping,No,No,9,Cash,Weekly,0.0,820,1,10,1.0,52,0,0.3877551020408163,25.033654424354744,Mid Value,0,0,Potential Loyalist
2928,45,Female,Shirt,Clothing,24,Missouri,M,Black,Summer,2.7,No,Express,No,No,15,Venmo,Bi-Weekly,0.0,384,0,16,1.0,26,0,0.2586367880485527,15.427855614503933,Low Value,0,0,Potential Loyalist
2929,40,Female,Jewelry,Accessories,80,Alabama,L,Yellow,Spring,3.6,No,Store Pickup,No,No,17,Credit Card,Weekly,0.0,1440,0,18,1.0,52,0,0.44217687074829926,31.24106527250016,Mid Value,0,0,Potential Loyalist
2930,31,Female,Socks,Clothing,53,Maine,XL,White,Winter,4.5,No,Next Day Air,No,No,42,Venmo,Fortnightly,0.0,2279,1,43,1.0,24,0,0.42923836201147125,35.794456430402654,Mid Value,1,0,Loyalist
2931,38,Female,T-shirt,Clothing,50,Mississippi,M,Orange,Spring,4.0,No,Free Shipping,No,No,14,Venmo,Monthly,0.0,750,1,15,1.0,12,0,0.16033079898626118,12.733229834139864,Low Value,0,0,Potential Loyalist
2932,36,Female,Jewelry,Accessories,31,Alabama,M,Magenta,Fall,4.5,No,2-Day Shipping,No,No,49,Credit Card,Bi-Weekly,0.0,1550,1,50,1.0,26,0,0.4899293050553554,34.673735670194716,Mid Value,1,0,Loyalist
2933,65,Female,Backpack,Accessories,88,Alaska,L,Black,Spring,3.9,No,Express,No,No,3,PayPal,Quarterly,0.0,352,0,4,1.0,4,0,0.03321328531412565,3.4558087048686534,Low Value,0,0,Passive
2934,27,Female,Hat,Accessories,52,Illinois,M,Brown,Summer,3.8,No,Standard,No,No,28,Venmo,Monthly,0.0,1508,0,29,1.0,12,0,0.25556889422435636,21.886947440660435,Low Value,1,0,Loyalist
2935,38,Female,Gloves,Accessories,22,Idaho,M,Orange,Fall,4.7,No,Next Day Air,No,No,41,Bank Transfer,Quarterly,0.0,924,1,42,1.0,4,0,0.2917166866746698,20.62590240478417,Low Value,1,0,Loyalist
2936,58,Female,Sneakers,Footwear,27,North Carolina,XL,Gray,Spring,4.6,No,Standard,No,No,11,Venmo,Weekly,0.0,324,1,12,1.0,52,0,0.4013605442176871,22.8238105447027,Low Value,0,0,Potential Loyalist
2937,31,Female,Skirt,Clothing,34,Washington,M,White,Spring,3.6,No,Express,No,No,46,PayPal,Weekly,0.0,1598,0,47,1.0,52,0,0.6394557823129252,42.483945389245996,Mid Value,1,0,Loyalist
2938,28,Female,Handbag,Accessories,39,West Virginia,M,White,Spring,4.3,No,2-Day Shipping,No,No,15,Credit Card,Weekly,0.0,624,1,16,1.0,52,0,0.42857142857142855,26.012968547607727,Mid Value,0,0,Potential Loyalist
2939,28,Female,Sunglasses,Accessories,53,Maine,M,Violet,Fall,3.0,No,Standard,No,No,15,Cash,Monthly,0.0,848,0,16,1.0,12,0,0.16713352007469653,13.377281775720547,Low Value,0,0,Potential Loyalist
2940,32,Female,Sweater,Clothing,46,Kentucky,M,Beige,Winter,4.3,No,Express,No,No,34,Venmo,Weekly,0.0,1610,1,35,1.0,52,0,0.5578231292517006,38.57611047811728,Mid Value,1,0,Loyalist
2941,61,Female,Handbag,Accessories,85,Massachusetts,L,Beige,Summer,4.8,No,Next Day Air,No,No,13,Cash,Monthly,0.0,1190,1,14,1.0,12,0,0.1535280778978258,14.968878079185815,Low Value,0,0,Potential Loyalist
2942,38,Female,Skirt,Clothing,86,Pennsylvania,L,Purple,Spring,3.7,No,Free Shipping,No,No,27,PayPal,Monthly,0.0,2408,0,28,1.0,12,0,0.24876617313592103,26.831627458629143,Mid Value,1,0,Loyalist
2943,54,Female,Socks,Clothing,63,Hawaii,M,Brown,Summer,2.6,No,Free Shipping,No,No,37,Bank Transfer,Weekly,0.0,2394,0,38,1.0,52,0,0.5782312925170068,43.97135235655612,High Value,1,0,Champion
2944,29,Female,Shirt,Clothing,44,Virginia,M,Orange,Spring,3.4,No,Standard,No,No,37,Credit Card,Monthly,0.0,1672,0,38,1.0,12,0,0.3167933840202748,26.053171999449958,Mid Value,1,0,Loyalist
2945,50,Female,Sneakers,Footwear,95,New York,XL,Cyan,Summer,3.9,No,Free Shipping,No,No,4,Venmo,Every 3 Months,0.0,475,0,5,1.0,4,0,0.04001600640256102,4.5357797818998975,Low Value,0,0,Passive
2946,32,Female,Belt,Accessories,49,Delaware,M,Charcoal,Summer,4.8,No,Free Shipping,No,No,1,Credit Card,Every 3 Months,0.0,98,1,2,1.0,4,0,0.0196078431372549,1.5374421025470586,Low Value,0,0,Passive
2947,38,Female,Pants,Clothing,77,Hawaii,L,Purple,Spring,2.8,No,Free Shipping,No,No,29,Bank Transfer,Quarterly,0.0,2310,0,30,1.0,4,0,0.21008403361344535,24.232449319802164,Low Value,1,0,Loyalist
2948,52,Female,Jewelry,Accessories,63,Nebraska,L,Peach,Spring,4.4,No,Standard,No,No,50,Venmo,Annually,0.0,3213,1,51,1.0,1,0,0.3333333333333333,36.28171254106161,Mid Value,1,0,Loyalist
2949,61,Female,Pants,Clothing,83,Vermont,M,Violet,Winter,3.1,No,Standard,No,No,38,Debit Card,Bi-Weekly,0.0,3237,0,39,1.0,26,0,0.4150993730825663,40.40853117437493,Mid Value,1,0,Loyalist
2950,25,Female,Jewelry,Accessories,93,Iowa,M,Peach,Spring,3.8,No,Store Pickup,No,No,15,PayPal,Annually,0.0,1488,0,16,1.0,1,0,0.09523809523809523,13.388170423569331,Low Value,0,0,Passive
2951,22,Female,Jeans,Clothing,91,Iowa,S,Maroon,Winter,4.1,No,2-Day Shipping,No,No,44,Debit Card,Every 3 Months,0.0,4095,1,45,1.0,4,0,0.31212484993997597,40.36735265268124,Mid Value,1,0,Loyalist
2952,47,Female,Scarf,Accessories,99,Arkansas,L,Maroon,Fall,4.6,No,Free Shipping,No,No,14,Cash,Weekly,0.0,1485,1,15,1.0,52,0,0.42176870748299317,30.72796978482863,Mid Value,0,0,Potential Loyalist
2953,50,Female,Belt,Accessories,24,Alabama,M,Peach,Spring,4.9,No,Next Day Air,No,No,5,Debit Card,Monthly,0.0,144,1,6,1.0,12,0,0.0991063091903428,5.96397909354197,Low Value,0,0,Potential Loyalist
2954,45,Female,Dress,Clothing,82,Maryland,M,Silver,Summer,4.8,No,Next Day Air,No,No,11,Credit Card,Annually,0.0,984,1,12,1.0,1,0,0.06802721088435373,9.286304869159846,Low Value,0,0,Passive
2955,33,Female,T-shirt,Clothing,28,South Dakota,M,Indigo,Winter,3.9,No,Express,No,No,15,Credit Card,Annually,0.0,448,0,16,1.0,1,0,0.09523809523809523,7.263402936961379,Low Value,0,0,Passive
2956,42,Female,Boots,Footwear,67,Vermont,M,Silver,Winter,2.6,No,Free Shipping,No,No,46,Credit Card,Annually,0.0,3149,0,47,1.0,1,0,0.30612244897959184,34.19371647386437,Mid Value,1,0,Loyalist
2957,52,Female,Dress,Clothing,88,Montana,M,Olive,Fall,3.7,No,Standard,No,No,30,Venmo,Monthly,0.0,2728,0,31,1.0,12,0,0.2691743364012271,29.782969913911522,Mid Value,1,0,Loyalist
2958,69,Female,Jewelry,Accessories,70,South Dakota,S,Gray,Fall,4.7,No,Standard,No,No,2,Cash,Annually,0.0,210,1,3,1.0,1,0,0.006802721088435373,1.5276686114945033,Low Value,0,0,Passive
2959,55,Female,Skirt,Clothing,100,Ohio,M,Black,Summer,4.5,No,Standard,No,No,28,PayPal,Monthly,0.0,2900,1,29,1.0,12,0,0.25556889422435636,30.373402301296643,Mid Value,1,0,Loyalist
2960,38,Female,Handbag,Accessories,28,Texas,L,Maroon,Summer,4.7,No,Free Shipping,No,No,9,PayPal,Quarterly,0.0,280,1,10,1.0,4,0,0.07402961184473789,5.454072714701227,Low Value,0,0,Passive
2961,57,Female,Coat,Outerwear,48,Indiana,S,Olive,Spring,3.6,No,Standard,No,No,47,Credit Card,Weekly,0.0,2304,0,48,1.0,52,0,0.6462585034013606,46.9973197784815,High Value,1,0,Champion
2962,33,Female,Hoodie,Clothing,43,New Hampshire,S,Gold,Fall,2.8,No,Free Shipping,No,No,21,Debit Card,Bi-Weekly,0.0,946,0,22,1.0,26,0,0.29945311457916496,20.8711829635731,Low Value,0,0,Potential Loyalist
2963,57,Female,Pants,Clothing,40,California,L,Pink,Fall,4.0,No,Express,No,No,42,Credit Card,Every 3 Months,0.0,1720,1,43,1.0,4,0,0.2985194077631052,25.669304749591515,Mid Value,1,0,Loyalist
2964,52,Female,Boots,Footwear,97,Maine,M,Brown,Spring,3.6,No,Free Shipping,No,No,28,Credit Card,Weekly,0.0,2813,0,29,1.0,52,0,0.5170068027210883,43.238531109970864,Mid Value,1,0,Loyalist
2965,44,Female,Coat,Outerwear,25,Ohio,S,White,Fall,3.8,No,2-Day Shipping,No,No,13,Venmo,Fortnightly,0.0,350,0,14,1.0,24,0,0.2319594504468454,13.833114840112525,Low Value,0,0,Potential Loyalist
2966,48,Female,Scarf,Accessories,45,Delaware,M,Blue,Summer,4.4,No,Standard,No,No,25,PayPal,Fortnightly,0.0,1170,1,26,1.0,24,0,0.3135921035080699,23.21814203611102,Low Value,0,0,Potential Loyalist
2967,52,Female,Boots,Footwear,49,Oklahoma,L,Orange,Fall,2.8,No,Store Pickup,No,No,38,Debit Card,Every 3 Months,0.0,1911,0,39,1.0,4,0,0.2713085234093637,25.083054556514494,Mid Value,1,0,Loyalist
2968,34,Female,Sneakers,Footwear,36,Indiana,L,Silver,Summer,3.4,No,Free Shipping,No,No,40,Venmo,Annually,0.0,1476,0,41,1.0,1,0,0.26530612244897955,22.207488473236133,Low Value,1,0,Loyalist
2969,26,Female,Sweater,Clothing,48,South Carolina,S,Gray,Fall,4.9,No,Express,No,No,25,Cash,Every 3 Months,0.0,1248,1,26,1.0,4,0,0.18287314925970388,16.844410440847255,Low Value,0,0,Passive
2970,36,Female,Belt,Accessories,62,Vermont,S,Blue,Fall,4.3,No,Next Day Air,No,No,20,Cash,Every 3 Months,0.0,1302,1,21,1.0,4,0,0.14885954381752697,15.384429525441748,Low Value,0,0,Passive
2971,24,Female,Jewelry,Accessories,74,Kansas,M,White,Winter,3.4,No,Free Shipping,No,No,44,Credit Card,Bi-Weekly,0.0,3330,0,45,1.0,26,0,0.45591569961317857,43.08982395496416,Mid Value,1,0,Loyalist
2972,30,Female,Handbag,Accessories,100,Utah,L,Yellow,Fall,3.9,No,Next Day Air,No,No,9,PayPal,Every 3 Months,0.0,1000,0,10,1.0,4,0,0.07402961184473789,9.405607211484252,Low Value,0,0,Passive
2973,31,Female,Jacket,Outerwear,39,New York,S,Indigo,Fall,4.2,No,Free Shipping,No,No,11,Venmo,Every 3 Months,0.0,468,1,12,1.0,4,0,0.08763505402160864,7.272441297395184,Low Value,0,0,Passive
2974,25,Female,Boots,Footwear,65,Indiana,M,Blue,Summer,2.7,No,Store Pickup,No,No,3,Bank Transfer,Fortnightly,0.0,260,0,4,1.0,24,0,0.16393223956249164,9.747091507043466,Low Value,0,0,Potential Loyalist
2975,57,Female,Sneakers,Footwear,99,Tennessee,XL,Peach,Summer,4.1,No,Store Pickup,No,No,34,Credit Card,Weekly,0.0,3465,1,35,1.0,52,0,0.5578231292517006,49.50057556240359,High Value,1,0,Champion
2976,61,Female,Scarf,Accessories,68,Georgia,XL,Lavender,Winter,4.5,No,2-Day Shipping,No,No,48,Cash,Every 3 Months,0.0,3332,1,49,1.0,4,0,0.33933573429371744,37.29629158033217,Mid Value,1,0,Loyalist
2977,30,Female,Coat,Outerwear,97,Nebraska,M,Silver,Summer,2.8,No,Express,No,No,28,Cash,Fortnightly,0.0,2813,0,29,1.0,24,0,0.334000266773376,33.67220629050777,Mid Value,1,0,Loyalist
2978,38,Female,Shorts,Clothing,47,Washington,L,Gold,Winter,3.4,No,Standard,No,No,20,Venmo,Annually,0.0,987,0,21,1.0,1,0,0.12925170068027209,12.215679159634686,Low Value,0,0,Passive
2979,53,Female,Shorts,Clothing,56,Idaho,S,Cyan,Spring,3.9,No,Free Shipping,No,No,49,Bank Transfer,Fortnightly,0.0,2800,0,50,1.0,24,0,0.4768574096305188,41.06323698966933,Mid Value,1,0,Loyalist
2980,31,Female,Jeans,Clothing,91,Louisiana,L,Olive,Fall,2.6,No,Next Day Air,No,No,14,PayPal,Weekly,0.0,1365,0,15,1.0,52,0,0.42176870748299317,29.73257669627446,Mid Value,0,0,Potential Loyalist
2981,70,Female,Gloves,Accessories,93,New Jersey,L,Teal,Fall,4.4,No,2-Day Shipping,No,No,9,Bank Transfer,Monthly,0.0,930,1,10,1.0,12,0,0.12631719354408427,12.01528805653494,Low Value,0,0,Potential Loyalist
2982,21,Female,Pants,Clothing,36,Delaware,L,Pink,Winter,4.9,No,Standard,No,No,37,Venmo,Annually,0.0,1368,1,38,1.0,1,0,0.24489795918367346,20.793345461092468,Low Value,1,0,Loyalist
2983,33,Female,Dress,Clothing,45,Wisconsin,M,Orange,Summer,3.6,No,Store Pickup,No,No,4,Credit Card,Weekly,0.0,225,0,5,1.0,52,0,0.35374149659863946,19.46289388153391,Low Value,0,0,Potential Loyalist
2984,60,Female,Pants,Clothing,44,West Virginia,M,Charcoal,Winter,2.8,No,2-Day Shipping,No,No,1,Credit Card,Quarterly,0.0,88,0,2,1.0,4,0,0.0196078431372549,1.189860959691807,Low Value,0,0,Passive
2985,45,Female,Gloves,Accessories,32,Texas,L,Red,Spring,4.3,No,2-Day Shipping,No,No,36,Debit Card,Bi-Weekly,0.0,1184,1,37,1.0,26,0,0.4014939309056956,27.895494660122843,Mid Value,1,0,Loyalist
2986,46,Female,Belt,Accessories,36,Hawaii,S,Teal,Summer,3.0,No,Express,No,No,21,Cash,Bi-Weekly,0.0,792,0,22,1.0,26,0,0.29945311457916496,19.964246239594615,Low Value,0,0,Potential Loyalist
2987,62,Female,Belt,Accessories,85,Arizona,S,Silver,Summer,3.3,No,2-Day Shipping,No,No,16,Credit Card,Monthly,0.0,1445,0,17,1.0,12,0,0.17393624116313192,17.248733418763486,Low Value,0,0,Potential Loyalist
2988,63,Female,Skirt,Clothing,36,Louisiana,L,Black,Winter,2.5,No,Store Pickup,No,No,42,Cash,Monthly,0.0,1548,0,43,1.0,12,0,0.3508069894624516,27.100908949410695,Mid Value,1,0,Loyalist
2989,69,Female,Socks,Clothing,55,Nevada,S,Pink,Spring,5.0,No,2-Day Shipping,No,No,31,Debit Card,Monthly,0.0,1760,1,32,1.0,12,0,0.2759770574896625,24.726513477302476,Mid Value,1,0,Loyalist
2990,46,Female,Belt,Accessories,20,Rhode Island,XL,Teal,Summer,4.3,No,2-Day Shipping,No,No,6,Credit Card,Weekly,0.0,140,1,7,1.0,52,0,0.36734693877551017,19.96220014678499,Low Value,0,0,Potential Loyalist
2991,69,Female,Shirt,Clothing,91,Illinois,M,Teal,Fall,4.2,No,Free Shipping,No,No,24,Venmo,Monthly,0.0,2275,1,25,1.0,12,0,0.22835800987061491,25.27025445882663,Mid Value,0,0,Potential Loyalist
2992,66,Female,Dress,Clothing,71,Utah,L,Green,Summer,3.9,No,Standard,No,No,7,PayPal,Bi-Weekly,0.0,568,0,8,1.0,26,0,0.20421501934106973,13.66667202167526,Low Value,0,0,Potential Loyalist
2993,41,Female,Socks,Clothing,64,North Dakota,M,Charcoal,Spring,3.9,No,Store Pickup,No,No,25,Venmo,Weekly,0.0,1664,0,26,1.0,52,0,0.4965986394557823,35.40504226392119,Mid Value,0,0,Potential Loyalist
2994,32,Female,Jacket,Outerwear,21,Kansas,L,Indigo,Spring,4.2,No,Free Shipping,No,No,18,Cash,Bi-Weekly,0.0,399,1,19,1.0,26,0,0.27904495131385887,16.871681368140116,Low Value,0,0,Potential Loyalist
2995,69,Female,Sweater,Clothing,100,Nevada,S,White,Winter,3.5,No,Store Pickup,No,No,14,Bank Transfer,Quarterly,0.0,1500,0,15,1.0,4,0,0.10804321728691477,14.128204653409757,Low Value,0,0,Passive
2996,29,Female,Jeans,Clothing,96,Virginia,M,Orange,Summer,2.5,No,Standard,No,No,42,Debit Card,Bi-Weekly,0.0,4128,0,43,1.0,26,0,0.4423102574363078,47.07820608553506,High Value,1,0,Champion
2997,70,Female,Jewelry,Accessories,91,Utah,M,White,Spring,2.9,No,Express,No,No,6,Venmo,Every 3 Months,0.0,637,0,7,1.0,4,0,0.05362144857943177,6.201029177428656,Low Value,0,0,Passive
2998,41,Female,Sweater,Clothing,40,Idaho,S,Yellow,Spring,2.7,No,Next Day Air,No,No,14,Venmo,Every 3 Months,0.0,600,0,15,1.0,4,0,0.10804321728691477,8.827925097691336,Low Value,0,0,Passive
2999,31,Female,Hoodie,Clothing,53,Alaska,M,Red,Summer,4.7,No,Express,No,No,30,Debit Card,Quarterly,0.0,1643,1,31,1.0,4,0,0.21688675470188074,20.948641934605618,Low Value,1,0,Loyalist
3000,31,Female,Sunglasses,Accessories,48,New Hampshire,S,Charcoal,Winter,3.8,No,Standard,No,No,10,Cash,Monthly,0.0,528,0,11,1.0,12,0,0.13311991463251965,9.714740244938719,Low Value,0,0,Potential Loyalist
3001,57,Female,Sandals,Footwear,70,Ohio,M,Lavender,Winter,3.7,No,Express,No,No,7,PayPal,Weekly,0.0,560,0,8,1.0,52,0,0.37414965986394555,22.502574329411594,Low Value,0,0,Potential Loyalist
3002,29,Female,Coat,Outerwear,29,Montana,L,Charcoal,Summer,4.7,No,Express,No,No,28,Credit Card,Quarterly,0.0,841,1,29,1.0,4,0,0.20328131252500997,15.514304855010419,Low Value,1,0,Loyalist
3003,70,Female,Belt,Accessories,29,Louisiana,M,Maroon,Fall,3.6,No,Next Day Air,No,No,19,Bank Transfer,Quarterly,0.0,580,0,20,1.0,4,0,0.14205682272909165,10.488138796312874,Low Value,0,0,Passive
3004,51,Female,Blouse,Clothing,53,Oregon,M,Brown,Fall,2.8,No,Express,No,No,13,Credit Card,Every 3 Months,0.0,742,0,14,1.0,4,0,0.10124049619847938,9.308591889843857,Low Value,0,0,Passive
3005,45,Female,Skirt,Clothing,79,Arizona,M,Lavender,Winter,3.7,No,Store Pickup,No,No,23,Venmo,Fortnightly,0.0,1896,0,24,1.0,24,0,0.2999866613311991,26.493812654432723,Mid Value,0,0,Potential Loyalist
3006,18,Female,Shorts,Clothing,65,Alaska,XL,Brown,Spring,3.5,No,Express,No,No,5,Venmo,Weekly,0.0,390,0,6,1.0,52,0,0.3605442176870748,20.790211337832005,Low Value,0,0,Potential Loyalist
3007,37,Female,Dress,Clothing,99,Utah,M,Olive,Summer,3.7,No,Store Pickup,No,No,17,Venmo,Bi-Weekly,0.0,1782,0,18,1.0,26,0,0.2722422302254235,24.372155599885993,Low Value,0,0,Potential Loyalist
3008,23,Female,Sunglasses,Accessories,60,New York,L,Lavender,Winter,3.0,No,Next Day Air,No,No,31,Venmo,Weekly,0.0,1920,0,32,1.0,52,0,0.5374149659863945,39.04627456404609,Mid Value,1,0,Loyalist
3009,39,Female,Shoes,Footwear,86,New Mexico,M,Gold,Winter,4.9,No,Free Shipping,No,No,19,PayPal,Weekly,0.0,1720,1,20,1.0,52,0,0.45578231292517,33.889929357570374,Mid Value,0,0,Potential Loyalist
3010,62,Female,Belt,Accessories,73,Louisiana,M,Silver,Winter,4.6,No,Free Shipping,No,No,8,Venmo,Fortnightly,0.0,657,1,9,1.0,24,0,0.19794584500466852,14.151790547606247,Low Value,0,0,Potential Loyalist
3011,70,Female,Belt,Accessories,45,Ohio,M,Violet,Winter,3.3,No,Free Shipping,No,No,15,Credit Card,Annually,0.0,720,0,16,1.0,1,0,0.09523809523809523,8.86526520268961,Low Value,0,0,Passive
3012,20,Female,Belt,Accessories,70,Nevada,S,Brown,Summer,3.0,No,Next Day Air,No,No,18,Credit Card,Every 3 Months,0.0,1330,0,19,1.0,4,0,0.13525410164065627,14.549438888328497,Low Value,0,0,Passive
3013,42,Female,Belt,Accessories,65,Idaho,M,Teal,Fall,3.5,No,Standard,No,No,16,PayPal,Annually,0.0,1105,0,17,1.0,1,0,0.10204081632653061,11.488206550385549,Low Value,0,0,Passive
3014,41,Female,Skirt,Clothing,55,Arizona,L,Peach,Summer,4.2,No,Store Pickup,No,No,13,Cash,Monthly,0.0,770,1,14,1.0,12,0,0.1535280778978258,12.49541428651722,Low Value,0,0,Potential Loyalist
3015,24,Female,T-shirt,Clothing,65,Utah,M,Maroon,Spring,4.5,No,Express,No,No,38,PayPal,Every 3 Months,0.0,2535,1,39,1.0,4,0,0.2713085234093637,29.046604196270977,Mid Value,1,0,Loyalist
3016,37,Female,Scarf,Accessories,21,Wyoming,XL,Lavender,Spring,2.8,No,Express,No,No,27,Bank Transfer,Bi-Weekly,0.0,588,0,28,1.0,26,0,0.3402694411097772,20.89644676679677,Low Value,1,0,Loyalist
3017,30,Female,Blouse,Clothing,26,Indiana,L,Lavender,Summer,4.9,No,Store Pickup,No,No,31,Bank Transfer,Quarterly,0.0,832,1,32,1.0,4,0,0.22368947579031612,16.528100672702404,Low Value,1,0,Loyalist
3018,58,Female,Sunglasses,Accessories,71,Wisconsin,S,Purple,Summer,3.3,No,Next Day Air,No,No,24,Cash,Bi-Weekly,0.0,1775,0,25,1.0,26,0,0.3198612778444711,26.82012796758957,Mid Value,0,0,Potential Loyalist
3019,43,Female,Boots,Footwear,41,Texas,M,Green,Summer,3.0,No,Free Shipping,No,No,21,Debit Card,Bi-Weekly,0.0,902,0,22,1.0,26,0,0.29945311457916496,20.612058185293535,Low Value,0,0,Potential Loyalist
3020,19,Female,Jacket,Outerwear,44,Utah,M,Yellow,Winter,3.9,No,2-Day Shipping,No,No,15,PayPal,Annually,0.0,704,0,16,1.0,1,0,0.09523809523809523,8.771038010587953,Low Value,0,0,Passive
3021,23,Female,Jeans,Clothing,81,Arkansas,S,Charcoal,Fall,2.8,No,Store Pickup,No,No,48,Venmo,Every 3 Months,0.0,3969,0,49,1.0,4,0,0.33933573429371744,40.75902251808783,Mid Value,1,0,Loyalist
3022,65,Female,Sunglasses,Accessories,77,Pennsylvania,S,Blue,Summer,4.5,No,2-Day Shipping,No,No,47,Cash,Quarterly,0.0,3696,1,48,1.0,4,0,0.3325330132052821,39.08436066289524,Mid Value,1,0,Loyalist
3023,58,Female,Sandals,Footwear,26,Georgia,M,Lavender,Fall,4.0,No,Free Shipping,No,No,23,PayPal,Weekly,0.0,624,1,24,1.0,52,0,0.48299319727891155,28.8577648496055,Mid Value,0,0,Potential Loyalist
3024,50,Female,Backpack,Accessories,31,Indiana,M,Brown,Summer,2.9,No,Express,No,No,4,PayPal,Quarterly,0.0,155,0,5,1.0,4,0,0.04001600640256102,2.6512359398666816,Low Value,0,0,Passive
3025,67,Female,Blouse,Clothing,82,Idaho,S,White,Spring,4.0,No,Free Shipping,No,No,47,Credit Card,Every 3 Months,0.0,3936,1,48,1.0,4,0,0.3325330132052821,40.497768544420154,Mid Value,1,0,Loyalist
3026,40,Female,Shoes,Footwear,60,Montana,XL,Green,Summer,3.4,No,Store Pickup,No,No,7,PayPal,Monthly,0.0,480,0,8,1.0,12,0,0.11271175136721354,8.365260055384576,Low Value,0,0,Potential Loyalist
3027,55,Female,Shirt,Clothing,70,Tennessee,L,Magenta,Fall,2.5,No,Free Shipping,No,No,6,Credit Card,Annually,0.0,490,0,7,1.0,1,0,0.03401360544217687,4.310353476480742,Low Value,0,0,Passive
3028,52,Female,Hoodie,Clothing,26,West Virginia,XL,Peach,Winter,2.8,No,2-Day Shipping,No,No,47,Credit Card,Quarterly,0.0,1248,0,48,1.0,4,0,0.3325330132052821,24.378911123549422,Low Value,1,0,Loyalist
3029,62,Female,Dress,Clothing,100,California,L,Charcoal,Summer,3.0,No,Free Shipping,No,No,7,PayPal,Every 3 Months,0.0,800,0,8,1.0,4,0,0.06042416966786714,7.516568234714047,Low Value,0,0,Passive
3030,64,Female,Dress,Clothing,82,Georgia,M,Gold,Summer,3.1,No,Free Shipping,No,No,1,Debit Card,Quarterly,0.0,164,0,2,1.0,4,0,0.0196078431372549,1.637440122174693,Low Value,0,0,Passive
3031,43,Female,Sneakers,Footwear,24,Maryland,XL,Purple,Spring,2.6,No,2-Day Shipping,No,No,23,Credit Card,Weekly,0.0,576,0,24,1.0,52,0,0.48299319727891155,28.286394125508806,Mid Value,0,0,Potential Loyalist
3032,61,Female,Blouse,Clothing,74,Idaho,L,Teal,Summer,4.9,No,2-Day Shipping,No,No,30,Credit Card,Monthly,0.0,2294,1,31,1.0,12,0,0.2691743364012271,27.515746475945686,Mid Value,1,0,Loyalist
3033,26,Female,Backpack,Accessories,58,California,XL,Green,Summer,3.5,No,Next Day Air,No,No,24,Credit Card,Quarterly,0.0,1450,0,25,1.0,4,0,0.1760704281712685,17.38974005558929,Low Value,0,0,Passive
3034,22,Female,Sweater,Clothing,56,Alabama,L,Orange,Spring,2.6,No,Store Pickup,No,No,9,PayPal,Weekly,0.0,560,0,10,1.0,52,0,0.3877551020408163,23.21377340491104,Low Value,0,0,Potential Loyalist
3035,51,Female,Boots,Footwear,37,Utah,L,Peach,Spring,3.5,No,2-Day Shipping,No,No,25,Credit Card,Quarterly,0.0,962,0,26,1.0,4,0,0.18287314925970388,14.871410234238356,Low Value,0,0,Passive
3036,69,Female,Handbag,Accessories,64,Kentucky,M,Gold,Spring,4.5,No,Free Shipping,No,No,18,Cash,Bi-Weekly,0.0,1216,1,19,1.0,26,0,0.27904495131385887,21.683157364831178,Low Value,0,0,Potential Loyalist
3037,50,Female,Hoodie,Clothing,58,Vermont,S,Violet,Spring,4.3,No,Next Day Air,No,No,7,Venmo,Fortnightly,0.0,464,1,8,1.0,24,0,0.19114312391623314,12.659575505130238,Low Value,0,0,Potential Loyalist
3038,51,Female,Belt,Accessories,44,Iowa,L,Charcoal,Summer,4.8,No,Next Day Air,No,No,2,Cash,Annually,0.0,132,1,3,1.0,1,0,0.006802721088435373,1.0683110499989024,Low Value,0,0,Passive
3039,56,Female,Jewelry,Accessories,39,Georgia,M,Brown,Summer,4.2,No,Free Shipping,No,No,36,Debit Card,Annually,0.0,1443,1,37,1.0,1,0,0.23809523809523808,20.879435886319282,Low Value,1,0,Loyalist
3040,59,Female,Blouse,Clothing,48,Alabama,L,Blue,Spring,3.2,No,Next Day Air,No,No,31,PayPal,Bi-Weekly,0.0,1536,0,32,1.0,26,0,0.3674803254635187,27.90180604981906,Mid Value,1,0,Loyalist
3041,18,Female,Handbag,Accessories,32,Nebraska,M,Gold,Fall,4.1,No,Express,No,No,10,Cash,Fortnightly,0.0,352,1,11,1.0,24,0,0.21155128718153926,13.066783773667778,Low Value,0,0,Potential Loyalist
3042,48,Female,Handbag,Accessories,79,Rhode Island,M,Orange,Winter,4.0,No,Express,No,No,27,PayPal,Monthly,0.0,2212,1,28,1.0,12,0,0.24876617313592103,25.966033503175506,Mid Value,1,0,Loyalist
3043,53,Female,Coat,Outerwear,27,South Dakota,L,Turquoise,Winter,2.9,No,Next Day Air,No,No,14,PayPal,Every 3 Months,0.0,405,0,15,1.0,4,0,0.10804321728691477,7.679531193952347,Low Value,0,0,Passive
3044,45,Female,Belt,Accessories,98,Illinois,S,Peach,Fall,2.6,No,Store Pickup,No,No,17,Credit Card,Monthly,0.0,1764,0,18,1.0,12,0,0.18073896225156727,19.482987599040072,Low Value,0,0,Potential Loyalist
3045,21,Female,Boots,Footwear,67,North Carolina,M,Magenta,Winter,2.7,No,Free Shipping,No,No,10,Bank Transfer,Quarterly,0.0,737,0,11,1.0,4,0,0.08083233293317327,8.212347279062925,Low Value,0,0,Passive
3046,42,Female,Socks,Clothing,37,Florida,L,Black,Winter,4.6,No,2-Day Shipping,No,No,4,PayPal,Bi-Weekly,0.0,185,1,5,1.0,26,0,0.1838068560757636,10.632999145284298,Low Value,0,0,Potential Loyalist
3047,60,Female,Shoes,Footwear,49,Pennsylvania,M,White,Spring,3.2,No,Store Pickup,No,No,25,Cash,Every 3 Months,0.0,1274,0,26,1.0,4,0,0.18287314925970388,16.70884048022074,Low Value,0,0,Passive
3048,21,Female,Sneakers,Footwear,74,Vermont,M,Violet,Fall,4.1,No,2-Day Shipping,No,No,3,PayPal,Bi-Weekly,0.0,296,1,4,1.0,26,0,0.17700413498732823,10.93110075273985,Low Value,0,0,Potential Loyalist
3049,69,Female,Jewelry,Accessories,93,Colorado,M,Olive,Summer,3.9,No,Standard,No,No,47,Venmo,Fortnightly,0.0,4464,0,48,1.0,24,0,0.46325196745364816,50.15166589274261,High Value,1,0,Champion
3050,40,Female,Handbag,Accessories,60,Utah,L,Red,Summer,3.0,No,Next Day Air,No,No,41,Bank Transfer,Bi-Weekly,0.0,2520,0,42,1.0,26,0,0.4355075363478724,37.25277374156842,Mid Value,1,0,Loyalist
3051,31,Female,Coat,Outerwear,76,Kentucky,S,Green,Spring,3.6,No,Standard,No,No,28,Venmo,Every 3 Months,0.0,2204,0,29,1.0,4,0,0.20328131252500997,23.25259463437894,Low Value,1,0,Loyalist
3052,44,Female,Sunglasses,Accessories,64,Wyoming,L,Gold,Summer,4.6,No,Express,No,No,49,Debit Card,Every 3 Months,0.0,3200,1,50,1.0,4,0,0.3461384553821528,36.8745167832432,Mid Value,1,0,Loyalist
3053,48,Female,Shoes,Footwear,38,Maine,XL,Olive,Spring,4.5,No,Store Pickup,No,No,7,Bank Transfer,Fortnightly,0.0,304,1,8,1.0,24,0,0.19114312391623314,11.717303584113631,Low Value,0,0,Potential Loyalist
3054,32,Female,Shoes,Footwear,91,Maine,L,Brown,Winter,3.2,No,Next Day Air,No,No,22,Bank Transfer,Monthly,0.0,2093,0,23,1.0,12,0,0.21475256769374415,23.198531925379086,Low Value,0,0,Potential Loyalist
3055,42,Female,Boots,Footwear,70,New Hampshire,S,Magenta,Summer,4.9,No,2-Day Shipping,No,No,34,Venmo,Monthly,0.0,2450,1,35,1.0,12,0,0.29638522075496865,29.856859749935765,Mid Value,1,0,Loyalist
3056,27,Female,Sandals,Footwear,22,Kansas,M,Violet,Fall,5.0,No,Standard,No,No,5,Debit Card,Bi-Weekly,0.0,132,1,6,1.0,26,0,0.190609577164199,10.67647110919727,Low Value,0,0,Potential Loyalist
3057,69,Female,Gloves,Accessories,59,New Jersey,M,Beige,Spring,3.8,No,Standard,No,No,15,Cash,Bi-Weekly,0.0,944,0,16,1.0,26,0,0.2586367880485527,18.72580733806206,Low Value,0,0,Potential Loyalist
3058,67,Female,Backpack,Accessories,22,North Carolina,M,Blue,Spring,3.4,No,Next Day Air,No,No,26,Bank Transfer,Weekly,0.0,594,0,27,1.0,52,0,0.5034013605442177,29.459198329872336,Mid Value,1,0,Loyalist
3059,41,Female,Handbag,Accessories,74,West Virginia,S,Orange,Winter,3.8,No,Store Pickup,No,No,3,Bank Transfer,Fortnightly,0.0,296,0,4,1.0,24,0,0.16393223956249164,9.959102689272202,Low Value,0,0,Potential Loyalist
3060,46,Female,Sweater,Clothing,71,Kentucky,L,Maroon,Spring,3.2,No,Express,No,No,42,Credit Card,Quarterly,0.0,3053,0,43,1.0,4,0,0.2985194077631052,33.23091854376943,Mid Value,1,0,Loyalist
3061,47,Female,Coat,Outerwear,80,California,S,Charcoal,Summer,4.7,No,Store Pickup,No,No,1,Venmo,Monthly,0.0,160,1,2,1.0,12,0,0.0718954248366013,4.6358081346447415,Low Value,0,0,Potential Loyalist
3062,33,Female,T-shirt,Clothing,59,South Dakota,L,Olive,Fall,4.5,No,Express,No,No,20,PayPal,Every 3 Months,0.0,1239,1,21,1.0,4,0,0.14885954381752697,15.01340995654146,Low Value,0,0,Passive
3063,51,Female,Backpack,Accessories,96,California,L,Green,Fall,3.3,No,Standard,No,No,39,PayPal,Monthly,0.0,3840,0,40,1.0,12,0,0.33039882619714545,39.53215560472444,Mid Value,1,0,Loyalist
3064,26,Female,Sunglasses,Accessories,43,Connecticut,L,Brown,Winter,3.9,No,Store Pickup,No,No,24,Credit Card,Fortnightly,0.0,1075,0,25,1.0,24,0,0.3067893824196345,22.014379397465973,Low Value,0,0,Potential Loyalist
3065,22,Female,Belt,Accessories,76,Idaho,S,Cyan,Winter,3.6,No,Express,No,No,49,Bank Transfer,Quarterly,0.0,3800,0,50,1.0,4,0,0.3461384553821528,40.11934733926377,Mid Value,1,0,Loyalist
3066,49,Female,Jacket,Outerwear,59,North Dakota,M,Beige,Fall,2.8,No,Store Pickup,No,No,7,Venmo,Bi-Weekly,0.0,472,0,8,1.0,26,0,0.20421501934106973,13.101308869065296,Low Value,0,0,Potential Loyalist
3067,58,Female,Skirt,Clothing,48,Michigan,L,Teal,Summer,4.3,No,Free Shipping,No,No,13,Venmo,Every 3 Months,0.0,672,1,14,1.0,4,0,0.10124049619847938,9.185037072190802,Low Value,0,0,Passive
3068,70,Female,Belt,Accessories,22,Missouri,S,Gray,Spring,3.5,No,Free Shipping,No,No,2,Cash,Weekly,0.0,66,0,3,1.0,52,0,0.3401360544217687,17.815312084524212,Low Value,0,0,Potential Loyalist
3069,32,Female,Boots,Footwear,40,California,M,Indigo,Winter,4.2,No,Express,No,No,4,Debit Card,Weekly,0.0,200,1,5,1.0,52,0,0.35374149659863946,19.604353041666776,Low Value,0,0,Potential Loyalist
3070,62,Female,Jeans,Clothing,73,Delaware,L,Magenta,Spring,4.6,No,Express,No,No,17,Debit Card,Quarterly,0.0,1314,1,18,1.0,4,0,0.12845138055222088,14.388301306268831,Low Value,0,0,Passive
3071,52,Female,Shoes,Footwear,26,Alabama,XL,Red,Fall,2.6,No,Free Shipping,No,No,43,PayPal,Bi-Weekly,0.0,1144,0,44,1.0,26,0,0.4491129785247432,29.86043429632503,Mid Value,1,0,Loyalist
3072,23,Female,Sweater,Clothing,41,New Hampshire,L,Turquoise,Spring,3.4,No,Next Day Air,No,No,6,PayPal,Monthly,0.0,287,0,7,1.0,12,0,0.10590903027877817,6.87304501290857,Low Value,0,0,Potential Loyalist
3073,26,Female,Jewelry,Accessories,98,New York,L,Peach,Spring,3.1,No,Standard,No,No,46,PayPal,Quarterly,0.0,4606,0,47,1.0,4,0,0.32573029211684673,43.799243528135776,Mid Value,1,0,Loyalist
3074,58,Female,Shirt,Clothing,63,Oregon,L,White,Winter,3.6,No,Free Shipping,No,No,7,Debit Card,Bi-Weekly,0.0,504,0,8,1.0,26,0,0.20421501934106973,13.289763253268616,Low Value,0,0,Potential Loyalist
3075,26,Female,Boots,Footwear,55,Massachusetts,L,Maroon,Winter,4.2,No,Next Day Air,No,No,34,Debit Card,Fortnightly,0.0,1925,1,35,1.0,24,0,0.3748165933039882,30.86488350315563,Mid Value,1,0,Loyalist
3076,54,Female,Shorts,Clothing,90,Utah,XL,Beige,Winter,3.6,No,Standard,No,No,21,PayPal,Every 3 Months,0.0,1980,0,22,1.0,4,0,0.15566226490596236,19.44421718070764,Low Value,0,0,Passive
3077,66,Female,Handbag,Accessories,46,New Hampshire,M,Blue,Summer,3.6,No,Express,No,No,13,Venmo,Bi-Weekly,0.0,644,0,14,1.0,26,0,0.24503134587168196,16.247848410656477,Low Value,0,0,Potential Loyalist
3078,60,Female,Sweater,Clothing,88,Illinois,S,Red,Spring,3.0,No,Store Pickup,No,No,33,Debit Card,Bi-Weekly,0.0,2992,0,34,1.0,26,0,0.38108576764038943,37.18767960656964,Mid Value,1,0,Loyalist
3079,32,Female,Belt,Accessories,95,Alaska,M,Blue,Spring,2.5,No,2-Day Shipping,No,No,24,Bank Transfer,Bi-Weekly,0.0,2375,0,25,1.0,26,0,0.3198612778444711,30.353647671401852,Mid Value,0,0,Potential Loyalist
3080,48,Female,Belt,Accessories,31,Wyoming,M,Maroon,Fall,4.0,No,Store Pickup,No,No,4,Bank Transfer,Annually,0.0,155,1,5,1.0,1,0,0.02040816326530612,1.914961714144485,Low Value,0,0,Passive
3081,69,Female,Hoodie,Clothing,42,Colorado,L,Yellow,Spring,4.1,No,Next Day Air,No,No,5,Cash,Bi-Weekly,0.0,252,1,6,1.0,26,0,0.190609577164199,11.383175049959727,Low Value,0,0,Potential Loyalist
3082,64,Female,Sneakers,Footwear,44,Vermont,L,Pink,Winter,4.9,No,Next Day Air,No,No,11,Credit Card,Weekly,0.0,528,1,12,1.0,52,0,0.4013605442176871,24.025207243998878,Low Value,0,0,Potential Loyalist
3083,56,Female,T-shirt,Clothing,99,Utah,M,Maroon,Spring,4.0,No,Next Day Air,No,No,20,Bank Transfer,Annually,0.0,2079,1,21,1.0,1,0,0.12925170068027209,18.935374168364753,Low Value,0,0,Passive
3084,22,Female,Pants,Clothing,20,Illinois,S,Purple,Summer,3.5,No,Store Pickup,No,No,28,PayPal,Quarterly,0.0,580,0,29,1.0,4,0,0.20328131252500997,13.688534636060364,Low Value,1,0,Loyalist
3085,46,Female,Scarf,Accessories,37,Idaho,S,Indigo,Spring,3.2,No,Store Pickup,No,No,43,PayPal,Monthly,0.0,1628,0,44,1.0,12,0,0.35760971055088697,27.92764444766872,Mid Value,1,0,Loyalist
3086,24,Female,Sweater,Clothing,50,Nevada,L,Gray,Winter,2.8,No,Store Pickup,No,No,10,Venmo,Every 3 Months,0.0,550,0,11,1.0,4,0,0.08083233293317327,7.111066971374762,Low Value,0,0,Passive
3087,47,Female,Handbag,Accessories,73,Utah,M,Lavender,Summer,3.5,No,Next Day Air,No,No,26,Venmo,Every 3 Months,0.0,1971,0,27,1.0,4,0,0.18967587034813926,21.169212073899065,Low Value,1,0,Loyalist
3088,62,Female,Shirt,Clothing,84,North Carolina,M,Charcoal,Spring,3.1,No,Free Shipping,No,No,29,Bank Transfer,Monthly,0.0,2520,0,30,1.0,12,0,0.26237161531279174,28.202416878840207,Mid Value,1,0,Loyalist
3089,34,Female,Dress,Clothing,64,Arkansas,M,Teal,Spring,3.3,No,Store Pickup,No,No,35,Bank Transfer,Quarterly,0.0,2304,0,36,1.0,4,0,0.2509003601440576,26.33071134926237,Mid Value,1,0,Loyalist
3090,50,Female,Sandals,Footwear,21,North Carolina,L,Blue,Fall,4.6,No,Free Shipping,No,No,23,Cash,Bi-Weekly,0.0,504,1,24,1.0,26,0,0.3130585567560357,19.268045005055875,Low Value,0,0,Potential Loyalist
3091,29,Female,Shirt,Clothing,36,Texas,M,Peach,Summer,4.9,No,Store Pickup,No,No,15,Bank Transfer,Quarterly,0.0,576,1,16,1.0,4,0,0.11484593837535013,9.330872995080282,Low Value,0,0,Passive
3092,68,Female,Dress,Clothing,81,Nevada,L,Orange,Winter,3.4,No,2-Day Shipping,No,No,46,Credit Card,Annually,0.0,3807,0,47,1.0,1,0,0.30612244897959184,38.06880974904517,Mid Value,1,0,Loyalist
3093,52,Female,Sunglasses,Accessories,54,Utah,L,Silver,Fall,3.5,No,Next Day Air,No,No,14,Bank Transfer,Bi-Weekly,0.0,810,0,15,1.0,26,0,0.25183406696011734,17.581055066460934,Low Value,0,0,Potential Loyalist
3094,29,Female,Socks,Clothing,63,Pennsylvania,L,Red,Summer,4.8,No,Store Pickup,No,No,17,Cash,Every 3 Months,0.0,1134,1,18,1.0,4,0,0.12845138055222088,13.328245395125146,Low Value,0,0,Passive
3095,22,Female,Sandals,Footwear,59,Georgia,M,Gray,Summer,2.7,No,Store Pickup,No,No,9,Cash,Weekly,0.0,590,0,10,1.0,52,0,0.3877551020408163,23.390449390101654,Low Value,0,0,Potential Loyalist
3096,62,Female,Hat,Accessories,53,Minnesota,S,Beige,Fall,3.4,No,Standard,No,No,13,Venmo,Fortnightly,0.0,742,0,14,1.0,24,0,0.2319594504468454,16.141681046603217,Low Value,0,0,Potential Loyalist
3097,69,Female,Shirt,Clothing,63,Kansas,L,White,Winter,3.5,No,Next Day Air,No,No,20,Bank Transfer,Monthly,0.0,1323,0,21,1.0,12,0,0.2011471255168734,17.952649229987212,Low Value,0,0,Potential Loyalist
3098,48,Female,Shoes,Footwear,33,Delaware,M,Silver,Fall,3.7,No,Free Shipping,No,No,39,Bank Transfer,Quarterly,0.0,1320,0,40,1.0,4,0,0.27811124449779906,21.958137186009115,Low Value,1,0,Loyalist
3099,66,Female,Pants,Clothing,64,New Mexico,L,Cyan,Summer,3.3,No,Next Day Air,No,No,50,Bank Transfer,Quarterly,0.0,3264,0,51,1.0,4,0,0.3529411764705882,37.31833594160785,Mid Value,1,0,Loyalist
3100,42,Female,Shirt,Clothing,98,Michigan,S,Maroon,Fall,2.9,No,Free Shipping,No,No,21,Bank Transfer,Bi-Weekly,0.0,2156,0,22,1.0,26,0,0.29945311457916496,27.9971143662612,Mid Value,0,0,Potential Loyalist
3101,50,Female,Hat,Accessories,85,Vermont,L,Purple,Winter,3.9,No,Express,No,No,3,Bank Transfer,Weekly,0.0,340,0,4,1.0,52,0,0.3469387755102041,19.784552287014872,Low Value,0,0,Potential Loyalist
3102,32,Female,Jewelry,Accessories,82,Idaho,S,Brown,Summer,2.7,No,Express,No,No,9,PayPal,Fortnightly,0.0,820,0,10,1.0,24,0,0.20474856609310388,15.178640457099924,Low Value,0,0,Potential Loyalist
3103,51,Female,Jacket,Outerwear,85,South Dakota,M,Green,Summer,4.3,No,Standard,No,No,29,Cash,Bi-Weekly,0.0,2550,1,30,1.0,26,0,0.35387488328664796,33.450944421554084,Mid Value,1,0,Loyalist
3104,27,Female,Shirt,Clothing,37,Illinois,S,Peach,Winter,3.0,No,2-Day Shipping,No,No,42,Bank Transfer,Weekly,0.0,1591,0,43,1.0,52,0,0.6122448979591837,41.02032284170263,Mid Value,1,0,Loyalist
3105,43,Female,Pants,Clothing,56,Georgia,S,Turquoise,Summer,5.0,No,2-Day Shipping,No,No,41,Debit Card,Fortnightly,0.0,2352,1,42,1.0,24,0,0.42243564092303587,35.86876845661676,Mid Value,1,0,Loyalist
3106,48,Female,Skirt,Clothing,33,Oregon,M,Olive,Fall,2.7,No,Express,No,No,17,Debit Card,Monthly,0.0,594,0,18,1.0,12,0,0.18073896225156727,12.592624176606124,Low Value,0,0,Potential Loyalist
3107,62,Female,Sandals,Footwear,57,Alabama,M,Yellow,Winter,4.7,No,Next Day Air,No,No,20,PayPal,Annually,0.0,1197,1,21,1.0,1,0,0.12925170068027209,13.741100203760698,Low Value,0,0,Passive
3108,65,Female,Blouse,Clothing,31,Hawaii,L,Gray,Winter,4.6,No,Standard,No,No,18,Credit Card,Bi-Weekly,0.0,589,1,19,1.0,26,0,0.27904495131385887,17.99062927434734,Low Value,0,0,Potential Loyalist
3109,50,Female,Socks,Clothing,69,Oregon,M,Purple,Fall,3.2,No,2-Day Shipping,No,No,7,PayPal,Monthly,0.0,552,0,8,1.0,12,0,0.11271175136721354,8.789282419842044,Low Value,0,0,Potential Loyalist
3110,60,Female,Jacket,Outerwear,92,Illinois,M,Gray,Winter,4.3,No,Free Shipping,No,No,47,Bank Transfer,Fortnightly,0.0,4416,1,48,1.0,24,0,0.46325196745364816,50.15767346422933,High Value,1,0,Champion
3111,19,Female,Handbag,Accessories,46,Texas,L,Lavender,Fall,4.6,No,Next Day Air,No,No,2,Bank Transfer,Bi-Weekly,0.0,138,1,3,1.0,26,0,0.17020141389889287,9.64500769298623,Low Value,0,0,Potential Loyalist
3112,21,Female,Belt,Accessories,81,Kansas,XL,Indigo,Spring,4.9,No,Free Shipping,No,No,25,Debit Card,Quarterly,0.0,2106,1,26,1.0,4,0,0.18287314925970388,21.897343617298816,Low Value,0,0,Passive
3113,19,Female,Blouse,Clothing,97,Texas,S,Green,Fall,3.8,No,Express,No,No,26,Venmo,Annually,0.0,2619,0,27,1.0,1,0,0.17006802721088435,23.960449980502425,Low Value,1,0,Loyalist
3114,46,Female,Shirt,Clothing,93,Nebraska,L,Green,Summer,2.6,No,Express,No,No,2,Debit Card,Weekly,0.0,279,0,3,1.0,52,0,0.3401360544217687,19.069711579377568,Low Value,0,0,Potential Loyalist
3115,21,Female,Handbag,Accessories,56,Arkansas,M,Olive,Spring,4.7,No,Store Pickup,No,No,45,Venmo,Bi-Weekly,0.0,2576,1,46,1.0,26,0,0.46271842070161395,39.293656212714836,Mid Value,1,0,Loyalist
3116,26,Female,Scarf,Accessories,53,South Dakota,M,Charcoal,Fall,4.1,No,Free Shipping,No,No,9,Bank Transfer,Bi-Weekly,0.0,530,1,10,1.0,26,0,0.2178204615179405,14.442770663724971,Low Value,0,0,Potential Loyalist
3117,50,Female,Coat,Outerwear,66,Montana,L,Gray,Spring,3.7,No,Store Pickup,No,No,1,Venmo,Weekly,0.0,132,0,2,1.0,52,0,0.3333333333333333,17.84839971419384,Low Value,0,0,Potential Loyalist
3118,43,Female,Hoodie,Clothing,50,Florida,M,Olive,Fall,3.0,No,Free Shipping,No,No,4,PayPal,Bi-Weekly,0.0,250,0,5,1.0,26,0,0.1838068560757636,10.727107965405581,Low Value,0,0,Potential Loyalist
3119,61,Female,Shorts,Clothing,97,Virginia,L,Blue,Summer,4.7,No,Standard,No,No,31,Debit Card,Quarterly,0.0,3104,1,32,1.0,4,0,0.22368947579031612,29.90836195113824,Mid Value,1,0,Loyalist
3120,63,Female,Sandals,Footwear,79,Louisiana,XL,Silver,Winter,4.7,No,2-Day Shipping,No,No,21,Credit Card,Every 3 Months,0.0,1738,1,22,1.0,4,0,0.15566226490596236,18.30772004796173,Low Value,0,0,Passive
3121,46,Female,Shirt,Clothing,76,Louisiana,M,Magenta,Fall,4.0,No,Store Pickup,No,No,32,Debit Card,Fortnightly,0.0,2508,1,33,1.0,24,0,0.36121115112711755,33.58708773986046,Mid Value,1,0,Loyalist
3122,63,Female,Hoodie,Clothing,38,Louisiana,L,Black,Fall,2.6,No,Standard,No,No,16,Venmo,Weekly,0.0,646,0,17,1.0,52,0,0.43537414965986393,26.209441326705523,Mid Value,0,0,Potential Loyalist
3123,23,Female,Socks,Clothing,45,Georgia,M,Pink,Fall,3.0,No,Express,No,No,34,Credit Card,Fortnightly,0.0,1575,0,35,1.0,24,0,0.3748165933039882,28.514974528140087,Mid Value,1,0,Loyalist
3124,57,Female,Handbag,Accessories,77,Iowa,XL,Red,Fall,3.3,No,Next Day Air,No,No,40,Venmo,Bi-Weekly,0.0,3157,0,41,1.0,26,0,0.42870481525943704,40.648594289366066,Mid Value,1,0,Loyalist
3125,57,Female,Jewelry,Accessories,51,California,M,Peach,Summer,3.4,No,Standard,No,No,4,Cash,Every 3 Months,0.0,255,0,5,1.0,4,0,0.04001600640256102,3.2401558905020575,Low Value,0,0,Passive
3126,33,Female,Coat,Outerwear,26,Oregon,L,Lavender,Spring,4.0,No,Standard,No,No,3,Cash,Quarterly,0.0,104,1,4,1.0,4,0,0.03321328531412565,2.283976375084619,Low Value,0,0,Passive
3127,57,Female,Sunglasses,Accessories,76,Maine,L,Lavender,Winter,2.6,No,Store Pickup,No,No,28,Bank Transfer,Bi-Weekly,0.0,2204,0,29,1.0,26,0,0.3470721621982126,30.768992706814235,Mid Value,1,0,Loyalist
3128,55,Female,Gloves,Accessories,94,Louisiana,M,Beige,Winter,3.4,No,Free Shipping,No,No,43,Credit Card,Every 3 Months,0.0,4136,0,44,1.0,4,0,0.3053221288515406,39.9645211469003,Mid Value,1,0,Loyalist
3129,65,Female,Jacket,Outerwear,32,Arkansas,S,Indigo,Fall,4.4,No,Standard,No,No,20,Cash,Annually,0.0,672,1,21,1.0,1,0,0.12925170068027209,10.64927046292495,Low Value,0,0,Passive
3130,60,Female,Sandals,Footwear,20,Maryland,S,Cyan,Summer,4.7,No,Express,No,No,40,Venmo,Every 3 Months,0.0,820,1,41,1.0,4,0,0.28491396558623444,19.65782611837365,Low Value,1,0,Loyalist
3131,52,Female,Pants,Clothing,20,Vermont,M,Yellow,Summer,4.5,No,Store Pickup,No,No,34,Venmo,Every 3 Months,0.0,700,1,35,1.0,4,0,0.2440976390556222,16.817524951112865,Low Value,1,0,Loyalist
3132,34,Female,Jacket,Outerwear,59,North Dakota,M,Peach,Fall,2.9,No,Store Pickup,No,No,11,Bank Transfer,Every 3 Months,0.0,708,0,12,1.0,4,0,0.08763505402160864,8.397160031128383,Low Value,0,0,Passive
3133,33,Female,Sweater,Clothing,97,Michigan,M,Yellow,Summer,4.2,No,Express,No,No,26,Cash,Quarterly,0.0,2619,1,27,1.0,4,0,0.18967587034813926,25.274102501808038,Mid Value,1,0,Loyalist
3134,58,Female,T-shirt,Clothing,68,Arkansas,M,Orange,Spring,4.1,No,Next Day Air,No,No,29,Cash,Bi-Weekly,0.0,2040,1,30,1.0,26,0,0.35387488328664796,30.447452673313645,Mid Value,1,0,Loyalist
3135,35,Female,Boots,Footwear,66,Kentucky,L,Gray,Spring,4.4,No,Store Pickup,No,No,47,Bank Transfer,Weekly,0.0,3168,1,48,1.0,52,0,0.6462585034013606,52.374277299762895,High Value,1,0,Champion
3136,68,Female,Shoes,Footwear,85,Indiana,L,Yellow,Spring,4.7,No,Free Shipping,No,No,48,Venmo,Fortnightly,0.0,4165,1,49,1.0,24,0,0.47005468854208343,49.03508392588425,High Value,1,0,Champion
3137,58,Female,Skirt,Clothing,32,Minnesota,M,Gray,Fall,3.1,No,Next Day Air,No,No,29,Cash,Bi-Weekly,0.0,960,0,30,1.0,26,0,0.35387488328664796,23.79842805865983,Low Value,1,0,Loyalist
3138,34,Female,Coat,Outerwear,44,Louisiana,M,Turquoise,Spring,2.7,No,2-Day Shipping,No,No,14,Bank Transfer,Monthly,0.0,660,0,15,1.0,12,0,0.16033079898626118,11.91451273077631,Low Value,0,0,Potential Loyalist
3139,47,Female,Blouse,Clothing,95,Kentucky,L,Gray,Fall,4.6,No,Next Day Air,No,No,40,Cash,Every 3 Months,0.0,3895,1,41,1.0,4,0,0.28491396558623444,37.76711460041159,Mid Value,1,0,Loyalist
3140,35,Female,Sunglasses,Accessories,85,Georgia,M,Olive,Winter,4.4,No,Next Day Air,No,No,4,Venmo,Weekly,0.0,425,1,5,1.0,52,0,0.35374149659863946,20.929422930596385,Low Value,0,0,Potential Loyalist
3141,34,Female,Gloves,Accessories,44,Alaska,XL,Peach,Summer,4.6,No,Free Shipping,No,No,37,Bank Transfer,Weekly,0.0,1672,1,38,1.0,52,0,0.5782312925170068,40.00803946076039,Mid Value,1,0,Loyalist
3142,36,Female,Sunglasses,Accessories,30,Mississippi,S,Peach,Winter,4.9,No,Express,No,No,47,Credit Card,Bi-Weekly,0.0,1440,1,48,1.0,26,0,0.4763238628784847,33.31472464899636,Mid Value,1,0,Loyalist
3143,23,Female,Sneakers,Footwear,21,Kansas,L,Magenta,Winter,4.0,No,2-Day Shipping,No,No,1,Venmo,Quarterly,0.0,42,1,2,1.0,4,0,0.0196078431372549,1.2076469301912462,Low Value,0,0,Passive
3144,68,Female,Hoodie,Clothing,22,Arizona,M,Purple,Summer,2.9,No,Store Pickup,No,No,26,Cash,Quarterly,0.0,594,0,27,1.0,4,0,0.18967587034813926,13.059784353649876,Low Value,1,0,Loyalist
3145,23,Female,Boots,Footwear,70,Maine,L,Beige,Spring,2.6,No,Free Shipping,No,No,12,Debit Card,Quarterly,0.0,910,0,13,1.0,4,0,0.09443777511004402,9.942377869161573,Low Value,0,0,Passive
3146,57,Female,Handbag,Accessories,29,Texas,XL,Purple,Spring,4.6,No,Standard,No,No,16,PayPal,Fortnightly,0.0,493,1,17,1.0,24,0,0.25236761371215155,16.030758130562,Low Value,0,0,Potential Loyalist
3147,21,Female,Shirt,Clothing,83,Virginia,S,Yellow,Winter,4.9,No,Free Shipping,No,No,19,PayPal,Annually,0.0,1660,1,20,1.0,1,0,0.12244897959183673,16.112200037452787,Low Value,0,0,Passive
3148,45,Female,Sweater,Clothing,99,North Dakota,M,Pink,Winter,4.3,No,Express,No,No,21,Credit Card,Weekly,0.0,2178,1,22,1.0,52,0,0.4693877551020408,37.29838180697986,Mid Value,0,0,Potential Loyalist
3149,37,Female,Shorts,Clothing,35,West Virginia,L,Purple,Fall,4.3,No,Free Shipping,No,No,15,Venmo,Weekly,0.0,560,1,16,1.0,52,0,0.42857142857142855,25.636059779201087,Mid Value,0,0,Potential Loyalist
3150,18,Female,Belt,Accessories,40,North Carolina,M,Lavender,Winter,4.6,No,Free Shipping,No,No,9,Venmo,Annually,0.0,400,1,10,1.0,1,0,0.054421768707482984,5.13581328194978,Low Value,0,0,Passive
3151,55,Female,Blouse,Clothing,25,Georgia,M,Peach,Spring,2.6,No,Express,No,No,7,Bank Transfer,Bi-Weekly,0.0,200,0,8,1.0,26,0,0.20421501934106973,11.49944660333706,Low Value,0,0,Potential Loyalist
3152,52,Female,T-shirt,Clothing,64,New Mexico,L,Orange,Fall,3.1,No,2-Day Shipping,No,No,47,Bank Transfer,Quarterly,0.0,3072,0,48,1.0,4,0,0.3325330132052821,35.12081102313876,Mid Value,1,0,Loyalist
3153,49,Female,Belt,Accessories,90,North Carolina,M,Red,Fall,3.1,No,Store Pickup,No,No,17,PayPal,Monthly,0.0,1620,0,18,1.0,12,0,0.18073896225156727,18.634942870125123,Low Value,0,0,Potential Loyalist
3154,56,Female,Socks,Clothing,88,Alabama,L,Red,Fall,3.1,No,Next Day Air,No,No,46,Venmo,Fortnightly,0.0,4136,0,47,1.0,24,0,0.4564492463652128,47.86440891690884,High Value,1,0,Champion
3155,27,Female,Belt,Accessories,55,Connecticut,M,Gold,Winter,4.4,No,Standard,No,No,32,Cash,Quarterly,0.0,1815,1,33,1.0,4,0,0.2304921968787515,22.672783325197912,Low Value,1,0,Loyalist
3156,22,Female,Handbag,Accessories,90,Montana,M,Brown,Fall,4.3,No,Free Shipping,No,No,34,Cash,Annually,0.0,3150,1,35,1.0,1,0,0.22448979591836732,30.221100368165775,Mid Value,1,0,Loyalist
3157,18,Female,Shirt,Clothing,50,Montana,M,Black,Winter,3.1,No,2-Day Shipping,No,No,18,Cash,Monthly,0.0,950,0,19,1.0,12,0,0.18754168334000265,15.044778738617797,Low Value,0,0,Potential Loyalist
3158,21,Female,Belt,Accessories,34,Maine,L,Red,Fall,3.1,No,Store Pickup,No,No,5,Debit Card,Fortnightly,0.0,204,0,6,1.0,24,0,0.1775376817393624,10.128495410187094,Low Value,0,0,Potential Loyalist
3159,30,Female,Jewelry,Accessories,77,Mississippi,M,Gray,Winter,4.9,No,2-Day Shipping,No,No,44,Credit Card,Monthly,0.0,3465,1,45,1.0,12,0,0.36441243163932235,39.39039262638209,Mid Value,1,0,Loyalist
3160,62,Female,Hat,Accessories,89,Louisiana,L,Pink,Winter,2.9,No,Store Pickup,No,No,4,Bank Transfer,Quarterly,0.0,445,0,5,1.0,4,0,0.04001600640256102,4.359103796709283,Low Value,0,0,Passive
3161,28,Female,Backpack,Accessories,87,Nebraska,XL,Turquoise,Fall,3.8,No,Next Day Air,No,No,37,Cash,Fortnightly,0.0,3306,0,38,1.0,24,0,0.39522475656929434,39.77597748688768,Mid Value,1,0,Loyalist
3162,66,Female,Dress,Clothing,77,Massachusetts,S,Charcoal,Winter,4.2,No,2-Day Shipping,No,No,43,Cash,Monthly,0.0,3388,1,44,1.0,12,0,0.35760971055088697,38.581324726643125,Mid Value,1,0,Loyalist
3163,66,Female,Shoes,Footwear,85,Wisconsin,L,Blue,Winter,3.9,No,Standard,No,No,28,Bank Transfer,Quarterly,0.0,2465,0,29,1.0,4,0,0.20328131252500997,24.78967570553728,Mid Value,1,0,Loyalist
3164,49,Female,Pants,Clothing,66,Nebraska,XL,Turquoise,Summer,2.8,No,Express,No,No,36,Cash,Monthly,0.0,2442,0,37,1.0,12,0,0.3099906629318394,30.232256081592663,Mid Value,1,0,Loyalist
3165,40,Female,Dress,Clothing,32,Arizona,L,Silver,Winter,2.6,No,Standard,No,No,16,Credit Card,Annually,0.0,544,0,17,1.0,1,0,0.10204081632653061,8.184365627321062,Low Value,0,0,Passive
3166,49,Female,Jacket,Outerwear,92,Hawaii,M,Lavender,Spring,3.0,No,Store Pickup,No,No,38,Bank Transfer,Every 3 Months,0.0,3588,0,39,1.0,4,0,0.2713085234093637,34.95924212866982,Mid Value,1,0,Loyalist
3167,19,Female,Shirt,Clothing,80,Georgia,M,Gold,Winter,2.7,No,Next Day Air,No,No,37,Bank Transfer,Fortnightly,0.0,3040,0,38,1.0,24,0,0.39522475656929434,38.20945041819757,Mid Value,1,0,Loyalist
3168,24,Female,Dress,Clothing,78,Oregon,M,Blue,Fall,2.8,No,2-Day Shipping,No,No,9,Cash,Bi-Weekly,0.0,780,0,10,1.0,26,0,0.2178204615179405,15.626381392521708,Low Value,0,0,Potential Loyalist
3169,31,Female,Jeans,Clothing,24,Montana,M,Orange,Spring,2.9,No,2-Day Shipping,No,No,14,PayPal,Fortnightly,0.0,360,0,15,1.0,24,0,0.2387621715352808,14.247606372925786,Low Value,0,0,Potential Loyalist
3170,35,Female,T-shirt,Clothing,59,Georgia,M,White,Fall,3.8,No,Free Shipping,No,No,3,Venmo,Weekly,0.0,236,0,4,1.0,52,0,0.3469387755102041,19.17207553835408,Low Value,0,0,Potential Loyalist
3171,65,Female,Sunglasses,Accessories,41,Rhode Island,XL,Charcoal,Spring,4.4,No,Express,No,No,10,Credit Card,Fortnightly,0.0,451,1,11,1.0,24,0,0.21155128718153926,13.649814524796804,Low Value,0,0,Potential Loyalist
3172,68,Female,Jewelry,Accessories,26,Tennessee,M,Maroon,Spring,3.1,No,Express,No,No,26,Bank Transfer,Bi-Weekly,0.0,702,0,27,1.0,26,0,0.3334667200213418,21.212215972771382,Low Value,1,0,Loyalist
3173,57,Female,Socks,Clothing,52,Missouri,M,Olive,Fall,3.7,No,Standard,No,No,30,Debit Card,Bi-Weekly,0.0,1612,0,31,1.0,26,0,0.36067760437508334,27.993785674552228,Mid Value,1,0,Loyalist
3174,69,Female,Skirt,Clothing,46,Washington,L,Teal,Summer,4.9,No,Next Day Air,No,No,32,PayPal,Fortnightly,0.0,1518,1,33,1.0,24,0,0.36121115112711755,27.756780228570193,Mid Value,1,0,Loyalist
3175,45,Female,Pants,Clothing,52,Oklahoma,L,Orange,Winter,3.8,No,Store Pickup,No,No,35,PayPal,Monthly,0.0,1872,0,36,1.0,12,0,0.30318794184340403,26.519812825221273,Mid Value,1,0,Loyalist
3176,35,Female,Socks,Clothing,42,Connecticut,M,Maroon,Fall,3.4,No,Store Pickup,No,No,26,Debit Card,Every 3 Months,0.0,1134,0,27,1.0,4,0,0.18967587034813926,16.239952087080926,Low Value,1,0,Loyalist
3177,36,Female,Sandals,Footwear,37,Arkansas,XL,Turquoise,Spring,4.6,No,2-Day Shipping,No,No,39,Credit Card,Monthly,0.0,1480,1,40,1.0,12,0,0.33039882619714545,25.92233391752118,Mid Value,1,0,Loyalist
3178,55,Female,Belt,Accessories,52,Missouri,L,Beige,Fall,3.2,No,Standard,No,No,31,Credit Card,Monthly,0.0,1664,0,32,1.0,12,0,0.2759770574896625,23.872461176900796,Low Value,1,0,Loyalist
3179,66,Female,Sandals,Footwear,34,Washington,L,Beige,Spring,2.7,No,Free Shipping,No,No,28,Credit Card,Annually,0.0,986,0,29,1.0,1,0,0.18367346938775508,15.054586262126108,Low Value,1,0,Loyalist
3180,57,Female,Shorts,Clothing,88,Idaho,M,Olive,Spring,4.3,No,Free Shipping,No,No,12,Debit Card,Bi-Weekly,0.0,1144,1,13,1.0,26,0,0.2382286247832466,19.12553777387537,Low Value,0,0,Potential Loyalist
3181,18,Female,Handbag,Accessories,88,Montana,L,Turquoise,Fall,3.8,No,Standard,No,No,46,PayPal,Weekly,0.0,4136,0,47,1.0,52,0,0.6394557823129252,57.43073373637194,High Value,1,0,Champion
3182,31,Female,Jacket,Outerwear,51,Montana,M,Charcoal,Summer,4.4,No,Free Shipping,No,No,27,PayPal,Every 3 Months,0.0,1428,1,28,1.0,4,0,0.19647859143657465,18.615665427490384,Low Value,1,0,Loyalist
3183,50,Female,Sunglasses,Accessories,97,Georgia,L,Green,Fall,3.6,No,Free Shipping,No,No,4,Credit Card,Annually,0.0,485,0,5,1.0,1,0,0.02040816326530612,3.569708403449529,Low Value,0,0,Passive
3184,50,Female,Sneakers,Footwear,56,Mississippi,M,Green,Winter,3.5,No,Standard,No,No,14,Cash,Every 3 Months,0.0,840,0,15,1.0,4,0,0.10804321728691477,10.24133297921625,Low Value,0,0,Passive
3185,61,Female,Sweater,Clothing,53,Hawaii,L,Green,Spring,4.2,No,2-Day Shipping,No,No,30,Venmo,Quarterly,0.0,1643,1,31,1.0,4,0,0.21688675470188074,20.948641934605618,Low Value,1,0,Loyalist
3186,52,Female,Skirt,Clothing,71,Ohio,L,Gold,Fall,4.7,No,Express,No,No,6,PayPal,Annually,0.0,497,1,7,1.0,1,0,0.03401360544217687,4.640267020816928,Low Value,0,0,Passive
3187,38,Female,Jewelry,Accessories,93,Virginia,S,Cyan,Winter,4.8,No,Store Pickup,No,No,43,Venmo,Annually,0.0,4092,1,44,1.0,1,0,0.2857142857142857,38.969122142898556,Mid Value,1,0,Loyalist
3188,67,Female,Blouse,Clothing,72,Texas,L,Indigo,Winter,3.2,No,Free Shipping,No,No,28,Debit Card,Weekly,0.0,2088,0,29,1.0,52,0,0.5170068027210883,38.968861467864365,Mid Value,1,0,Loyalist
3189,42,Female,Blouse,Clothing,59,Vermont,M,Lavender,Winter,3.5,No,Standard,No,No,39,Bank Transfer,Monthly,0.0,2360,0,40,1.0,12,0,0.33039882619714545,30.816140335320814,Mid Value,1,0,Loyalist
3190,25,Female,Boots,Footwear,87,Kansas,M,Beige,Summer,4.2,No,Store Pickup,No,No,30,PayPal,Bi-Weekly,0.0,2697,1,31,1.0,26,0,0.36067760437508334,34.67225628673782,Mid Value,1,0,Loyalist
3191,41,Female,Jeans,Clothing,78,California,S,Purple,Fall,3.4,No,Free Shipping,No,No,5,Credit Card,Fortnightly,0.0,468,0,6,1.0,24,0,0.1775376817393624,11.683244079864501,Low Value,0,0,Potential Loyalist
3192,62,Female,Hoodie,Clothing,68,Mississippi,XL,Maroon,Winter,4.7,No,Store Pickup,No,No,42,Credit Card,Every 3 Months,0.0,2924,1,43,1.0,4,0,0.2985194077631052,32.75990095524149,Mid Value,1,0,Loyalist
3193,19,Female,Sweater,Clothing,76,Iowa,S,Maroon,Fall,3.0,No,Free Shipping,No,No,20,Cash,Fortnightly,0.0,1596,0,21,1.0,24,0,0.27957849806589297,23.660254189277413,Low Value,0,0,Potential Loyalist
3194,63,Female,Gloves,Accessories,99,Virginia,L,Teal,Winter,4.0,No,Express,No,No,35,Credit Card,Fortnightly,0.0,3564,1,36,1.0,24,0,0.3816193143924236,40.87288103181923,Mid Value,1,0,Loyalist
3195,43,Female,Sneakers,Footwear,52,Maryland,L,Gold,Summer,4.6,No,Standard,No,No,10,Credit Card,Bi-Weekly,0.0,572,1,11,1.0,26,0,0.22462318260637587,15.045716580741553,Low Value,0,0,Potential Loyalist
3196,68,Female,Sunglasses,Accessories,58,Missouri,S,Red,Spring,4.9,No,Next Day Air,No,No,36,Credit Card,Quarterly,0.0,2146,1,37,1.0,4,0,0.25770308123249297,26.04450651279991,Mid Value,1,0,Loyalist
3197,24,Female,Belt,Accessories,59,Wisconsin,L,Maroon,Winter,2.8,No,Express,No,No,21,Debit Card,Fortnightly,0.0,1298,0,22,1.0,24,0,0.28638121915432835,22.260872274133703,Low Value,0,0,Potential Loyalist
3198,27,Female,Sweater,Clothing,71,Maine,M,Teal,Spring,3.2,No,Free Shipping,No,No,29,Credit Card,Every 3 Months,0.0,2130,0,30,1.0,4,0,0.21008403361344535,23.172393408658483,Low Value,1,0,Loyalist
3199,61,Female,Gloves,Accessories,94,Pennsylvania,L,Peach,Winter,2.8,No,Free Shipping,No,No,39,Debit Card,Weekly,0.0,3760,0,40,1.0,52,0,0.5918367346938775,52.72719795773486,High Value,1,0,Champion
3200,59,Female,Handbag,Accessories,40,Maine,XL,Pink,Winter,4.2,No,Express,No,No,16,PayPal,Monthly,0.0,680,1,17,1.0,12,0,0.17393624116313192,13.032184944194542,Low Value,0,0,Potential Loyalist
3201,67,Female,Socks,Clothing,24,Missouri,L,Black,Spring,4.8,No,Free Shipping,No,No,32,Credit Card,Monthly,0.0,792,1,33,1.0,12,0,0.2827797785780979,19.381367892901714,Low Value,1,0,Loyalist
3202,46,Female,Pants,Clothing,38,Vermont,S,Indigo,Fall,2.8,No,2-Day Shipping,No,No,34,Cash,Monthly,0.0,1330,0,35,1.0,12,0,0.29638522075496865,22.972267155027794,Low Value,1,0,Loyalist
3203,65,Female,Scarf,Accessories,37,Wisconsin,L,Green,Fall,4.5,No,Standard,No,No,38,Venmo,Annually,0.0,1443,1,39,1.0,1,0,0.2517006802721088,21.590634961818722,Low Value,1,0,Loyalist
3204,63,Female,Coat,Outerwear,29,New Jersey,L,Teal,Spring,4.1,No,Express,No,No,14,Venmo,Annually,0.0,435,1,15,1.0,1,0,0.08843537414965986,7.1199329534207685,Low Value,0,0,Passive
3205,57,Female,Jacket,Outerwear,92,New Mexico,XL,Lavender,Fall,4.3,No,Free Shipping,No,No,23,Debit Card,Bi-Weekly,0.0,2208,1,24,1.0,26,0,0.3130585567560357,29.303240963882754,Mid Value,0,0,Potential Loyalist
3206,40,Female,Hoodie,Clothing,24,Colorado,XL,Magenta,Fall,4.4,No,2-Day Shipping,No,No,50,Bank Transfer,Every 3 Months,0.0,1224,1,51,1.0,4,0,0.3529411764705882,25.593058096437804,Mid Value,1,0,Loyalist
3207,36,Female,Boots,Footwear,52,California,M,Brown,Winter,3.0,No,Free Shipping,No,No,49,PayPal,Monthly,0.0,2600,0,50,1.0,12,0,0.39842603708149926,35.78554359434295,Mid Value,1,0,Loyalist
3208,67,Female,Socks,Clothing,29,Arizona,XL,Beige,Summer,2.7,No,Next Day Air,No,No,14,PayPal,Annually,0.0,435,0,15,1.0,1,0,0.08843537414965986,6.831243805629055,Low Value,0,0,Passive
3209,61,Female,Jewelry,Accessories,30,Indiana,L,Indigo,Winter,3.3,No,2-Day Shipping,No,No,42,PayPal,Weekly,0.0,1290,0,43,1.0,52,0,0.6122448979591837,39.247673790290136,Mid Value,1,0,Loyalist
3210,64,Female,Shoes,Footwear,31,Arkansas,L,Peach,Fall,4.3,No,Standard,No,No,39,Debit Card,Annually,0.0,1240,1,40,1.0,1,0,0.25850340136054417,20.750726999778625,Low Value,1,0,Loyalist
3211,30,Female,Socks,Clothing,67,Nevada,M,Magenta,Summer,2.9,No,Express,No,No,43,Venmo,Bi-Weekly,0.0,2948,0,44,1.0,26,0,0.4491129785247432,40.484550205787286,Mid Value,1,0,Loyalist
3212,53,Female,Pants,Clothing,65,Rhode Island,L,Turquoise,Winter,4.9,No,Standard,No,No,12,Cash,Monthly,0.0,845,1,13,1.0,12,0,0.14672535680939042,12.58150471174403,Low Value,0,0,Potential Loyalist
3213,27,Female,Sneakers,Footwear,22,Wyoming,M,Indigo,Winter,3.6,No,2-Day Shipping,No,No,21,Debit Card,Weekly,0.0,484,0,22,1.0,52,0,0.4693877551020408,27.033388695424808,Mid Value,0,0,Potential Loyalist
3214,27,Female,Sunglasses,Accessories,56,Texas,M,Brown,Winter,3.3,No,Standard,No,No,33,Credit Card,Monthly,0.0,1904,0,34,1.0,12,0,0.28958249966653327,25.997068133925154,Mid Value,1,0,Loyalist
3215,53,Female,Skirt,Clothing,78,Washington,M,Yellow,Spring,3.1,No,Free Shipping,No,No,6,Debit Card,Annually,0.0,546,0,7,1.0,1,0,0.03401360544217687,4.640148648836555,Low Value,0,0,Passive
3216,34,Female,Coat,Outerwear,90,Rhode Island,M,Magenta,Summer,2.7,No,Free Shipping,No,No,10,PayPal,Every 3 Months,0.0,990,0,11,1.0,4,0,0.08083233293317327,9.702314754170436,Low Value,0,0,Passive
3217,39,Female,Hoodie,Clothing,85,Illinois,S,Olive,Winter,3.4,No,Next Day Air,No,No,18,Cash,Weekly,0.0,1615,0,19,1.0,52,0,0.44897959183673464,32.627274723861795,Mid Value,0,0,Potential Loyalist
3218,44,Female,Sunglasses,Accessories,58,Oregon,M,Silver,Fall,3.4,No,Express,No,No,46,Venmo,Weekly,0.0,2726,0,47,1.0,52,0,0.6394557823129252,49.12696243241309,High Value,1,0,Champion
3219,37,Female,Skirt,Clothing,34,Florida,M,Teal,Fall,3.9,No,Express,No,No,49,PayPal,Monthly,0.0,1700,0,50,1.0,12,0,0.39842603708149926,30.48526403862453,Mid Value,1,0,Loyalist
3220,57,Female,Coat,Outerwear,40,Kansas,L,White,Summer,3.5,No,2-Day Shipping,No,No,39,Credit Card,Weekly,0.0,1600,0,40,1.0,52,0,0.5918367346938775,40.006527024010644,Mid Value,1,0,Loyalist
3221,38,Female,Handbag,Accessories,29,North Dakota,M,Blue,Fall,4.1,No,Free Shipping,No,No,16,Cash,Monthly,0.0,493,1,17,1.0,12,0,0.17393624116313192,11.930904636506384,Low Value,0,0,Potential Loyalist
3222,21,Female,T-shirt,Clothing,76,New Hampshire,M,Yellow,Winter,3.2,No,Standard,No,No,28,Cash,Annually,0.0,2204,0,29,1.0,1,0,0.18367346938775508,22.22763126086504,Low Value,1,0,Loyalist
3223,45,Female,Sunglasses,Accessories,84,Texas,S,Maroon,Fall,4.6,No,Store Pickup,No,No,22,PayPal,Quarterly,0.0,1932,1,23,1.0,4,0,0.16246498599439774,19.805824289944088,Low Value,0,0,Passive
3224,68,Female,Shirt,Clothing,65,Montana,S,Gray,Spring,3.9,No,Standard,No,No,36,Venmo,Bi-Weekly,0.0,2405,0,37,1.0,26,0,0.4014939309056956,34.79751810958913,Mid Value,1,0,Loyalist
3225,37,Female,Hoodie,Clothing,80,Delaware,L,Indigo,Winter,2.7,No,Free Shipping,No,No,18,PayPal,Monthly,0.0,1520,0,19,1.0,12,0,0.18754168334000265,18.401622457239466,Low Value,0,0,Potential Loyalist
3226,53,Female,Blouse,Clothing,98,New Hampshire,M,Pink,Fall,3.0,No,Store Pickup,No,No,31,Credit Card,Weekly,0.0,3136,0,32,1.0,52,0,0.5374149659863945,46.20754116377231,High Value,1,0,Champion
3227,57,Female,Sneakers,Footwear,71,Minnesota,XL,Beige,Spring,3.3,No,Next Day Air,No,No,38,Bank Transfer,Fortnightly,0.0,2769,0,39,1.0,24,0,0.4020274776577297,36.969076889725415,Mid Value,1,0,Loyalist
3228,28,Female,Scarf,Accessories,69,Alaska,XL,White,Fall,2.7,No,Free Shipping,No,No,42,Debit Card,Quarterly,0.0,2967,0,43,1.0,4,0,0.2985194077631052,32.724447386223,Mid Value,1,0,Loyalist
3229,37,Female,Jewelry,Accessories,95,Connecticut,M,Yellow,Spring,4.6,No,2-Day Shipping,No,No,27,PayPal,Annually,0.0,2660,1,28,1.0,1,0,0.17687074829931973,24.84619584580436,Mid Value,1,0,Loyalist
3230,54,Female,Pants,Clothing,67,Connecticut,M,Teal,Fall,2.7,No,Express,No,No,24,Cash,Monthly,0.0,1675,0,25,1.0,12,0,0.22835800987061491,21.44804560722264,Low Value,0,0,Potential Loyalist
3231,49,Female,Sneakers,Footwear,49,Kansas,M,Olive,Summer,2.5,No,Next Day Air,No,No,38,Debit Card,Annually,0.0,1911,0,39,1.0,1,0,0.2517006802721088,24.058091183000588,Low Value,1,0,Loyalist
3232,62,Female,Shoes,Footwear,97,Nevada,M,Maroon,Winter,4.4,No,Free Shipping,No,No,9,Credit Card,Annually,0.0,970,1,10,1.0,1,0,0.054421768707482984,8.492657000571445,Low Value,0,0,Passive
3233,45,Female,T-shirt,Clothing,34,Massachusetts,M,White,Spring,4.0,No,Next Day Air,No,No,19,Bank Transfer,Monthly,0.0,680,1,20,1.0,12,0,0.19434440442843803,14.098983557443706,Low Value,0,0,Potential Loyalist
3234,45,Female,Belt,Accessories,74,Indiana,M,Lavender,Fall,3.8,No,Express,No,No,11,Debit Card,Bi-Weekly,0.0,888,0,12,1.0,26,0,0.23142590369481122,16.973614014707362,Low Value,0,0,Potential Loyalist
3235,49,Female,Jewelry,Accessories,96,Washington,M,Black,Winter,2.5,No,2-Day Shipping,No,No,16,Debit Card,Quarterly,0.0,1632,0,17,1.0,4,0,0.12164865946378552,15.616778063747905,Low Value,0,0,Passive
3236,27,Female,Belt,Accessories,68,Kansas,M,Green,Summer,4.0,No,Free Shipping,No,No,18,Venmo,Monthly,0.0,1292,1,19,1.0,12,0,0.18754168334000265,17.34757411758251,Low Value,0,0,Potential Loyalist
3237,63,Female,Belt,Accessories,84,South Carolina,L,Olive,Fall,4.1,No,Next Day Air,No,No,8,Cash,Monthly,0.0,756,1,9,1.0,12,0,0.11951447245564892,10.634967804679656,Low Value,0,0,Potential Loyalist
3238,61,Female,T-shirt,Clothing,57,Vermont,M,Gray,Summer,2.8,No,Express,No,No,4,Cash,Weekly,0.0,285,0,5,1.0,52,0,0.35374149659863946,19.816245851915138,Low Value,0,0,Potential Loyalist
3239,25,Female,Sneakers,Footwear,84,Wyoming,XL,Teal,Fall,3.4,No,2-Day Shipping,No,No,37,Cash,Quarterly,0.0,3192,0,38,1.0,4,0,0.26450580232092835,32.27151958640399,Mid Value,1,0,Loyalist
3240,33,Female,Sunglasses,Accessories,32,Colorado,M,Charcoal,Fall,2.7,No,2-Day Shipping,No,No,30,Cash,Monthly,0.0,992,0,31,1.0,12,0,0.2691743364012271,19.55931957088132,Low Value,1,0,Loyalist
3241,56,Female,Sandals,Footwear,37,West Virginia,M,Violet,Fall,3.8,No,2-Day Shipping,No,No,37,Bank Transfer,Monthly,0.0,1406,0,38,1.0,12,0,0.3167933840202748,24.486644930759848,Mid Value,1,0,Loyalist
3242,50,Female,Handbag,Accessories,58,Connecticut,M,Lavender,Summer,4.4,No,Store Pickup,No,No,30,PayPal,Quarterly,0.0,1798,1,31,1.0,4,0,0.21688675470188074,21.861467858090453,Low Value,1,0,Loyalist
3243,45,Female,Socks,Clothing,74,Oregon,S,Beige,Fall,2.8,No,Express,No,No,17,Venmo,Weekly,0.0,1332,0,18,1.0,52,0,0.44217687074829926,30.605031725813948,Mid Value,0,0,Potential Loyalist
3244,45,Female,Hoodie,Clothing,99,Idaho,L,Black,Summer,5.0,No,Store Pickup,No,No,11,Bank Transfer,Every 3 Months,0.0,1188,1,12,1.0,4,0,0.08763505402160864,11.51266494196992,Low Value,0,0,Passive
3245,65,Female,Sweater,Clothing,81,Arkansas,M,Black,Fall,4.7,No,Express,No,No,42,Credit Card,Annually,0.0,3483,1,43,1.0,1,0,0.2789115646258503,35.027000105779365,Mid Value,1,0,Loyalist
3246,63,Female,Pants,Clothing,76,Kansas,M,Purple,Fall,3.2,No,Next Day Air,No,No,20,Cash,Weekly,0.0,1596,0,21,1.0,52,0,0.4625850340136054,33.226579008740515,Mid Value,0,0,Potential Loyalist
3247,70,Female,Sneakers,Footwear,98,Michigan,M,Magenta,Summer,2.9,No,Store Pickup,No,No,37,Cash,Monthly,0.0,3724,0,38,1.0,12,0,0.3167933840202748,38.137809386487966,Mid Value,1,0,Loyalist
3248,53,Female,Gloves,Accessories,91,Arkansas,M,Teal,Summer,3.7,No,Express,No,No,12,PayPal,Fortnightly,0.0,1183,0,13,1.0,24,0,0.22515672935841002,18.38321849115552,Low Value,0,0,Potential Loyalist
3249,22,Female,T-shirt,Clothing,79,Pennsylvania,S,Teal,Summer,4.2,No,Free Shipping,No,No,41,Bank Transfer,Quarterly,0.0,3318,1,42,1.0,4,0,0.2917166866746698,34.724646022995174,Mid Value,1,0,Loyalist
3250,26,Female,Backpack,Accessories,83,Virginia,M,Pink,Summer,3.4,No,Express,No,No,32,Credit Card,Quarterly,0.0,2739,0,33,1.0,4,0,0.2304921968787515,27.825714521277117,Mid Value,1,0,Loyalist
3251,23,Female,Coat,Outerwear,90,Minnesota,M,Teal,Spring,2.9,No,2-Day Shipping,No,No,15,Venmo,Weekly,0.0,1440,0,16,1.0,52,0,0.42857142857142855,30.529866197000715,Mid Value,0,0,Potential Loyalist
3252,25,Female,Coat,Outerwear,20,Nevada,M,Gold,Winter,3.7,No,Standard,No,No,39,Venmo,Quarterly,0.0,800,0,40,1.0,4,0,0.27811124449779906,18.89575344270514,Low Value,1,0,Loyalist
3253,69,Female,Sandals,Footwear,21,Montana,L,Brown,Spring,2.7,No,Store Pickup,No,No,48,Credit Card,Fortnightly,0.0,1029,0,49,1.0,24,0,0.47005468854208343,30.277865126167015,Mid Value,1,0,Loyalist
3254,36,Female,Backpack,Accessories,60,Nebraska,M,Brown,Fall,3.2,No,2-Day Shipping,No,No,8,Venmo,Fortnightly,0.0,540,0,9,1.0,24,0,0.19794584500466852,13.174065057571138,Low Value,0,0,Potential Loyalist
3255,21,Female,Sweater,Clothing,31,Indiana,S,Magenta,Winter,4.9,No,Store Pickup,No,No,11,Bank Transfer,Every 3 Months,0.0,372,1,12,1.0,4,0,0.08763505402160864,6.707078144785221,Low Value,0,0,Passive
3256,57,Female,Shorts,Clothing,40,New Jersey,M,Black,Fall,2.8,No,Next Day Air,No,No,36,Bank Transfer,Monthly,0.0,1480,0,37,1.0,12,0,0.3099906629318394,24.566846156480306,Mid Value,1,0,Loyalist
3257,60,Female,Sunglasses,Accessories,26,Wisconsin,L,Teal,Winter,4.7,No,Free Shipping,No,No,50,Venmo,Every 3 Months,0.0,1326,1,51,1.0,4,0,0.3529411764705882,26.193756446085896,Mid Value,1,0,Loyalist
3258,44,Female,Shirt,Clothing,98,Minnesota,M,Brown,Fall,3.3,No,Express,No,No,39,Venmo,Every 3 Months,0.0,3920,0,40,1.0,4,0,0.27811124449779906,37.270055902528995,Mid Value,1,0,Loyalist
3259,31,Female,Shoes,Footwear,51,New Jersey,M,Magenta,Spring,4.3,No,Express,No,No,11,Credit Card,Bi-Weekly,0.0,612,1,12,1.0,26,0,0.23142590369481122,15.636884098745426,Low Value,0,0,Potential Loyalist
3260,57,Female,Hat,Accessories,95,Oklahoma,XL,Indigo,Fall,3.7,No,2-Day Shipping,No,No,5,Debit Card,Every 3 Months,0.0,570,0,6,1.0,4,0,0.046818727490996394,5.450853272753231,Low Value,0,0,Passive
3261,39,Female,Scarf,Accessories,36,Wisconsin,M,Violet,Summer,4.5,No,2-Day Shipping,No,No,7,Credit Card,Annually,0.0,288,1,8,1.0,1,0,0.04081632653061224,3.7650238617387055,Low Value,0,0,Passive
3262,48,Female,Belt,Accessories,52,Rhode Island,L,Cyan,Winter,3.4,No,Store Pickup,No,No,50,Debit Card,Weekly,0.0,2652,0,51,1.0,52,0,0.6666666666666666,50.11355981994179,High Value,1,0,Champion
3263,42,Female,T-shirt,Clothing,35,Indiana,M,Violet,Spring,2.7,No,Standard,No,No,21,Cash,Every 3 Months,0.0,770,0,22,1.0,4,0,0.15566226490596236,12.318285778019536,Low Value,0,0,Passive
3264,56,Female,Shorts,Clothing,68,Vermont,S,Black,Fall,4.4,No,Express,No,No,31,Debit Card,Fortnightly,0.0,2176,1,32,1.0,24,0,0.35440843003868217,31.276273966001273,Mid Value,1,0,Loyalist
3265,28,Female,Pants,Clothing,50,Maine,S,Charcoal,Winter,4.0,No,Express,No,No,39,Cash,Bi-Weekly,0.0,2000,1,40,1.0,26,0,0.42190209417100166,33.767880070556714,Mid Value,1,0,Loyalist
3266,40,Female,Sunglasses,Accessories,100,Alabama,M,White,Winter,3.2,No,Express,No,No,28,Credit Card,Fortnightly,0.0,2900,0,29,1.0,24,0,0.334000266773376,34.18456664756055,Mid Value,1,0,Loyalist
3267,49,Female,Coat,Outerwear,74,Alabama,S,Gray,Winter,4.2,No,Next Day Air,No,No,33,Bank Transfer,Weekly,0.0,2516,1,34,1.0,52,0,0.5510204081632653,43.55612569312411,Mid Value,1,0,Loyalist
3268,37,Female,Hoodie,Clothing,45,Idaho,L,Pink,Winter,3.0,No,Store Pickup,No,No,42,Credit Card,Quarterly,0.0,1935,0,43,1.0,4,0,0.2985194077631052,26.64679349566587,Mid Value,1,0,Loyalist
3269,22,Female,Dress,Clothing,97,Arkansas,M,Cyan,Fall,2.8,No,Free Shipping,No,No,5,Bank Transfer,Every 3 Months,0.0,582,0,6,1.0,4,0,0.046818727490996394,5.521523666829476,Low Value,0,0,Passive
3270,27,Female,Blouse,Clothing,60,Ohio,M,Blue,Winter,4.9,No,Express,No,No,25,Cash,Monthly,0.0,1560,1,26,1.0,12,0,0.23516073095905027,21.415076349533383,Low Value,0,0,Potential Loyalist
3271,59,Female,Socks,Clothing,25,Illinois,M,Indigo,Winter,4.7,No,Express,No,No,48,PayPal,Annually,0.0,1225,1,49,1.0,1,0,0.31972789115646255,23.86278484693081,Low Value,1,0,Loyalist
3272,35,Female,Socks,Clothing,55,Nevada,XL,Magenta,Spring,4.4,No,Standard,No,No,30,Credit Card,Weekly,0.0,1705,1,31,1.0,52,0,0.5306122448979591,37.71318628022201,Mid Value,1,0,Loyalist
3273,58,Female,Shoes,Footwear,99,Texas,M,Lavender,Winter,3.1,No,Next Day Air,No,No,34,PayPal,Quarterly,0.0,3465,0,35,1.0,4,0,0.2440976390556222,32.81247243838941,Mid Value,1,0,Loyalist
3274,58,Female,Belt,Accessories,45,Nevada,S,Orange,Summer,2.6,No,Free Shipping,No,No,34,PayPal,Every 3 Months,0.0,1575,0,35,1.0,4,0,0.2440976390556222,21.681885371380726,Low Value,1,0,Loyalist
3275,46,Female,Sweater,Clothing,20,Oklahoma,M,Cyan,Spring,3.9,No,Store Pickup,No,No,14,Cash,Fortnightly,0.0,300,0,15,1.0,24,0,0.2387621715352808,13.89425440254456,Low Value,0,0,Potential Loyalist
3276,43,Female,Pants,Clothing,88,Alabama,XL,Green,Summer,2.6,No,2-Day Shipping,No,No,2,Debit Card,Weekly,0.0,264,0,3,1.0,52,0,0.3401360544217687,18.981373586782265,Low Value,0,0,Potential Loyalist
3277,39,Female,Scarf,Accessories,99,South Dakota,M,White,Summer,4.0,No,Store Pickup,No,No,41,PayPal,Every 3 Months,0.0,4158,1,42,1.0,4,0,0.2917166866746698,39.67157360833236,Mid Value,1,0,Loyalist
3278,59,Female,Skirt,Clothing,86,Texas,M,Blue,Spring,4.9,No,Store Pickup,No,No,3,Credit Card,Monthly,0.0,344,1,4,1.0,12,0,0.08550086701347205,6.4306199193132825,Low Value,0,0,Potential Loyalist
3279,59,Female,Dress,Clothing,70,Montana,M,Black,Summer,3.3,No,2-Day Shipping,No,No,18,Bank Transfer,Weekly,0.0,1330,0,19,1.0,52,0,0.44897959183673464,30.948852864550958,Mid Value,0,0,Potential Loyalist
3280,59,Female,Hat,Accessories,50,Wyoming,S,Red,Fall,3.0,No,Express,No,No,1,Debit Card,Fortnightly,0.0,100,0,2,1.0,24,0,0.1503267973856209,8.093620510527415,Low Value,0,0,Potential Loyalist
3281,45,Female,Handbag,Accessories,57,New York,L,Red,Winter,2.7,No,Next Day Air,No,No,5,PayPal,Monthly,0.0,342,0,6,1.0,12,0,0.0991063091903428,6.841351448008306,Low Value,0,0,Potential Loyalist
3282,27,Female,Pants,Clothing,69,Oregon,L,Gold,Winter,3.1,No,Free Shipping,No,No,41,Bank Transfer,Annually,0.0,2898,0,42,1.0,1,0,0.27210884353741494,30.937529709020957,Mid Value,1,0,Loyalist
3283,24,Female,T-shirt,Clothing,94,California,M,Red,Fall,4.8,No,Next Day Air,No,No,5,Credit Card,Monthly,0.0,564,1,6,1.0,12,0,0.0991063091903428,8.437442886210562,Low Value,0,0,Potential Loyalist
3284,47,Female,Jacket,Outerwear,24,North Carolina,L,Purple,Spring,2.9,No,Express,No,No,10,Debit Card,Every 3 Months,0.0,264,0,11,1.0,4,0,0.08083233293317327,5.4267559125575735,Low Value,0,0,Passive
3285,70,Female,Scarf,Accessories,79,Kentucky,L,White,Spring,4.5,No,2-Day Shipping,No,No,20,Venmo,Annually,0.0,1659,1,21,1.0,1,0,0.12925170068027209,16.461910375696153,Low Value,0,0,Passive
3286,58,Female,Hat,Accessories,31,Hawaii,XL,Magenta,Fall,4.6,No,Free Shipping,No,No,11,Cash,Weekly,0.0,372,1,12,1.0,52,0,0.4013605442176871,23.106492121007683,Low Value,0,0,Potential Loyalist
3287,45,Female,Jacket,Outerwear,67,Illinois,L,Pink,Winter,5.0,No,Express,No,No,4,Venmo,Fortnightly,0.0,335,1,5,1.0,24,0,0.17073496065092703,10.833070155561435,Low Value,0,0,Potential Loyalist
3288,24,Female,Skirt,Clothing,63,West Virginia,L,Black,Spring,4.3,No,2-Day Shipping,No,No,38,Credit Card,Weekly,0.0,2457,1,39,1.0,52,0,0.5850340136054422,44.986660610997845,High Value,1,0,Champion
3289,67,Female,Handbag,Accessories,61,South Carolina,XL,White,Spring,4.9,No,Next Day Air,No,No,19,Credit Card,Bi-Weekly,0.0,1220,1,20,1.0,26,0,0.28584767240229425,22.06231370060631,Low Value,0,0,Potential Loyalist
3290,31,Female,Backpack,Accessories,50,Montana,M,Maroon,Summer,4.0,No,2-Day Shipping,No,No,16,Venmo,Every 3 Months,0.0,850,1,17,1.0,4,0,0.12164865946378552,11.300113197570948,Low Value,0,0,Passive
3291,52,Female,Coat,Outerwear,82,North Dakota,L,Black,Spring,3.1,No,Free Shipping,No,No,2,PayPal,Monthly,0.0,246,0,3,1.0,12,0,0.07869814592503667,5.20918968214917,Low Value,0,0,Potential Loyalist
3292,29,Female,Belt,Accessories,51,New Mexico,L,Olive,Fall,2.6,No,2-Day Shipping,No,No,11,Cash,Monthly,0.0,612,0,12,1.0,12,0,0.13992263572095504,10.565032541222163,Low Value,0,0,Potential Loyalist
3293,62,Female,Handbag,Accessories,23,Missouri,L,Gray,Spring,4.9,No,Standard,No,No,18,Bank Transfer,Fortnightly,0.0,437,1,19,1.0,24,0,0.26597305588902226,16.412162033705627,Low Value,0,0,Potential Loyalist
3294,19,Female,Coat,Outerwear,91,West Virginia,M,Gold,Spring,3.5,No,2-Day Shipping,No,No,47,Credit Card,Fortnightly,0.0,4368,0,48,1.0,24,0,0.46325196745364816,49.58630274013265,High Value,1,0,Champion
3295,62,Female,Sweater,Clothing,60,South Carolina,S,Magenta,Spring,4.5,No,Store Pickup,No,No,15,Bank Transfer,Bi-Weekly,0.0,960,1,16,1.0,26,0,0.2586367880485527,19.108723677955435,Low Value,0,0,Potential Loyalist
3296,70,Female,Blouse,Clothing,34,West Virginia,S,Lavender,Summer,2.8,No,Next Day Air,No,No,15,Cash,Weekly,0.0,544,0,16,1.0,52,0,0.42857142857142855,25.253143439307713,Mid Value,0,0,Potential Loyalist
3297,20,Female,Blouse,Clothing,23,Alaska,M,Green,Spring,4.2,No,Next Day Air,No,No,47,Venmo,Quarterly,0.0,1104,1,48,1.0,4,0,0.3325330132052821,23.819555542426187,Low Value,1,0,Loyalist
3298,67,Female,Belt,Accessories,82,West Virginia,M,Violet,Fall,4.1,No,Free Shipping,No,No,47,PayPal,Monthly,0.0,3936,1,48,1.0,12,0,0.3848205949046285,43.231004207123895,Mid Value,1,0,Loyalist
3299,65,Female,Jacket,Outerwear,73,New Mexico,M,Brown,Fall,3.5,No,Express,No,No,6,Bank Transfer,Every 3 Months,0.0,511,0,7,1.0,4,0,0.05362144857943177,5.458990039628075,Low Value,0,0,Passive
3300,45,Female,Shorts,Clothing,32,South Dakota,L,Teal,Spring,4.0,No,2-Day Shipping,No,No,18,Venmo,Monthly,0.0,608,1,19,1.0,12,0,0.18754168334000265,13.319361655236511,Low Value,0,0,Potential Loyalist
3301,26,Female,Hat,Accessories,80,Oklahoma,M,Charcoal,Spring,4.0,No,Express,No,No,40,Bank Transfer,Bi-Weekly,0.0,3280,1,41,1.0,26,0,0.42870481525943704,41.6616549764393,Mid Value,1,0,Loyalist
3302,36,Female,Pants,Clothing,58,Oklahoma,XL,Charcoal,Summer,2.5,No,Free Shipping,No,No,31,Credit Card,Fortnightly,0.0,1856,0,32,1.0,24,0,0.35440843003868217,29.10304097617635,Mid Value,1,0,Loyalist
3303,36,Female,Blouse,Clothing,82,Alabama,XL,Beige,Winter,4.2,No,Standard,No,No,31,Venmo,Bi-Weekly,0.0,2624,1,32,1.0,26,0,0.3674803254635187,34.59794426052371,Mid Value,1,0,Loyalist
3304,20,Female,Belt,Accessories,60,Mississippi,S,Turquoise,Summer,3.4,No,Next Day Air,No,No,4,Credit Card,Fortnightly,0.0,300,0,5,1.0,24,0,0.17073496065092703,10.338259025047336,Low Value,0,0,Potential Loyalist
3305,30,Female,Handbag,Accessories,79,Mississippi,XL,Orange,Fall,4.8,No,Next Day Air,No,No,36,Bank Transfer,Every 3 Months,0.0,2923,1,37,1.0,4,0,0.25770308123249297,30.62041452923681,Mid Value,1,0,Loyalist
3306,34,Female,Hoodie,Clothing,41,Nebraska,L,Cyan,Summer,4.9,No,Standard,No,No,31,PayPal,Bi-Weekly,0.0,1312,1,32,1.0,26,0,0.3674803254635187,26.87131450818752,Mid Value,1,0,Loyalist
3307,63,Female,Jacket,Outerwear,39,Colorado,L,Orange,Summer,3.6,No,Store Pickup,No,No,6,Venmo,Fortnightly,0.0,273,0,7,1.0,24,0,0.1843404028277978,10.890449713875231,Low Value,0,0,Potential Loyalist
3308,18,Female,Scarf,Accessories,36,Pennsylvania,S,Green,Winter,4.0,No,Store Pickup,No,No,1,Cash,Monthly,0.0,72,1,2,1.0,12,0,0.0718954248366013,4.117558578085603,Low Value,0,0,Potential Loyalist
3309,55,Female,Jeans,Clothing,70,Utah,M,Pink,Fall,2.6,No,Express,No,No,29,Cash,Monthly,0.0,2100,0,30,1.0,12,0,0.26237161531279174,25.728953086171607,Mid Value,1,0,Loyalist
3310,48,Female,Handbag,Accessories,47,Massachusetts,M,Blue,Summer,3.1,No,Store Pickup,No,No,19,PayPal,Monthly,0.0,940,0,20,1.0,12,0,0.19434440442843803,15.341486281303988,Low Value,0,0,Potential Loyalist
3311,45,Female,Jacket,Outerwear,27,Iowa,M,Pink,Winter,3.6,No,Free Shipping,No,No,12,PayPal,Fortnightly,0.0,351,0,13,1.0,24,0,0.22515672935841002,13.48340450186916,Low Value,0,0,Potential Loyalist
3312,29,Female,Hat,Accessories,52,Florida,L,Blue,Summer,4.0,No,Express,No,No,18,Bank Transfer,Annually,0.0,988,1,19,1.0,1,0,0.11564625850340135,11.799058431433313,Low Value,0,0,Passive
3313,55,Female,Sneakers,Footwear,75,Louisiana,L,Black,Summer,3.9,No,Next Day Air,No,No,45,Cash,Quarterly,0.0,3450,0,46,1.0,4,0,0.31892757102841135,36.635729361041044,Mid Value,1,0,Loyalist
3314,55,Female,Hat,Accessories,30,Kansas,XL,Black,Fall,3.9,No,Express,No,No,45,Credit Card,Monthly,0.0,1380,0,46,1.0,12,0,0.37121515272775774,27.178322045592424,Mid Value,1,0,Loyalist
3315,55,Female,Socks,Clothing,94,Kansas,M,Violet,Spring,3.3,No,Standard,No,No,8,Credit Card,Quarterly,0.0,846,0,9,1.0,4,0,0.06722689075630252,8.14307094975604,Low Value,0,0,Passive
3316,48,Female,Scarf,Accessories,68,Kentucky,S,Gold,Summer,2.9,No,Standard,No,No,4,PayPal,Every 3 Months,0.0,340,0,5,1.0,4,0,0.04001600640256102,3.7407378485421265,Low Value,0,0,Passive
3317,42,Female,Socks,Clothing,45,New Mexico,M,Olive,Summer,3.1,No,Free Shipping,No,No,5,Debit Card,Fortnightly,0.0,270,0,6,1.0,24,0,0.1775376817393624,10.517182577606448,Low Value,0,0,Potential Loyalist
3318,21,Female,Hat,Accessories,67,North Carolina,XL,Pink,Summer,4.7,No,Standard,No,No,30,Cash,Quarterly,0.0,2077,1,31,1.0,4,0,0.21688675470188074,23.504554520363165,Low Value,1,0,Loyalist
3319,45,Female,Jacket,Outerwear,46,North Dakota,M,Olive,Summer,3.9,No,Free Shipping,No,No,15,PayPal,Monthly,0.0,736,0,16,1.0,12,0,0.16713352007469653,12.717691431008921,Low Value,0,0,Potential Loyalist
3320,23,Female,Shorts,Clothing,31,North Dakota,M,Indigo,Summer,4.3,No,Next Day Air,No,No,17,Credit Card,Every 3 Months,0.0,558,1,18,1.0,4,0,0.12845138055222088,9.936066479465357,Low Value,0,0,Passive
3321,66,Female,Blouse,Clothing,44,Illinois,XL,Silver,Fall,4.2,No,2-Day Shipping,No,No,45,Cash,Every 3 Months,0.0,2024,1,46,1.0,4,0,0.31892757102841135,28.526420012772235,Mid Value,1,0,Loyalist
3322,32,Female,Coat,Outerwear,100,Maine,S,Charcoal,Winter,4.3,No,Next Day Air,No,No,3,Venmo,Annually,0.0,400,1,4,1.0,1,0,0.013605442176870746,3.002216055451443,Low Value,0,0,Passive
3323,52,Female,Sweater,Clothing,92,Indiana,XL,Orange,Winter,4.6,No,Next Day Air,No,No,43,PayPal,Weekly,0.0,4048,1,44,1.0,52,0,0.6190476190476191,56.13437471435535,High Value,1,0,Champion
3324,54,Female,Handbag,Accessories,78,North Dakota,M,Yellow,Winter,3.8,No,Free Shipping,No,No,4,Credit Card,Monthly,0.0,390,0,5,1.0,12,0,0.09230358810190742,6.768433486563567,Low Value,0,0,Potential Loyalist
3325,37,Female,T-shirt,Clothing,32,Missouri,S,Red,Fall,3.3,No,Standard,No,No,41,Venmo,Weekly,0.0,1344,0,42,1.0,52,0,0.6054421768707483,39.21009102588352,Mid Value,1,0,Loyalist
3326,29,Female,Sandals,Footwear,97,Alaska,M,Maroon,Fall,3.7,No,2-Day Shipping,No,No,16,Venmo,Monthly,0.0,1649,0,17,1.0,12,0,0.17393624116313192,18.45013011805966,Low Value,0,0,Potential Loyalist
3327,47,Female,Gloves,Accessories,95,North Dakota,M,Magenta,Summer,4.3,No,Standard,No,No,10,Debit Card,Annually,0.0,1045,1,11,1.0,1,0,0.061224489795918366,9.289946501297702,Low Value,0,0,Passive
3328,47,Female,Shorts,Clothing,64,Connecticut,M,Black,Spring,4.1,No,Express,No,No,2,Debit Card,Quarterly,0.0,192,1,3,1.0,4,0,0.026410564225690276,2.4466263938940385,Low Value,0,0,Passive
3329,42,Female,Sandals,Footwear,35,Wisconsin,M,Violet,Spring,3.2,No,Free Shipping,No,No,11,Cash,Bi-Weekly,0.0,420,0,12,1.0,26,0,0.23142590369481122,14.21746864573378,Low Value,0,0,Potential Loyalist
3330,34,Female,Backpack,Accessories,54,New Jersey,M,Gray,Winter,3.8,No,Express,No,No,1,Debit Card,Bi-Weekly,0.0,108,0,2,1.0,26,0,0.1633986928104575,8.824043022254179,Low Value,0,0,Potential Loyalist
3331,38,Female,Sneakers,Footwear,96,Missouri,M,Black,Spring,3.2,No,2-Day Shipping,No,No,41,Bank Transfer,Quarterly,0.0,4032,0,42,1.0,4,0,0.2917166866746698,38.64084532274007,Mid Value,1,0,Loyalist
3332,55,Female,Sunglasses,Accessories,58,California,M,Pink,Summer,3.5,No,Free Shipping,No,No,39,PayPal,Quarterly,0.0,2320,0,40,1.0,4,0,0.27811124449779906,27.847336692362923,Mid Value,1,0,Loyalist
3333,27,Female,T-shirt,Clothing,23,Washington,M,Silver,Summer,3.1,No,2-Day Shipping,No,No,1,PayPal,Bi-Weekly,0.0,46,0,2,1.0,26,0,0.1633986928104575,8.458912652860242,Low Value,0,0,Potential Loyalist
3334,55,Female,Jeans,Clothing,35,Minnesota,M,Violet,Spring,4.2,No,Express,No,No,3,PayPal,Monthly,0.0,140,1,4,1.0,12,0,0.08550086701347205,5.2292232200171105,Low Value,0,0,Potential Loyalist
3335,66,Female,Shirt,Clothing,23,California,M,Beige,Summer,3.4,No,Free Shipping,No,No,21,Credit Card,Annually,0.0,506,0,22,1.0,1,0,0.13605442176870747,9.738573734828227,Low Value,0,0,Passive
3336,44,Female,Hat,Accessories,94,Texas,XL,Cyan,Winter,3.5,No,Express,No,No,48,Bank Transfer,Quarterly,0.0,4606,0,49,1.0,4,0,0.33933573429371744,44.510442603635205,High Value,1,0,Champion
3337,39,Female,Blouse,Clothing,45,Montana,M,Brown,Fall,4.0,No,Free Shipping,No,No,24,Debit Card,Annually,0.0,1125,1,25,1.0,1,0,0.1564625850340136,14.739475990302115,Low Value,0,0,Passive
3338,23,Female,Jacket,Outerwear,23,Arizona,L,Blue,Winter,4.4,No,2-Day Shipping,No,No,45,Bank Transfer,Bi-Weekly,0.0,1058,1,46,1.0,26,0,0.46271842070161395,30.35385136206976,Mid Value,1,0,Loyalist
3339,29,Female,Skirt,Clothing,94,Minnesota,L,White,Winter,2.9,No,2-Day Shipping,No,No,46,Credit Card,Monthly,0.0,4418,0,47,1.0,12,0,0.3780178738161931,45.425309683645,High Value,1,0,Champion
3340,20,Female,Gloves,Accessories,99,Nebraska,M,Cyan,Fall,3.6,No,Store Pickup,No,No,35,Cash,Fortnightly,0.0,3564,0,36,1.0,24,0,0.3816193143924236,40.584191884027526,Mid Value,1,0,Loyalist
3341,42,Female,T-shirt,Clothing,36,Virginia,XL,Maroon,Fall,4.4,No,Free Shipping,No,No,47,Credit Card,Fortnightly,0.0,1728,1,48,1.0,24,0,0.46325196745364816,34.32750519115032,Mid Value,1,0,Loyalist
3342,55,Female,Jacket,Outerwear,50,Connecticut,XL,Olive,Summer,4.5,No,Standard,No,No,35,Credit Card,Monthly,0.0,1800,1,36,1.0,12,0,0.30318794184340403,26.384479608555516,Mid Value,1,0,Loyalist
3343,66,Female,Jacket,Outerwear,81,New Jersey,M,Violet,Spring,3.8,No,Free Shipping,No,No,45,Credit Card,Weekly,0.0,3726,0,46,1.0,52,0,0.6326530612244898,54.66056240101717,High Value,1,0,Champion
3344,24,Female,Shorts,Clothing,31,Kentucky,XL,Green,Winter,3.6,No,2-Day Shipping,No,No,6,Cash,Bi-Weekly,0.0,217,0,7,1.0,26,0,0.19741229825263434,11.243963457195353,Low Value,0,0,Potential Loyalist
3345,62,Female,Hat,Accessories,48,Washington,XL,Magenta,Fall,4.3,No,Free Shipping,No,No,20,Cash,Annually,0.0,1008,1,21,1.0,1,0,0.12925170068027209,12.628041497059828,Low Value,0,0,Passive
3346,28,Female,Handbag,Accessories,91,Florida,M,Turquoise,Summer,4.0,No,2-Day Shipping,No,No,3,Venmo,Bi-Weekly,0.0,364,1,4,1.0,26,0,0.17700413498732823,11.331566319171907,Low Value,0,0,Potential Loyalist
3347,30,Female,Jeans,Clothing,99,Oklahoma,M,Black,Summer,3.4,No,Express,No,No,30,Venmo,Quarterly,0.0,3069,0,31,1.0,4,0,0.21688675470188074,29.057951282874424,Mid Value,1,0,Loyalist
3348,22,Female,Shoes,Footwear,70,Iowa,XL,Cyan,Summer,4.4,No,Standard,No,No,28,PayPal,Bi-Weekly,0.0,2030,1,29,1.0,26,0,0.3470721621982126,30.032961140500387,Mid Value,1,0,Loyalist
3349,28,Female,T-shirt,Clothing,74,New Hampshire,L,Gray,Winter,2.8,No,Standard,No,No,15,Cash,Every 3 Months,0.0,1184,0,16,1.0,4,0,0.11484593837535013,12.62281714715168,Low Value,0,0,Passive
3350,35,Female,Jewelry,Accessories,79,Georgia,M,Red,Fall,2.8,No,Store Pickup,No,No,29,PayPal,Quarterly,0.0,2370,0,30,1.0,4,0,0.21008403361344535,24.585801290183394,Mid Value,1,0,Loyalist
3351,45,Female,Handbag,Accessories,33,Mississippi,S,Olive,Fall,4.9,No,2-Day Shipping,No,No,15,Cash,Bi-Weekly,0.0,528,1,16,1.0,26,0,0.2586367880485527,16.564589491210594,Low Value,0,0,Potential Loyalist
3352,43,Female,Shirt,Clothing,49,New Hampshire,L,Cyan,Spring,4.2,No,2-Day Shipping,No,No,18,Bank Transfer,Fortnightly,0.0,931,1,19,1.0,24,0,0.26597305588902226,19.321426589844407,Low Value,0,0,Potential Loyalist
3353,55,Female,Belt,Accessories,96,Washington,M,Teal,Summer,2.9,No,Next Day Air,No,No,7,Bank Transfer,Bi-Weekly,0.0,768,0,8,1.0,26,0,0.20421501934106973,14.844511922946019,Low Value,0,0,Potential Loyalist
3354,31,Female,Dress,Clothing,66,Ohio,L,Teal,Fall,4.6,No,Free Shipping,No,No,19,Credit Card,Every 3 Months,0.0,1320,1,20,1.0,4,0,0.14205682272909165,15.134835578806397,Low Value,0,0,Passive
3355,42,Female,Skirt,Clothing,45,Maryland,M,Orange,Fall,2.8,No,Next Day Air,No,No,15,PayPal,Weekly,0.0,720,0,16,1.0,52,0,0.42857142857142855,26.289642552425978,Mid Value,0,0,Potential Loyalist
3356,40,Female,Blouse,Clothing,28,Delaware,M,Peach,Spring,2.6,No,Store Pickup,No,No,3,Bank Transfer,Bi-Weekly,0.0,112,0,4,1.0,26,0,0.17700413498732823,9.558798895779038,Low Value,0,0,Potential Loyalist
3357,39,Female,Jeans,Clothing,48,Tennessee,M,Silver,Summer,3.5,No,Store Pickup,No,No,13,PayPal,Bi-Weekly,0.0,672,0,14,1.0,26,0,0.24503134587168196,16.41274599683438,Low Value,0,0,Potential Loyalist
3358,41,Female,Hoodie,Clothing,67,Arkansas,M,Pink,Winter,3.5,No,Free Shipping,No,No,37,Credit Card,Monthly,0.0,2546,0,38,1.0,12,0,0.3167933840202748,31.20033236800318,Mid Value,1,0,Loyalist
3359,56,Female,T-shirt,Clothing,59,Tennessee,M,Magenta,Fall,3.4,No,2-Day Shipping,No,No,26,Cash,Annually,0.0,1593,0,27,1.0,1,0,0.17006802721088435,17.918131286983424,Low Value,1,0,Loyalist
3360,43,Female,Sunglasses,Accessories,74,New Hampshire,L,Red,Fall,3.9,No,Next Day Air,No,No,29,Debit Card,Monthly,0.0,2220,0,30,1.0,12,0,0.26237161531279174,26.435657026934066,Mid Value,1,0,Loyalist
3361,22,Female,Jacket,Outerwear,81,Minnesota,M,Maroon,Spring,3.3,No,2-Day Shipping,No,No,47,Cash,Every 3 Months,0.0,3888,0,48,1.0,4,0,0.3325330132052821,39.92639782032346,Mid Value,1,0,Loyalist
3362,47,Female,Shoes,Footwear,26,Florida,M,Silver,Spring,4.1,No,Free Shipping,No,No,47,Credit Card,Bi-Weekly,0.0,1248,1,48,1.0,26,0,0.4763238628784847,32.18399834377643,Mid Value,1,0,Loyalist
3363,50,Female,Handbag,Accessories,61,Tennessee,M,Gray,Summer,3.0,No,Next Day Air,No,No,48,Venmo,Fortnightly,0.0,2989,0,49,1.0,24,0,0.47005468854208343,41.82069615862047,Mid Value,1,0,Loyalist
3364,58,Female,Sweater,Clothing,23,California,M,Turquoise,Winter,3.0,No,Next Day Air,No,No,46,Bank Transfer,Bi-Weekly,0.0,1081,0,47,1.0,26,0,0.46952114179004933,30.55621334067391,Mid Value,1,0,Loyalist
3365,50,Female,Scarf,Accessories,33,Oregon,M,Peach,Fall,3.2,No,Standard,No,No,7,Credit Card,Monthly,0.0,264,0,8,1.0,12,0,0.11271175136721354,7.093192962012152,Low Value,0,0,Potential Loyalist
3366,43,Female,Skirt,Clothing,58,Tennessee,L,Teal,Fall,3.9,No,Express,No,No,45,Credit Card,Every 3 Months,0.0,2668,0,46,1.0,4,0,0.31892757102841135,32.03037534707237,Mid Value,1,0,Loyalist
3367,38,Female,Gloves,Accessories,65,North Carolina,M,Red,Spring,3.6,No,2-Day Shipping,No,No,47,Debit Card,Quarterly,0.0,3120,0,48,1.0,4,0,0.3325330132052821,35.40349259944374,Mid Value,1,0,Loyalist
3368,44,Female,T-shirt,Clothing,48,Tennessee,M,Blue,Summer,3.1,No,Store Pickup,No,No,6,Venmo,Fortnightly,0.0,336,0,7,1.0,24,0,0.1843404028277978,11.261469282775522,Low Value,0,0,Potential Loyalist
3369,30,Female,Sandals,Footwear,25,Nebraska,M,Blue,Spring,4.8,No,Express,No,No,29,Bank Transfer,Every 3 Months,0.0,750,1,30,1.0,4,0,0.21008403361344535,15.333987237681946,Low Value,1,0,Loyalist
3370,47,Female,Sweater,Clothing,51,Maine,M,Indigo,Winter,3.8,No,2-Day Shipping,No,No,42,Cash,Monthly,0.0,2193,0,43,1.0,12,0,0.3508069894624516,30.899442631008895,Mid Value,1,0,Loyalist
3371,30,Female,Belt,Accessories,31,Illinois,M,Charcoal,Summer,2.8,No,Store Pickup,No,No,46,Cash,Fortnightly,0.0,1457,0,47,1.0,24,0,0.4564492463652128,32.087243439387,Mid Value,1,0,Loyalist
3372,49,Female,Hoodie,Clothing,99,Colorado,S,Turquoise,Winter,4.0,No,Next Day Air,No,No,28,PayPal,Annually,0.0,2871,1,29,1.0,1,0,0.18367346938775508,26.44441647939474,Mid Value,1,0,Loyalist
3373,56,Female,Socks,Clothing,25,Pennsylvania,M,Maroon,Winter,4.6,No,Free Shipping,No,No,14,Credit Card,Every 3 Months,0.0,375,1,15,1.0,4,0,0.10804321728691477,7.7915443565534455,Low Value,0,0,Passive
3374,70,Female,Sandals,Footwear,52,Minnesota,M,Purple,Spring,3.5,No,Store Pickup,No,No,12,Debit Card,Every 3 Months,0.0,676,0,13,1.0,4,0,0.09443777511004402,8.564305184674783,Low Value,0,0,Passive
3375,22,Female,Blouse,Clothing,47,Nevada,S,Lavender,Spring,3.7,No,2-Day Shipping,No,No,41,Debit Card,Annually,0.0,1974,0,42,1.0,1,0,0.27210884353741494,25.495909365150045,Mid Value,1,0,Loyalist
3376,51,Female,Boots,Footwear,98,Connecticut,XL,Yellow,Fall,4.9,No,Express,No,No,8,Credit Card,Annually,0.0,882,1,9,1.0,1,0,0.047619047619047616,7.618807906262588,Low Value,0,0,Passive
3377,22,Female,Hat,Accessories,46,Ohio,M,Green,Winter,4.1,No,Store Pickup,No,No,24,Cash,Quarterly,0.0,1150,1,25,1.0,4,0,0.1760704281712685,15.911669351474862,Low Value,0,0,Passive
3378,37,Female,Shirt,Clothing,32,Kentucky,M,Yellow,Winter,4.6,No,Next Day Air,No,No,18,PayPal,Fortnightly,0.0,608,1,19,1.0,24,0,0.26597305588902226,17.419215149292132,Low Value,0,0,Potential Loyalist
3379,49,Female,Shorts,Clothing,75,Minnesota,L,Gold,Fall,4.5,No,Next Day Air,No,No,6,Cash,Quarterly,0.0,525,1,7,1.0,4,0,0.05362144857943177,5.830127980508743,Low Value,0,0,Passive
3380,61,Female,Handbag,Accessories,51,Tennessee,L,Turquoise,Summer,5.0,No,Store Pickup,No,No,40,Cash,Weekly,0.0,2091,1,41,1.0,52,0,0.5986394557823129,43.542412667171796,Mid Value,1,0,Loyalist
3381,41,Female,Dress,Clothing,52,North Dakota,L,Blue,Summer,3.8,No,Standard,No,No,6,PayPal,Every 3 Months,0.0,364,0,7,1.0,4,0,0.05362144857943177,4.59327771219407,Low Value,0,0,Passive
3382,57,Female,Hat,Accessories,66,Minnesota,L,Turquoise,Winter,4.7,No,Standard,No,No,27,Credit Card,Quarterly,0.0,1848,1,28,1.0,4,0,0.19647859143657465,21.08912922015898,Low Value,1,0,Loyalist
3383,34,Female,Sweater,Clothing,35,Nebraska,M,Maroon,Spring,2.8,No,Express,No,No,2,Bank Transfer,Weekly,0.0,105,0,3,1.0,52,0,0.3401360544217687,18.04499086527201,Low Value,0,0,Potential Loyalist
3384,27,Female,Coat,Outerwear,43,Delaware,M,Pink,Fall,2.6,No,Next Day Air,No,No,39,Venmo,Bi-Weekly,0.0,1720,0,40,1.0,26,0,0.42190209417100166,31.830215060985935,Mid Value,1,0,Loyalist
3385,39,Female,Hoodie,Clothing,24,Minnesota,L,Maroon,Summer,3.8,No,Free Shipping,No,No,9,Venmo,Quarterly,0.0,240,0,10,1.0,4,0,0.07402961184473789,4.929815586655362,Low Value,0,0,Passive
3386,62,Female,Jewelry,Accessories,83,Rhode Island,M,Olive,Winter,2.8,No,Standard,No,No,16,Credit Card,Every 3 Months,0.0,1411,0,17,1.0,4,0,0.12164865946378552,14.315264972843714,Low Value,0,0,Passive
3387,34,Female,T-shirt,Clothing,62,Michigan,M,Lavender,Fall,2.6,No,2-Day Shipping,No,No,36,Cash,Quarterly,0.0,2294,0,37,1.0,4,0,0.25770308123249297,26.627418891948558,Mid Value,1,0,Loyalist
3388,53,Female,Pants,Clothing,78,New Jersey,S,Pink,Spring,3.4,No,2-Day Shipping,No,No,2,Credit Card,Bi-Weekly,0.0,234,0,3,1.0,26,0,0.17020141389889287,9.92168169780448,Low Value,0,0,Potential Loyalist
3389,35,Female,Sweater,Clothing,61,South Dakota,M,Cyan,Spring,4.5,No,Store Pickup,No,No,21,Credit Card,Weekly,0.0,1342,1,22,1.0,52,0,0.4693877551020408,32.37501101966808,Mid Value,0,0,Potential Loyalist
3390,38,Female,Pants,Clothing,57,North Carolina,L,Maroon,Fall,3.8,No,Free Shipping,No,No,39,Venmo,Annually,0.0,2280,0,40,1.0,1,0,0.25850340136054417,26.586805338594864,Mid Value,1,0,Loyalist
3391,32,Female,Socks,Clothing,70,Oregon,S,Red,Summer,3.0,No,Next Day Air,No,No,38,PayPal,Annually,0.0,2730,0,39,1.0,1,0,0.2517006802721088,28.881345578704355,Mid Value,1,0,Loyalist
3392,47,Female,Hoodie,Clothing,57,Montana,M,Silver,Fall,3.7,No,2-Day Shipping,No,No,6,Debit Card,Every 3 Months,0.0,399,0,7,1.0,4,0,0.05362144857943177,4.799399694916451,Low Value,0,0,Passive
3393,53,Female,Scarf,Accessories,74,New Jersey,XL,Blue,Winter,4.4,No,Free Shipping,No,No,6,Venmo,Bi-Weekly,0.0,518,1,7,1.0,26,0,0.19741229825263434,13.30530165639956,Low Value,0,0,Potential Loyalist
3394,60,Female,Dress,Clothing,90,Arizona,M,Gold,Fall,3.1,No,Next Day Air,No,No,50,Debit Card,Monthly,0.0,4590,0,51,1.0,12,0,0.40522875816993464,47.86065014973674,High Value,1,0,Champion
3395,31,Female,Sandals,Footwear,98,Vermont,S,Yellow,Spring,4.2,No,Store Pickup,No,No,9,PayPal,Annually,0.0,980,1,10,1.0,1,0,0.054421768707482984,8.551548995634985,Low Value,0,0,Passive
3396,44,Female,Dress,Clothing,43,Colorado,M,Silver,Winter,3.1,No,Free Shipping,No,No,15,Debit Card,Every 3 Months,0.0,688,0,16,1.0,4,0,0.11484593837535013,9.701774192000196,Low Value,0,0,Passive
3397,29,Female,Pants,Clothing,37,Tennessee,XL,Black,Winter,5.0,No,Next Day Air,No,No,5,PayPal,Quarterly,0.0,222,1,6,1.0,4,0,0.046818727490996394,3.6901009923338175,Low Value,0,0,Passive
3398,19,Female,Blouse,Clothing,38,New Jersey,L,Yellow,Summer,2.7,No,Standard,No,No,13,Bank Transfer,Bi-Weekly,0.0,532,0,14,1.0,26,0,0.24503134587168196,15.588258065944851,Low Value,0,0,Potential Loyalist
3399,54,Female,Jeans,Clothing,60,Montana,L,Pink,Winter,3.8,No,Standard,No,No,44,Cash,Fortnightly,0.0,2700,0,45,1.0,24,0,0.442843804188342,38.696319350285336,Mid Value,1,0,Loyalist
3400,40,Female,Pants,Clothing,55,Montana,XL,Yellow,Winter,3.3,No,Standard,No,No,36,Debit Card,Annually,0.0,2035,0,37,1.0,1,0,0.23809523809523808,24.077152846289017,Low Value,1,0,Loyalist
3401,39,Female,Sunglasses,Accessories,51,Nevada,M,Lavender,Fall,4.8,No,Free Shipping,No,No,18,Venmo,Fortnightly,0.0,969,1,19,1.0,24,0,0.26597305588902226,19.54521617108585,Low Value,0,0,Potential Loyalist
3402,44,Female,Backpack,Accessories,71,Nevada,L,Peach,Winter,3.4,No,Standard,No,No,39,Credit Card,Weekly,0.0,2840,0,40,1.0,52,0,0.5918367346938775,47.30913441188937,High Value,1,0,Champion
3403,22,Female,Hoodie,Clothing,61,Louisiana,M,Black,Spring,4.4,No,2-Day Shipping,No,No,11,PayPal,Every 3 Months,0.0,732,1,12,1.0,4,0,0.08763505402160864,8.827189967072592,Low Value,0,0,Passive
3404,30,Female,Boots,Footwear,65,Illinois,M,Olive,Summer,3.9,No,Standard,No,No,1,Cash,Bi-Weekly,0.0,130,0,2,1.0,26,0,0.1633986928104575,8.953605411393962,Low Value,0,0,Potential Loyalist
3405,69,Female,Gloves,Accessories,34,South Carolina,L,Olive,Fall,3.9,No,2-Day Shipping,No,No,34,Credit Card,Annually,0.0,1190,0,35,1.0,1,0,0.22448979591836732,18.38958018792061,Low Value,1,0,Loyalist
3406,28,Female,Blouse,Clothing,87,Washington,M,White,Summer,4.2,No,Store Pickup,No,No,47,Bank Transfer,Bi-Weekly,0.0,4176,1,48,1.0,26,0,0.4763238628784847,49.42757449838036,High Value,1,0,Champion
3407,57,Female,Sweater,Clothing,79,Nebraska,M,Red,Spring,4.0,No,Store Pickup,No,No,24,Venmo,Quarterly,0.0,1975,1,25,1.0,4,0,0.1760704281712685,20.770258944216746,Low Value,0,0,Passive
3408,46,Female,Dress,Clothing,46,Alabama,S,Purple,Spring,2.6,No,Store Pickup,No,No,20,Cash,Quarterly,0.0,966,0,21,1.0,4,0,0.14885954381752697,13.116969343515155,Low Value,0,0,Passive
3409,48,Female,Socks,Clothing,72,Montana,L,Purple,Summer,4.4,No,Standard,No,No,11,Bank Transfer,Annually,0.0,864,1,12,1.0,1,0,0.06802721088435373,8.579600928397388,Low Value,0,0,Passive
3410,24,Female,Shirt,Clothing,93,Minnesota,M,Teal,Summer,3.2,No,Next Day Air,No,No,3,Credit Card,Every 3 Months,0.0,372,0,4,1.0,4,0,0.03321328531412565,3.5735926949957335,Low Value,0,0,Passive
3411,50,Female,Sandals,Footwear,76,Ohio,L,Teal,Summer,4.3,No,Free Shipping,No,No,38,Bank Transfer,Bi-Weekly,0.0,2964,1,39,1.0,26,0,0.4150993730825663,39.08946885693205,Mid Value,1,0,Loyalist
3412,29,Female,Shoes,Footwear,56,New York,L,Gray,Winter,4.9,No,2-Day Shipping,No,No,45,Cash,Weekly,0.0,2576,1,46,1.0,52,0,0.6326530612244898,48.176672116502004,High Value,1,0,Champion
3413,61,Female,Sandals,Footwear,83,Indiana,M,Magenta,Fall,3.8,No,Store Pickup,No,No,31,Venmo,Quarterly,0.0,2656,0,32,1.0,4,0,0.22368947579031612,26.981311424500028,Mid Value,1,0,Loyalist
3414,34,Female,Gloves,Accessories,90,Delaware,XL,Black,Winter,2.5,No,Express,No,No,16,PayPal,Bi-Weekly,0.0,1530,0,17,1.0,26,0,0.2654395091369881,22.532477786535114,Low Value,0,0,Potential Loyalist
3415,27,Female,Boots,Footwear,94,Connecticut,M,Maroon,Spring,4.9,No,Next Day Air,No,No,3,Bank Transfer,Quarterly,0.0,376,1,4,1.0,4,0,0.03321328531412565,3.885838640812861,Low Value,0,0,Passive
3416,38,Female,Blouse,Clothing,68,New York,M,Gold,Fall,3.0,No,2-Day Shipping,No,No,15,Bank Transfer,Annually,0.0,1088,0,16,1.0,1,0,0.09523809523809523,11.032490621027812,Low Value,0,0,Passive
3417,25,Female,Sandals,Footwear,53,Alabama,M,Purple,Spring,3.2,No,Store Pickup,No,No,11,Bank Transfer,Every 3 Months,0.0,636,0,12,1.0,4,0,0.08763505402160864,7.97313766667091,Low Value,0,0,Passive
3418,54,Female,Coat,Outerwear,35,Massachusetts,M,Blue,Summer,2.9,No,2-Day Shipping,No,No,22,Debit Card,Fortnightly,0.0,805,0,23,1.0,24,0,0.29318394024276373,19.713096455251,Low Value,0,0,Potential Loyalist
3419,53,Female,Jacket,Outerwear,30,South Carolina,M,Beige,Summer,2.8,No,Free Shipping,No,No,35,Debit Card,Annually,0.0,1080,0,36,1.0,1,0,0.2312925170068027,18.097367779971417,Low Value,1,0,Loyalist
3420,23,Female,Jewelry,Accessories,26,West Virginia,L,Indigo,Winter,3.1,No,Store Pickup,No,No,5,Venmo,Bi-Weekly,0.0,156,0,6,1.0,26,0,0.190609577164199,10.529122749558052,Low Value,0,0,Potential Loyalist
3421,19,Female,Hat,Accessories,60,Kentucky,M,Purple,Winter,3.4,No,Express,No,No,35,PayPal,Bi-Weekly,0.0,2160,0,36,1.0,26,0,0.3946912098172602,32.99906469278272,Mid Value,1,0,Loyalist
3422,57,Female,Shoes,Footwear,30,New Jersey,M,Maroon,Summer,2.9,No,Free Shipping,No,No,27,PayPal,Weekly,0.0,840,0,28,1.0,52,0,0.5102040816326531,31.2635409461851,Mid Value,1,0,Loyalist
3423,19,Female,Coat,Outerwear,91,New York,L,Beige,Winter,3.2,No,Next Day Air,No,No,9,Venmo,Monthly,0.0,910,0,10,1.0,12,0,0.12631719354408427,11.60881491861615,Low Value,0,0,Potential Loyalist
3424,33,Female,Boots,Footwear,71,Massachusetts,M,Brown,Spring,3.8,No,Next Day Air,No,No,21,PayPal,Bi-Weekly,0.0,1562,0,22,1.0,26,0,0.29945311457916496,24.498929859487042,Mid Value,0,0,Potential Loyalist
3425,33,Female,Scarf,Accessories,64,Florida,L,Green,Summer,3.6,No,2-Day Shipping,No,No,23,Credit Card,Monthly,0.0,1536,0,24,1.0,12,0,0.22155528878217953,20.273847338089737,Low Value,0,0,Potential Loyalist
3426,38,Female,Hat,Accessories,54,Michigan,M,Blue,Summer,4.3,No,Next Day Air,No,No,3,Debit Card,Bi-Weekly,0.0,216,1,4,1.0,26,0,0.17700413498732823,10.459964792231547,Low Value,0,0,Potential Loyalist
3427,47,Female,Socks,Clothing,35,Oregon,XL,Magenta,Fall,4.8,No,2-Day Shipping,No,No,31,Credit Card,Annually,0.0,1120,1,32,1.0,1,0,0.20408163265306123,17.199226757018394,Low Value,1,0,Loyalist
3428,39,Female,T-shirt,Clothing,38,Michigan,XL,Turquoise,Winter,2.5,No,Store Pickup,No,No,44,Cash,Annually,0.0,1710,0,45,1.0,1,0,0.2925170068027211,25.007959308721805,Mid Value,1,0,Loyalist
3429,32,Female,Jewelry,Accessories,69,Washington,M,Gray,Fall,2.5,No,Next Day Air,No,No,20,Venmo,Monthly,0.0,1449,0,21,1.0,12,0,0.2011471255168734,18.69468836778779,Low Value,0,0,Potential Loyalist
3430,27,Female,Skirt,Clothing,96,Alaska,S,Purple,Winter,4.6,No,Express,No,No,34,Debit Card,Weekly,0.0,3360,1,35,1.0,52,0,0.5578231292517006,48.882209614236444,High Value,1,0,Champion
3431,67,Female,Socks,Clothing,73,Montana,M,Lavender,Winter,4.2,No,Next Day Air,No,No,17,Bank Transfer,Every 3 Months,0.0,1314,1,18,1.0,4,0,0.12845138055222088,14.388301306268831,Low Value,0,0,Passive
3432,46,Female,Belt,Accessories,49,New Mexico,S,Green,Summer,4.2,No,Express,No,No,20,Venmo,Annually,0.0,1029,1,21,1.0,1,0,0.12925170068027209,12.75171468669326,Low Value,0,0,Passive
3433,36,Female,Boots,Footwear,44,Connecticut,M,Gray,Summer,4.8,No,2-Day Shipping,No,No,46,PayPal,Every 3 Months,0.0,2068,1,47,1.0,4,0,0.32573029211684673,29.141144328801527,Mid Value,1,0,Loyalist
3434,62,Female,Socks,Clothing,93,Alaska,M,Yellow,Spring,4.5,No,Free Shipping,No,No,28,PayPal,Annually,0.0,2697,1,29,1.0,1,0,0.18367346938775508,25.419695765289173,Mid Value,1,0,Loyalist
3435,31,Female,Pants,Clothing,72,Ohio,S,Orange,Summer,3.3,No,2-Day Shipping,No,No,6,Venmo,Fortnightly,0.0,504,0,7,1.0,24,0,0.1843404028277978,12.250854799842962,Low Value,0,0,Potential Loyalist
3436,68,Female,Socks,Clothing,91,Montana,M,Beige,Summer,2.7,No,2-Day Shipping,No,No,50,Debit Card,Bi-Weekly,0.0,4641,0,51,1.0,26,0,0.4967320261437908,52.94416173429234,High Value,1,0,Champion
3437,57,Female,Belt,Accessories,83,Nebraska,L,Peach,Winter,2.8,No,2-Day Shipping,No,No,41,Bank Transfer,Monthly,0.0,3486,0,42,1.0,12,0,0.3440042683740162,38.15857805497463,Mid Value,1,0,Loyalist
3438,22,Female,Jacket,Outerwear,62,Oklahoma,S,Green,Winter,3.5,No,2-Day Shipping,No,No,50,PayPal,Annually,0.0,3162,0,51,1.0,1,0,0.3333333333333333,35.69267421844586,Mid Value,1,0,Loyalist
3439,26,Female,Shirt,Clothing,71,Kentucky,M,Violet,Fall,3.0,No,Store Pickup,No,No,33,Credit Card,Monthly,0.0,2414,0,34,1.0,12,0,0.28958249966653327,29.000559882165593,Mid Value,1,0,Loyalist
3440,43,Female,Gloves,Accessories,93,Idaho,M,Gray,Summer,4.5,No,Express,No,No,25,Venmo,Quarterly,0.0,2418,1,26,1.0,4,0,0.18287314925970388,23.7347738632812,Low Value,0,0,Passive
3441,45,Female,Handbag,Accessories,63,Maryland,L,Magenta,Fall,4.3,No,2-Day Shipping,No,No,2,PayPal,Weekly,0.0,189,1,3,1.0,52,0,0.3401360544217687,18.82837277159744,Low Value,0,0,Potential Loyalist
3442,64,Female,Sweater,Clothing,96,Tennessee,XL,Charcoal,Fall,4.1,No,Standard,No,No,15,Credit Card,Annually,0.0,1536,1,16,1.0,1,0,0.09523809523809523,13.959541147666027,Low Value,0,0,Passive
3443,28,Female,Skirt,Clothing,78,Michigan,M,Violet,Spring,4.3,No,Next Day Air,No,No,12,PayPal,Weekly,0.0,1014,1,13,1.0,52,0,0.40816326530612246,27.24295774183655,Mid Value,0,0,Potential Loyalist
3444,47,Female,Dress,Clothing,24,Tennessee,L,Silver,Summer,5.0,No,Free Shipping,No,No,28,Cash,Bi-Weekly,0.0,696,1,29,1.0,26,0,0.3470721621982126,22.176768999024414,Low Value,1,0,Loyalist
3445,53,Female,Pants,Clothing,63,Rhode Island,S,Green,Summer,3.8,No,2-Day Shipping,No,No,12,Bank Transfer,Bi-Weekly,0.0,819,0,13,1.0,26,0,0.2382286247832466,16.922858786518674,Low Value,0,0,Potential Loyalist
3446,42,Female,Hat,Accessories,58,Florida,M,Magenta,Fall,4.9,No,Standard,No,No,3,Debit Card,Annually,0.0,232,1,4,1.0,1,0,0.013605442176870746,2.012830538384007,Low Value,0,0,Passive
3447,51,Female,Boots,Footwear,55,Louisiana,S,Purple,Spring,5.0,No,2-Day Shipping,No,No,20,Cash,Weekly,0.0,1155,1,21,1.0,52,0,0.4625850340136054,30.9181311742302,Mid Value,0,0,Potential Loyalist
3448,62,Female,Sandals,Footwear,58,Arkansas,M,Blue,Fall,4.3,No,Express,No,No,3,Bank Transfer,Bi-Weekly,0.0,232,1,4,1.0,26,0,0.17700413498732823,10.554191984333205,Low Value,0,0,Potential Loyalist
3449,18,Female,Coat,Outerwear,28,Kentucky,S,Yellow,Winter,4.1,No,Express,No,No,32,Bank Transfer,Fortnightly,0.0,924,1,33,1.0,24,0,0.36121115112711755,24.258595721796034,Low Value,1,0,Loyalist
3450,48,Female,Blouse,Clothing,37,Kansas,M,Brown,Spring,4.5,No,Standard,No,No,35,Cash,Monthly,0.0,1332,1,36,1.0,12,0,0.30318794184340403,23.62833423958194,Low Value,1,0,Loyalist
3451,20,Female,Shorts,Clothing,78,Vermont,M,Pink,Spring,3.6,No,Store Pickup,No,No,31,PayPal,Monthly,0.0,2496,0,32,1.0,12,0,0.2759770574896625,28.77227516618716,Mid Value,1,0,Loyalist
3452,32,Female,Blouse,Clothing,73,Nevada,XL,Silver,Fall,3.0,No,Free Shipping,No,No,13,Credit Card,Annually,0.0,1022,0,14,1.0,1,0,0.08163265306122448,9.932604378109016,Low Value,0,0,Passive
3453,26,Female,Jacket,Outerwear,20,Oklahoma,M,Indigo,Spring,3.7,No,Next Day Air,No,No,3,Venmo,Fortnightly,0.0,80,0,4,1.0,24,0,0.16393223956249164,8.687035595899783,Low Value,0,0,Potential Loyalist
3454,31,Female,Shirt,Clothing,60,Alabama,L,Pink,Winter,4.3,No,Standard,No,No,48,Venmo,Bi-Weekly,0.0,2940,1,49,1.0,26,0,0.48312658396692004,42.50412344627678,Mid Value,1,0,Loyalist
3455,55,Female,Handbag,Accessories,71,Louisiana,S,Lavender,Fall,4.6,No,Store Pickup,No,No,15,PayPal,Bi-Weekly,0.0,1136,1,16,1.0,26,0,0.2586367880485527,20.145222791073707,Low Value,0,0,Potential Loyalist
3456,49,Female,T-shirt,Clothing,89,Ohio,M,Orange,Fall,4.7,No,Standard,No,No,13,Venmo,Annually,0.0,1246,1,14,1.0,1,0,0.08163265306122448,11.540474215323982,Low Value,0,0,Passive
3457,42,Female,Hoodie,Clothing,53,Texas,M,Red,Fall,4.6,No,Express,No,No,21,Venmo,Monthly,0.0,1166,1,22,1.0,12,0,0.20794984660530877,17.672333593031098,Low Value,0,0,Potential Loyalist
3458,64,Female,Jewelry,Accessories,87,Maryland,M,Gray,Summer,3.0,No,Express,No,No,29,Cash,Fortnightly,0.0,2610,0,30,1.0,24,0,0.3408029878618114,32.832298328467665,Mid Value,1,0,Loyalist
3459,68,Female,Jewelry,Accessories,37,West Virginia,L,Violet,Spring,3.4,No,Standard,No,No,24,Venmo,Quarterly,0.0,925,0,25,1.0,4,0,0.1760704281712685,14.29791031475354,Low Value,0,0,Passive
3460,68,Female,Hoodie,Clothing,37,Ohio,L,Green,Fall,3.8,No,Express,No,No,21,PayPal,Annually,0.0,814,0,22,1.0,1,0,0.13605442176870747,11.5524471827852,Low Value,0,0,Passive
3461,41,Female,Scarf,Accessories,78,Indiana,M,Gold,Spring,3.1,No,Express,No,No,5,Bank Transfer,Bi-Weekly,0.0,468,0,6,1.0,26,0,0.190609577164199,12.366552995540435,Low Value,0,0,Potential Loyalist
3462,51,Female,Shoes,Footwear,23,Wyoming,S,Maroon,Spring,4.4,No,Standard,No,No,47,Cash,Quarterly,0.0,1104,1,48,1.0,4,0,0.3325330132052821,23.819555542426187,Low Value,1,0,Loyalist
3463,44,Female,Jeans,Clothing,73,Michigan,L,Olive,Spring,4.5,No,Standard,No,No,34,Credit Card,Every 3 Months,0.0,2555,1,35,1.0,4,0,0.2440976390556222,27.741990035399166,Mid Value,1,0,Loyalist
3464,27,Female,Jewelry,Accessories,27,Maine,M,Yellow,Fall,2.8,No,2-Day Shipping,No,No,45,PayPal,Fortnightly,0.0,1242,0,46,1.0,24,0,0.4496465252767774,30.465466007771212,Mid Value,1,0,Loyalist
3465,36,Female,Coat,Outerwear,59,Utah,S,Peach,Winter,2.7,No,Next Day Air,No,No,12,PayPal,Annually,0.0,767,0,13,1.0,1,0,0.07482993197278912,8.075258966239078,Low Value,0,0,Passive
3466,19,Female,Backpack,Accessories,53,Iowa,M,Gold,Spring,3.4,No,Standard,No,No,31,Debit Card,Weekly,0.0,1696,0,32,1.0,52,0,0.5374149659863945,37.72709387462284,Mid Value,1,0,Loyalist
3467,49,Female,Socks,Clothing,42,Maryland,S,Purple,Summer,4.6,No,Standard,No,No,43,Bank Transfer,Annually,0.0,1848,1,44,1.0,1,0,0.2857142857142857,25.753758450640625,Mid Value,1,0,Loyalist
3468,18,Female,Scarf,Accessories,45,Texas,M,Charcoal,Fall,5.0,No,Next Day Air,No,No,5,Credit Card,Annually,0.0,270,1,6,1.0,1,0,0.027210884353741492,2.947819195124896,Low Value,0,0,Passive
3469,36,Female,Sunglasses,Accessories,89,Ohio,S,Indigo,Winter,3.5,No,Standard,No,No,36,Debit Card,Quarterly,0.0,3293,0,37,1.0,4,0,0.25770308123249297,32.51072919879601,Mid Value,1,0,Loyalist
3470,36,Female,Socks,Clothing,85,North Dakota,L,Magenta,Fall,3.3,No,Store Pickup,No,No,12,Cash,Annually,0.0,1105,0,13,1.0,1,0,0.07482993197278912,10.065808399386663,Low Value,0,0,Passive
3471,19,Female,Coat,Outerwear,69,West Virginia,S,Olive,Summer,4.5,No,Free Shipping,No,No,31,Cash,Bi-Weekly,0.0,2208,1,32,1.0,26,0,0.3674803254635187,32.14803726588053,Mid Value,1,0,Loyalist
3472,43,Female,Sandals,Footwear,66,North Carolina,S,Blue,Spring,3.1,No,Store Pickup,No,No,31,Cash,Bi-Weekly,0.0,2112,0,32,1.0,26,0,0.3674803254635187,31.293984965478856,Mid Value,1,0,Loyalist
3473,31,Female,Blouse,Clothing,42,Georgia,S,White,Summer,4.0,No,Free Shipping,No,No,15,Debit Card,Weekly,0.0,672,1,16,1.0,52,0,0.42857142857142855,26.29565012391271,Mid Value,0,0,Potential Loyalist
3474,63,Female,Dress,Clothing,40,Kansas,M,Cyan,Spring,2.5,No,Express,No,No,11,Cash,Weekly,0.0,480,0,12,1.0,52,0,0.4013605442176871,23.453836519902183,Low Value,0,0,Potential Loyalist
3475,41,Female,Pants,Clothing,82,Maine,M,Cyan,Winter,4.4,No,Store Pickup,No,No,18,Venmo,Monthly,0.0,1558,1,19,1.0,12,0,0.18754168334000265,18.914101186272624,Low Value,0,0,Potential Loyalist
3476,48,Female,Sneakers,Footwear,88,South Carolina,M,Orange,Spring,4.4,No,Express,No,No,9,Cash,Quarterly,0.0,880,1,10,1.0,4,0,0.07402961184473789,8.98759241851351,Low Value,0,0,Passive
3477,68,Female,Boots,Footwear,99,South Carolina,XL,Orange,Summer,3.2,No,Free Shipping,No,No,11,Cash,Weekly,0.0,1188,0,12,1.0,52,0,0.4013605442176871,27.623389770400674,Mid Value,0,0,Potential Loyalist
3478,53,Female,Handbag,Accessories,85,Kentucky,S,Teal,Spring,3.8,No,Store Pickup,No,No,38,Debit Card,Bi-Weekly,0.0,3315,0,39,1.0,26,0,0.4150993730825663,40.86788873587053,Mid Value,1,0,Loyalist
3479,36,Female,Handbag,Accessories,57,Arizona,M,Magenta,Fall,4.6,No,Store Pickup,No,No,42,PayPal,Quarterly,0.0,2451,1,43,1.0,4,0,0.2985194077631052,29.974309588736148,Mid Value,1,0,Loyalist
3480,46,Female,Sweater,Clothing,56,New York,S,Orange,Summer,4.9,No,Standard,No,No,41,Cash,Monthly,0.0,2352,1,42,1.0,12,0,0.3440042683740162,31.76891496256114,Mid Value,1,0,Loyalist
3481,21,Female,Sandals,Footwear,79,New Hampshire,L,Peach,Winter,3.5,No,Free Shipping,No,No,45,PayPal,Monthly,0.0,3634,0,46,1.0,12,0,0.37121515272775774,40.452577732913895,Mid Value,1,0,Loyalist
3482,52,Female,Socks,Clothing,67,Ohio,S,Maroon,Summer,3.4,No,Store Pickup,No,No,41,Debit Card,Bi-Weekly,0.0,2814,0,42,1.0,26,0,0.4355075363478724,38.98419839643644,Mid Value,1,0,Loyalist
3483,66,Female,Gloves,Accessories,61,Hawaii,M,Gold,Winter,3.9,No,Next Day Air,No,No,35,Debit Card,Weekly,0.0,2196,0,36,1.0,52,0,0.564625850340136,42.09409177879863,Mid Value,1,0,Loyalist
3484,19,Female,Hoodie,Clothing,37,Texas,L,White,Winter,3.9,No,Express,No,No,21,Credit Card,Every 3 Months,0.0,814,0,22,1.0,4,0,0.15566226490596236,12.577410556299107,Low Value,0,0,Passive
3485,44,Female,Dress,Clothing,75,Illinois,L,Gray,Fall,4.2,No,Free Shipping,No,No,13,Credit Card,Bi-Weekly,0.0,1050,1,14,1.0,26,0,0.24503134587168196,18.927552558027834,Low Value,0,0,Potential Loyalist
3486,50,Female,Shirt,Clothing,21,Massachusetts,XL,Brown,Winter,3.4,No,Standard,No,No,23,Debit Card,Fortnightly,0.0,504,0,24,1.0,24,0,0.2999866613311991,18.29604694158823,Low Value,0,0,Potential Loyalist
3487,51,Female,Shorts,Clothing,89,North Carolina,L,Charcoal,Winter,4.9,No,Standard,No,No,6,PayPal,Weekly,0.0,623,1,7,1.0,52,0,0.36734693877551017,22.806683508353878,Low Value,0,0,Potential Loyalist
3488,25,Female,Sandals,Footwear,24,West Virginia,L,Beige,Fall,2.9,No,Store Pickup,No,No,39,Bank Transfer,Annually,0.0,960,0,40,1.0,1,0,0.25850340136054417,18.813061990207842,Low Value,1,0,Loyalist
3489,62,Female,Sweater,Clothing,27,Delaware,XL,Teal,Spring,4.9,No,Store Pickup,No,No,7,Cash,Quarterly,0.0,216,1,8,1.0,4,0,0.06042416966786714,4.36596487079514,Low Value,0,0,Passive
3490,48,Female,Dress,Clothing,26,Idaho,L,Black,Summer,4.6,No,2-Day Shipping,No,No,32,PayPal,Every 3 Months,0.0,858,1,33,1.0,4,0,0.2304921968787515,17.036819397617325,Low Value,1,0,Loyalist
3491,62,Female,Boots,Footwear,82,Oregon,M,Violet,Spring,3.6,No,Store Pickup,No,No,43,Credit Card,Quarterly,0.0,3608,0,44,1.0,4,0,0.3053221288515406,36.8550238075455,Mid Value,1,0,Loyalist
3492,22,Female,Pants,Clothing,28,Maine,M,Orange,Winter,4.3,No,Express,No,No,15,Cash,Monthly,0.0,448,1,16,1.0,12,0,0.16713352007469653,11.31029112097074,Low Value,0,0,Potential Loyalist
3493,48,Female,Gloves,Accessories,65,South Dakota,M,Turquoise,Fall,4.6,No,Standard,No,No,48,Bank Transfer,Annually,0.0,3185,1,49,1.0,1,0,0.31972789115646255,35.405615879384264,Mid Value,1,0,Loyalist
3494,48,Female,Pants,Clothing,82,New Mexico,XL,Black,Winter,4.7,No,Store Pickup,No,No,35,Credit Card,Weekly,0.0,2952,1,36,1.0,52,0,0.564625850340136,46.83501575339381,High Value,1,0,Champion
3495,62,Female,Scarf,Accessories,38,Washington,M,Silver,Winter,3.5,No,Free Shipping,No,No,41,PayPal,Quarterly,0.0,1596,0,42,1.0,4,0,0.2917166866746698,24.29475532526221,Low Value,1,0,Loyalist
3496,24,Female,Shorts,Clothing,33,Georgia,XL,Gray,Spring,2.8,No,Free Shipping,No,No,14,Cash,Weekly,0.0,495,0,15,1.0,52,0,0.42176870748299317,24.60897312574665,Mid Value,0,0,Potential Loyalist
3497,39,Female,Shoes,Footwear,38,Idaho,M,Pink,Summer,4.0,No,Free Shipping,No,No,22,PayPal,Monthly,0.0,874,1,23,1.0,12,0,0.21475256769374415,16.30828687492551,Low Value,0,0,Potential Loyalist
3498,35,Female,Handbag,Accessories,48,Colorado,M,Red,Spring,4.3,No,Store Pickup,No,No,16,Venmo,Every 3 Months,0.0,816,1,17,1.0,4,0,0.12164865946378552,11.099880414354917,Low Value,0,0,Passive
3499,47,Female,Sandals,Footwear,35,Kentucky,M,Lavender,Summer,3.8,No,Standard,No,No,2,Bank Transfer,Bi-Weekly,0.0,105,0,3,1.0,26,0,0.17020141389889287,9.161974961484843,Low Value,0,0,Potential Loyalist
3500,22,Female,Socks,Clothing,29,New Jersey,L,Indigo,Fall,3.0,No,Next Day Air,No,No,13,PayPal,Every 3 Months,0.0,406,0,14,1.0,4,0,0.10124049619847938,7.329820855708976,Low Value,0,0,Passive
3501,38,Female,Shirt,Clothing,48,Oregon,S,Silver,Fall,4.6,No,Next Day Air,No,No,38,Debit Card,Fortnightly,0.0,1872,1,39,1.0,24,0,0.4020274776577297,31.97515408031777,Mid Value,1,0,Loyalist
3502,53,Female,Shoes,Footwear,87,Nebraska,M,Silver,Fall,4.8,No,Standard,No,No,43,Bank Transfer,Weekly,0.0,3828,1,44,1.0,52,0,0.6190476190476191,54.83875082295753,High Value,1,0,Champion
3503,31,Female,Backpack,Accessories,62,Massachusetts,M,Green,Fall,4.7,No,Next Day Air,No,No,26,Bank Transfer,Quarterly,0.0,1674,1,27,1.0,4,0,0.18967587034813926,19.708808968303696,Low Value,1,0,Loyalist
3504,31,Female,Shirt,Clothing,96,Nebraska,M,Pink,Spring,3.9,No,Free Shipping,No,No,39,Cash,Weekly,0.0,3840,0,40,1.0,52,0,0.5918367346938775,53.19833391824316,High Value,1,0,Champion
3505,65,Female,Handbag,Accessories,41,Hawaii,S,Violet,Fall,4.0,No,Next Day Air,No,No,50,Venmo,Monthly,0.0,2091,1,51,1.0,12,0,0.40522875816993464,33.4322297311503,Mid Value,1,0,Loyalist
3506,48,Female,Jewelry,Accessories,42,Indiana,L,Red,Winter,3.7,No,2-Day Shipping,No,No,40,Bank Transfer,Every 3 Months,0.0,1722,0,41,1.0,4,0,0.28491396558623444,24.68119492531307,Mid Value,1,0,Loyalist
3507,18,Female,Shirt,Clothing,57,Illinois,L,Olive,Winter,3.7,No,2-Day Shipping,No,No,12,Cash,Fortnightly,0.0,741,0,13,1.0,24,0,0.22515672935841002,15.780192309347138,Low Value,0,0,Potential Loyalist
3508,46,Female,Handbag,Accessories,65,Colorado,S,Purple,Spring,4.2,No,Store Pickup,No,No,33,Credit Card,Every 3 Months,0.0,2210,1,34,1.0,4,0,0.23729491796718682,25.354616667957387,Mid Value,1,0,Loyalist
3509,52,Female,Pants,Clothing,54,Pennsylvania,M,Gray,Fall,4.7,No,Standard,No,No,49,Bank Transfer,Weekly,0.0,2700,1,50,1.0,52,0,0.6598639455782312,50.329331006288754,High Value,1,0,Champion
3510,50,Female,T-shirt,Clothing,22,Ohio,L,Brown,Winter,4.3,No,Next Day Air,No,No,43,Venmo,Bi-Weekly,0.0,968,1,44,1.0,26,0,0.4491129785247432,29.112624330998475,Mid Value,1,0,Loyalist
3511,49,Female,Sneakers,Footwear,96,Pennsylvania,S,Orange,Fall,4.9,No,2-Day Shipping,No,No,14,Venmo,Monthly,0.0,1440,1,15,1.0,12,0,0.16033079898626118,16.79677749352399,Low Value,0,0,Potential Loyalist
3512,69,Female,Jewelry,Accessories,81,Mississippi,M,Blue,Summer,3.9,No,2-Day Shipping,No,No,21,Credit Card,Every 3 Months,0.0,1782,0,22,1.0,4,0,0.15566226490596236,18.278155678449583,Low Value,0,0,Passive
3513,36,Female,Shirt,Clothing,46,Kentucky,M,White,Fall,3.4,No,Free Shipping,No,No,31,Debit Card,Quarterly,0.0,1472,0,32,1.0,4,0,0.22368947579031612,20.008499208977124,Low Value,1,0,Loyalist
3514,30,Female,Blouse,Clothing,74,Alaska,XL,Charcoal,Spring,4.2,No,Store Pickup,No,No,29,Credit Card,Fortnightly,0.0,2220,1,30,1.0,24,0,0.3408029878618114,30.8241996687814,Mid Value,1,0,Loyalist
3515,25,Female,Sneakers,Footwear,50,Georgia,XL,Gray,Winter,4.7,No,Express,No,No,32,Cash,Monthly,0.0,1650,1,33,1.0,12,0,0.2827797785780979,24.434301069353282,Mid Value,1,0,Loyalist
3516,19,Female,Dress,Clothing,80,South Dakota,XL,Charcoal,Winter,4.0,No,Next Day Air,No,No,16,Debit Card,Bi-Weekly,0.0,1360,1,17,1.0,26,0,0.2654395091369881,21.820003018246677,Low Value,0,0,Potential Loyalist
3517,34,Female,Boots,Footwear,56,South Carolina,S,White,Summer,4.0,No,Free Shipping,No,No,38,PayPal,Bi-Weekly,0.0,2184,1,39,1.0,26,0,0.4150993730825663,34.49589324197609,Mid Value,1,0,Loyalist
3518,29,Female,Skirt,Clothing,69,Tennessee,M,Orange,Winter,3.1,No,Next Day Air,No,No,34,Debit Card,Every 3 Months,0.0,2415,0,35,1.0,4,0,0.2440976390556222,26.628812956717923,Mid Value,1,0,Loyalist
3519,50,Female,Shirt,Clothing,97,Colorado,M,Black,Spring,4.2,No,Standard,No,No,30,PayPal,Quarterly,0.0,3007,1,31,1.0,4,0,0.21688675470188074,28.981510061272196,Mid Value,1,0,Loyalist
3520,31,Female,Shorts,Clothing,66,Wisconsin,M,White,Winter,3.7,No,Next Day Air,No,No,14,Bank Transfer,Fortnightly,0.0,990,0,15,1.0,24,0,0.2387621715352808,17.957802061928685,Low Value,0,0,Potential Loyalist
3521,41,Female,Hat,Accessories,70,Georgia,S,Brown,Spring,3.1,No,Express,No,No,33,Bank Transfer,Monthly,0.0,2380,0,34,1.0,12,0,0.28958249966653327,28.800327098949563,Mid Value,1,0,Loyalist
3522,52,Female,Shoes,Footwear,50,Maryland,M,Pink,Winter,3.7,No,Store Pickup,No,No,35,Venmo,Weekly,0.0,1800,0,36,1.0,52,0,0.564625850340136,39.76196877428252,Mid Value,1,0,Loyalist
3523,27,Female,Pants,Clothing,85,New Jersey,M,Yellow,Spring,3.2,No,Store Pickup,No,No,13,Cash,Quarterly,0.0,1190,0,14,1.0,4,0,0.10124049619847938,11.946953268690361,Low Value,0,0,Passive
3524,49,Female,Backpack,Accessories,59,Nevada,M,Cyan,Summer,2.8,No,Standard,No,No,30,Cash,Fortnightly,0.0,1829,0,31,1.0,24,0,0.3476057089502468,28.588433051755068,Mid Value,1,0,Loyalist
3525,69,Female,Pants,Clothing,74,Michigan,L,Silver,Summer,2.9,No,Free Shipping,No,No,30,Credit Card,Monthly,0.0,2294,0,31,1.0,12,0,0.2691743364012271,27.22705732815397,Mid Value,1,0,Loyalist
3526,45,Female,Sunglasses,Accessories,38,Wyoming,L,Olive,Winter,3.5,No,Standard,No,No,47,Bank Transfer,Annually,0.0,1824,0,48,1.0,1,0,0.3129251700680272,26.746126665695307,Mid Value,1,0,Loyalist
3527,20,Female,Sweater,Clothing,99,Massachusetts,M,Olive,Spring,3.8,No,Express,No,No,1,PayPal,Every 3 Months,0.0,198,0,2,1.0,4,0,0.0196078431372549,1.837672905390723,Low Value,0,0,Passive
3528,25,Female,Blouse,Clothing,97,Washington,S,Charcoal,Spring,4.7,No,Free Shipping,No,No,1,Cash,Weekly,0.0,194,1,2,1.0,52,0,0.3333333333333333,18.502219231379485,Low Value,0,0,Potential Loyalist
3529,38,Female,Scarf,Accessories,67,Maine,L,Gray,Summer,4.5,No,Free Shipping,No,No,33,PayPal,Annually,0.0,2278,1,34,1.0,1,0,0.21768707482993194,24.730118860875542,Mid Value,1,0,Loyalist
3530,55,Female,T-shirt,Clothing,20,Montana,S,Maroon,Winter,3.9,No,Next Day Air,No,No,43,Bank Transfer,Weekly,0.0,880,0,44,1.0,52,0,0.6190476190476191,37.188701530434805,Mid Value,1,0,Loyalist
3531,62,Female,Sunglasses,Accessories,45,Oklahoma,L,Black,Spring,3.4,No,Express,No,No,37,PayPal,Weekly,0.0,1710,0,38,1.0,52,0,0.5782312925170068,39.94313989421012,Mid Value,1,0,Loyalist
3532,54,Female,Shoes,Footwear,52,North Dakota,XL,Violet,Winter,4.6,No,2-Day Shipping,No,No,23,Cash,Quarterly,0.0,1248,1,24,1.0,4,0,0.16926770708283312,16.13321136534781,Low Value,0,0,Passive
3533,61,Female,Pants,Clothing,68,Connecticut,L,Indigo,Fall,4.6,No,Standard,No,No,12,Credit Card,Annually,0.0,884,1,13,1.0,1,0,0.07482993197278912,9.052984456274183,Low Value,0,0,Passive
3534,50,Female,Sneakers,Footwear,98,Texas,L,Yellow,Fall,4.7,No,Standard,No,No,30,Venmo,Fortnightly,0.0,3038,1,31,1.0,24,0,0.3476057089502468,35.99716440272853,Mid Value,1,0,Loyalist
3535,65,Female,Shoes,Footwear,83,Delaware,M,Gray,Fall,3.2,No,Express,No,No,7,Cash,Weekly,0.0,664,0,8,1.0,52,0,0.37414965986394555,23.115051078072394,Low Value,0,0,Potential Loyalist
3536,68,Female,Shorts,Clothing,51,Mississippi,M,Red,Summer,5.0,No,Express,No,No,20,Debit Card,Monthly,0.0,1071,1,21,1.0,12,0,0.2011471255168734,16.757260102177767,Low Value,0,0,Potential Loyalist
3537,55,Female,Handbag,Accessories,21,Minnesota,L,Peach,Spring,4.5,No,Express,No,No,10,Venmo,Monthly,0.0,231,1,11,1.0,12,0,0.13311991463251965,8.254337139343356,Low Value,0,0,Potential Loyalist
3538,57,Female,Handbag,Accessories,92,Georgia,M,Gray,Spring,3.5,No,Standard,No,No,40,Credit Card,Every 3 Months,0.0,3772,0,41,1.0,4,0,0.28491396558623444,36.75405391333836,Mid Value,1,0,Loyalist
3539,56,Female,Shoes,Footwear,63,Iowa,S,White,Spring,4.5,No,Store Pickup,No,No,21,Venmo,Monthly,0.0,1386,1,22,1.0,12,0,0.20794984660530877,18.967957484428936,Low Value,0,0,Potential Loyalist
3540,29,Female,Jewelry,Accessories,56,New York,S,Green,Spring,3.2,No,Express,No,No,17,Credit Card,Bi-Weekly,0.0,1008,0,18,1.0,26,0,0.2722422302254235,19.81391518196815,Low Value,0,0,Potential Loyalist
3541,24,Female,Shorts,Clothing,95,Nevada,M,Magenta,Spring,4.6,No,Free Shipping,No,No,5,Bank Transfer,Weekly,0.0,570,1,6,1.0,52,0,0.3605442176870748,22.138956396767405,Low Value,0,0,Potential Loyalist
3542,59,Female,Blouse,Clothing,66,Virginia,M,Olive,Winter,4.0,No,Next Day Air,No,No,22,PayPal,Annually,0.0,1518,1,23,1.0,1,0,0.14285714285714285,16.342732320799712,Low Value,0,0,Passive
3543,62,Female,Coat,Outerwear,28,Idaho,S,Olive,Spring,4.2,No,Express,No,No,5,Venmo,Weekly,0.0,168,1,6,1.0,52,0,0.3605442176870748,19.771498195213173,Low Value,0,0,Potential Loyalist
3544,58,Female,Hat,Accessories,83,Colorado,M,Blue,Winter,4.1,No,Standard,No,No,18,PayPal,Every 3 Months,0.0,1577,1,19,1.0,4,0,0.13525410164065627,16.2927603141896,Low Value,0,0,Passive
3545,64,Female,Socks,Clothing,55,Wisconsin,XL,Charcoal,Fall,3.6,No,2-Day Shipping,No,No,42,Cash,Every 3 Months,0.0,2365,0,43,1.0,4,0,0.2985194077631052,29.179149283398008,Mid Value,1,0,Loyalist
3546,48,Female,Sandals,Footwear,28,Connecticut,M,Yellow,Spring,3.7,No,2-Day Shipping,No,No,22,Debit Card,Annually,0.0,644,0,23,1.0,1,0,0.14285714285714285,10.906882804454774,Low Value,0,0,Passive
3547,60,Female,Scarf,Accessories,79,Kansas,M,Violet,Summer,3.6,No,Free Shipping,No,No,37,Bank Transfer,Bi-Weekly,0.0,3002,0,38,1.0,26,0,0.40829665199413095,38.668969752632066,Mid Value,1,0,Loyalist
3548,52,Female,Scarf,Accessories,31,Pennsylvania,L,Magenta,Summer,3.8,No,Standard,No,No,23,Credit Card,Annually,0.0,744,0,24,1.0,1,0,0.14965986394557823,11.85140229283988,Low Value,0,0,Passive
3549,63,Female,Blouse,Clothing,37,Utah,M,Red,Fall,3.0,No,Standard,No,No,47,Debit Card,Fortnightly,0.0,1776,0,48,1.0,24,0,0.46325196745364816,34.321497619663596,Mid Value,1,0,Loyalist
3550,44,Female,T-shirt,Clothing,34,Oregon,M,Cyan,Summer,3.4,No,2-Day Shipping,No,No,11,Bank Transfer,Fortnightly,0.0,408,0,12,1.0,24,0,0.21835400826997464,13.4634893359816,Low Value,0,0,Potential Loyalist
3551,63,Female,Shoes,Footwear,74,West Virginia,S,Orange,Winter,4.8,No,Standard,No,No,32,Cash,Weekly,0.0,2442,1,33,1.0,52,0,0.5442176870748299,42.7647253919042,Mid Value,1,0,Loyalist
3552,66,Female,Gloves,Accessories,31,Montana,L,Black,Spring,2.6,No,Store Pickup,No,No,20,Venmo,Weekly,0.0,651,0,21,1.0,52,0,0.4625850340136054,27.661285475236173,Mid Value,0,0,Potential Loyalist
3553,22,Female,Sunglasses,Accessories,66,Kentucky,M,Blue,Winter,2.9,No,Next Day Air,No,No,3,PayPal,Quarterly,0.0,264,0,4,1.0,4,0,0.03321328531412565,2.9375591483095187,Low Value,0,0,Passive
3554,62,Female,Shoes,Footwear,99,Minnesota,M,Charcoal,Spring,4.9,No,Free Shipping,No,No,32,Bank Transfer,Weekly,0.0,3267,1,33,1.0,52,0,0.5442176870748299,47.62331498464609,High Value,1,0,Champion
3555,39,Female,Dress,Clothing,55,Louisiana,M,Indigo,Spring,5.0,No,Free Shipping,No,No,5,Credit Card,Fortnightly,0.0,330,1,6,1.0,24,0,0.1775376817393624,11.15922369577939,Low Value,0,0,Potential Loyalist
3556,25,Female,Blouse,Clothing,23,Delaware,L,Silver,Spring,4.6,No,Next Day Air,No,No,45,Cash,Quarterly,0.0,1058,1,46,1.0,4,0,0.31892757102841135,22.837453289634468,Low Value,1,0,Loyalist
3557,70,Female,Sweater,Clothing,88,Arizona,M,Brown,Fall,4.2,No,Express,No,No,43,Cash,Bi-Weekly,0.0,3872,1,44,1.0,26,0,0.4491129785247432,46.21485969744992,High Value,1,0,Champion
3558,52,Female,Jacket,Outerwear,26,Nevada,M,Peach,Summer,4.9,No,Next Day Air,No,No,1,PayPal,Every 3 Months,0.0,52,1,2,1.0,4,0,0.0196078431372549,1.2665389252547798,Low Value,0,0,Passive
3559,68,Female,Backpack,Accessories,94,Alaska,L,Magenta,Summer,4.8,No,Standard,No,No,9,Venmo,Quarterly,0.0,940,1,10,1.0,4,0,0.07402961184473789,9.340944388894739,Low Value,0,0,Passive
3560,18,Female,Shorts,Clothing,25,Utah,M,Beige,Fall,3.0,No,Next Day Air,No,No,13,Venmo,Every 3 Months,0.0,350,0,14,1.0,4,0,0.10124049619847938,7.000025683353164,Low Value,0,0,Passive
3561,18,Female,Socks,Clothing,96,Kansas,XL,Violet,Fall,3.5,No,Express,No,No,5,Credit Card,Annually,0.0,576,0,6,1.0,1,0,0.027210884353741492,4.461225096277448,Low Value,0,0,Passive
3562,63,Female,Sneakers,Footwear,29,North Carolina,L,Black,Spring,3.4,No,Standard,No,No,39,Credit Card,Fortnightly,0.0,1160,0,40,1.0,24,0,0.4088301987461651,27.84895442175187,Mid Value,1,0,Loyalist
3563,47,Female,Sneakers,Footwear,36,Maryland,M,Cyan,Winter,3.4,No,Free Shipping,No,No,7,Bank Transfer,Weekly,0.0,288,0,8,1.0,52,0,0.37414965986394555,20.900712063683365,Low Value,0,0,Potential Loyalist
3564,43,Female,Blouse,Clothing,90,Maine,M,Green,Summer,4.9,No,Standard,No,No,8,Credit Card,Every 3 Months,0.0,810,1,9,1.0,4,0,0.06722689075630252,8.219748915319016,Low Value,0,0,Passive
3565,60,Female,Gloves,Accessories,38,Illinois,S,Brown,Summer,4.4,No,Free Shipping,No,No,40,Venmo,Annually,0.0,1558,1,41,1.0,1,0,0.26530612244897955,22.97909198054885,Low Value,1,0,Loyalist
3566,49,Female,Handbag,Accessories,52,Pennsylvania,S,Gray,Spring,4.2,No,Store Pickup,No,No,35,PayPal,Monthly,0.0,1872,1,36,1.0,12,0,0.30318794184340403,26.808501973012987,Mid Value,1,0,Loyalist
3567,28,Female,Jeans,Clothing,88,Alaska,S,Orange,Spring,3.1,No,Next Day Air,No,No,14,Venmo,Monthly,0.0,1320,0,15,1.0,12,0,0.16033079898626118,15.80138440496982,Low Value,0,0,Potential Loyalist
3568,32,Female,Scarf,Accessories,56,New Mexico,S,Silver,Summer,4.0,No,Next Day Air,No,No,26,Credit Card,Monthly,0.0,1512,1,27,1.0,12,0,0.24196345204748565,21.487994310978124,Low Value,1,0,Loyalist
3569,29,Female,Sandals,Footwear,71,Arkansas,M,Purple,Spring,4.8,No,Next Day Air,No,No,14,PayPal,Quarterly,0.0,1065,1,15,1.0,4,0,0.10804321728691477,11.85509201593757,Low Value,0,0,Passive
3570,35,Female,Sandals,Footwear,94,Alaska,M,Olive,Fall,3.3,No,Express,No,No,9,Bank Transfer,Fortnightly,0.0,940,0,10,1.0,24,0,0.20474856609310388,15.885344397862381,Low Value,0,0,Potential Loyalist
3571,23,Female,Dress,Clothing,97,Louisiana,XL,Teal,Winter,4.7,No,Standard,No,No,32,Debit Card,Annually,0.0,3201,1,33,1.0,1,0,0.2108843537414966,29.81025046749038,Mid Value,1,0,Loyalist
3572,70,Female,Skirt,Clothing,27,North Dakota,M,White,Summer,3.2,No,Standard,No,No,15,Bank Transfer,Every 3 Months,0.0,432,0,16,1.0,4,0,0.11484593837535013,8.19413911837362,Low Value,0,0,Passive
3573,23,Female,Shorts,Clothing,28,Rhode Island,M,Black,Spring,5.0,No,Standard,No,No,25,Credit Card,Monthly,0.0,728,1,26,1.0,12,0,0.23516073095905027,16.51526236024702,Low Value,0,0,Potential Loyalist
3574,43,Female,Jeans,Clothing,67,Connecticut,L,Maroon,Fall,4.9,No,Free Shipping,No,No,27,PayPal,Monthly,0.0,1876,1,28,1.0,12,0,0.24876617313592103,23.98726246904063,Low Value,1,0,Loyalist
3575,29,Female,Socks,Clothing,70,New York,M,Cyan,Fall,4.9,No,Express,No,No,39,Bank Transfer,Quarterly,0.0,2800,1,40,1.0,4,0,0.27811124449779906,30.962841603204456,Mid Value,1,0,Loyalist
3576,61,Female,Coat,Outerwear,95,Kentucky,M,Violet,Fall,3.7,No,Express,No,No,49,Venmo,Bi-Weekly,0.0,4750,0,50,1.0,26,0,0.4899293050553554,53.23048494273518,High Value,1,0,Champion
3577,29,Female,Boots,Footwear,24,Maine,L,Yellow,Spring,3.0,No,Express,No,No,12,Venmo,Bi-Weekly,0.0,312,0,13,1.0,26,0,0.2382286247832466,13.937034636797293,Low Value,0,0,Potential Loyalist
3578,66,Female,Belt,Accessories,35,Missouri,S,Yellow,Winter,2.6,No,Standard,No,No,13,Bank Transfer,Weekly,0.0,490,0,14,1.0,52,0,0.4149659863945578,24.223927590465163,Low Value,0,0,Potential Loyalist
3579,46,Female,Shoes,Footwear,22,Georgia,L,Olive,Winter,2.6,No,Standard,No,No,22,Bank Transfer,Quarterly,0.0,506,0,23,1.0,4,0,0.16246498599439774,11.119136646091853,Low Value,0,0,Passive
3580,34,Female,Scarf,Accessories,66,Arizona,L,Olive,Fall,4.8,No,Standard,No,No,19,Credit Card,Every 3 Months,0.0,1320,1,20,1.0,4,0,0.14205682272909165,15.134835578806397,Low Value,0,0,Passive
3581,51,Female,Blouse,Clothing,83,New Hampshire,M,Magenta,Summer,3.2,No,2-Day Shipping,No,No,3,Cash,Bi-Weekly,0.0,332,0,4,1.0,26,0,0.17700413498732823,10.854422787176874,Low Value,0,0,Potential Loyalist
3582,26,Female,Dress,Clothing,95,Georgia,M,Orange,Fall,4.9,No,Next Day Air,No,No,50,Credit Card,Weekly,0.0,4845,1,51,1.0,52,0,0.6666666666666666,63.317263485167395,High Value,1,0,Champion
3583,23,Female,Shorts,Clothing,41,California,S,Beige,Summer,3.4,No,2-Day Shipping,No,No,15,PayPal,Annually,0.0,656,0,16,1.0,1,0,0.09523809523809523,8.488356434282968,Low Value,0,0,Passive
3584,52,Female,Blouse,Clothing,77,Arizona,L,Brown,Summer,2.7,No,Store Pickup,No,No,44,Credit Card,Every 3 Months,0.0,3465,0,45,1.0,4,0,0.31212484993997597,36.36846781588663,Mid Value,1,0,Loyalist
3585,39,Female,Sneakers,Footwear,52,Florida,L,Indigo,Fall,4.8,No,Express,No,No,48,Debit Card,Monthly,0.0,2548,1,49,1.0,12,0,0.3916233159930639,35.412394830054545,Mid Value,1,0,Loyalist
3586,39,Female,Gloves,Accessories,41,New York,XL,Gray,Winter,4.1,No,Standard,No,No,4,Venmo,Bi-Weekly,0.0,205,1,5,1.0,26,0,0.1838068560757636,10.750783135411373,Low Value,0,0,Potential Loyalist
3587,33,Female,Hoodie,Clothing,28,Idaho,M,Yellow,Winter,4.6,No,Store Pickup,No,No,12,PayPal,Bi-Weekly,0.0,364,1,13,1.0,26,0,0.2382286247832466,14.531962158919406,Low Value,0,0,Potential Loyalist
3588,33,Female,Sweater,Clothing,90,Virginia,S,Violet,Summer,4.4,No,Standard,No,No,33,Debit Card,Annually,0.0,3060,1,34,1.0,1,0,0.21768707482993194,29.33547287484421,Mid Value,1,0,Loyalist
3589,23,Female,Sunglasses,Accessories,55,Michigan,M,Magenta,Spring,3.5,No,2-Day Shipping,No,No,40,Cash,Annually,0.0,2255,0,41,1.0,1,0,0.26530612244897955,26.79517488868574,Mid Value,1,0,Loyalist
3590,31,Female,Belt,Accessories,73,New Hampshire,M,Blue,Spring,4.8,No,Next Day Air,No,No,38,Cash,Every 3 Months,0.0,2847,1,39,1.0,4,0,0.2713085234093637,30.88403444225336,Mid Value,1,0,Loyalist
3591,27,Female,Dress,Clothing,87,South Dakota,M,Gray,Fall,2.9,No,2-Day Shipping,No,No,19,Venmo,Every 3 Months,0.0,1740,0,20,1.0,4,0,0.14205682272909165,17.319610223683284,Low Value,0,0,Passive
3592,48,Female,Jacket,Outerwear,89,South Dakota,M,Gold,Winter,3.2,No,2-Day Shipping,No,No,38,Bank Transfer,Quarterly,0.0,3471,0,39,1.0,4,0,0.2713085234093637,34.27020578642642,Mid Value,1,0,Loyalist
3593,61,Female,Boots,Footwear,82,New Jersey,L,Lavender,Spring,4.4,No,2-Day Shipping,No,No,18,Venmo,Fortnightly,0.0,1558,1,19,1.0,24,0,0.26597305588902226,23.01395468032824,Low Value,0,0,Potential Loyalist
3594,63,Female,Sandals,Footwear,80,Wyoming,M,Black,Spring,4.6,No,Next Day Air,No,No,24,PayPal,Monthly,0.0,2000,1,25,1.0,12,0,0.22835800987061491,23.650724594579337,Low Value,0,0,Potential Loyalist
3595,19,Female,Scarf,Accessories,87,Alabama,L,Charcoal,Summer,2.6,No,2-Day Shipping,No,No,29,Venmo,Quarterly,0.0,2610,0,30,1.0,4,0,0.21008403361344535,25.99920917170831,Mid Value,1,0,Loyalist
3596,21,Female,Blouse,Clothing,41,South Dakota,M,Violet,Spring,3.1,No,Store Pickup,No,No,14,PayPal,Annually,0.0,615,0,15,1.0,1,0,0.08843537414965986,7.891299716772739,Low Value,0,0,Passive
3597,28,Female,Hoodie,Clothing,83,South Carolina,M,Charcoal,Spring,4.3,No,Standard,No,No,44,Cash,Fortnightly,0.0,3735,1,45,1.0,24,0,0.442843804188342,45.080329987153235,High Value,1,0,Champion
3598,29,Female,Sunglasses,Accessories,71,New Mexico,M,Maroon,Summer,3.1,No,Standard,No,No,18,Bank Transfer,Quarterly,0.0,1349,0,19,1.0,4,0,0.13525410164065627,14.661333678949223,Low Value,0,0,Passive
3599,23,Female,Hoodie,Clothing,76,Connecticut,XL,Purple,Spring,4.6,No,Store Pickup,No,No,19,Bank Transfer,Bi-Weekly,0.0,1520,1,20,1.0,26,0,0.28584767240229425,23.829073552512455,Low Value,0,0,Potential Loyalist
3600,37,Female,Scarf,Accessories,34,Kansas,S,Peach,Spring,4.6,No,Express,No,No,4,Cash,Weekly,0.0,170,1,5,1.0,52,0,0.35374149659863946,19.427677056476163,Low Value,0,0,Potential Loyalist
3601,67,Female,Dress,Clothing,81,South Carolina,XL,Olive,Spring,2.7,No,Free Shipping,No,No,25,Cash,Bi-Weekly,0.0,2106,0,26,1.0,26,0,0.32666399893290643,29.1250525419424,Mid Value,0,0,Potential Loyalist
3602,34,Female,T-shirt,Clothing,47,North Carolina,M,Indigo,Summer,3.0,No,Next Day Air,No,No,3,PayPal,Monthly,0.0,188,0,4,1.0,12,0,0.08550086701347205,5.223215648530379,Low Value,0,0,Potential Loyalist
3603,58,Female,Skirt,Clothing,36,Wyoming,S,Magenta,Summer,3.3,No,Store Pickup,No,No,40,Debit Card,Quarterly,0.0,1476,0,41,1.0,4,0,0.28491396558623444,23.23245184675003,Low Value,1,0,Loyalist
3604,45,Female,Jeans,Clothing,51,Louisiana,M,Gold,Spring,2.7,No,Free Shipping,No,No,5,Cash,Weekly,0.0,306,0,6,1.0,52,0,0.3605442176870748,20.295518579298285,Low Value,0,0,Potential Loyalist
3605,63,Female,Hoodie,Clothing,86,Louisiana,M,Orange,Fall,3.3,No,Standard,No,No,17,Debit Card,Annually,0.0,1548,0,18,1.0,1,0,0.10884353741496597,14.45272146945,Low Value,0,0,Passive
3606,68,Female,Jeans,Clothing,41,Alabama,M,Gold,Fall,4.3,No,Store Pickup,No,No,36,Bank Transfer,Every 3 Months,0.0,1517,1,37,1.0,4,0,0.25770308123249297,22.340200023303364,Low Value,1,0,Loyalist
3607,41,Female,Sandals,Footwear,90,Minnesota,XL,Purple,Fall,4.8,No,Express,No,No,41,Venmo,Annually,0.0,3780,1,42,1.0,1,0,0.27210884353741494,36.42049282141672,Mid Value,1,0,Loyalist
3608,50,Female,Hat,Accessories,93,New Mexico,L,Charcoal,Fall,3.3,No,Standard,No,No,20,Venmo,Bi-Weekly,0.0,1953,0,21,1.0,26,0,0.2926503934907296,26.44600732872166,Mid Value,0,0,Potential Loyalist
3609,24,Female,Gloves,Accessories,56,Tennessee,M,Cyan,Fall,4.3,No,Next Day Air,No,No,2,Cash,Every 3 Months,0.0,168,1,3,1.0,4,0,0.026410564225690276,2.305285605741542,Low Value,0,0,Passive
3610,21,Female,Socks,Clothing,39,New Mexico,M,Cyan,Summer,3.0,No,2-Day Shipping,No,No,31,Debit Card,Monthly,0.0,1248,0,32,1.0,12,0,0.2759770574896625,21.422554182257617,Low Value,1,0,Loyalist
3611,18,Female,Jacket,Outerwear,86,Texas,XL,Green,Fall,4.8,No,2-Day Shipping,No,No,23,Bank Transfer,Fortnightly,0.0,2064,1,24,1.0,24,0,0.2999866613311991,27.77188731929187,Mid Value,0,0,Potential Loyalist
3612,63,Female,T-shirt,Clothing,82,Washington,M,Silver,Spring,2.9,No,Standard,No,No,30,Credit Card,Annually,0.0,2542,0,31,1.0,1,0,0.19727891156462585,24.929379769512067,Mid Value,1,0,Loyalist
3613,47,Female,Sandals,Footwear,29,Michigan,M,Teal,Summer,3.6,No,Standard,No,No,26,Cash,Every 3 Months,0.0,783,0,27,1.0,4,0,0.18967587034813926,14.172843060350745,Low Value,1,0,Loyalist
3614,58,Female,Hat,Accessories,27,Minnesota,M,Magenta,Fall,3.5,No,Store Pickup,No,No,40,Venmo,Annually,0.0,1107,0,41,1.0,1,0,0.26530612244897955,20.03437385539158,Low Value,1,0,Loyalist
3615,46,Female,Gloves,Accessories,25,Delaware,L,Maroon,Spring,4.7,No,2-Day Shipping,No,No,19,Bank Transfer,Annually,0.0,500,1,20,1.0,1,0,0.12244897959183673,9.280728610082376,Low Value,0,0,Passive
3616,35,Female,Dress,Clothing,31,California,M,Gold,Winter,4.4,No,Free Shipping,No,No,4,Credit Card,Monthly,0.0,155,1,5,1.0,12,0,0.09230358810190742,5.673160750362139,Low Value,0,0,Potential Loyalist
3617,42,Female,Hoodie,Clothing,23,Wisconsin,L,Purple,Winter,3.3,No,Store Pickup,No,No,33,Debit Card,Fortnightly,0.0,782,0,34,1.0,24,0,0.3680138722155528,23.4892397818518,Low Value,1,0,Loyalist
3618,48,Female,Belt,Accessories,47,Kentucky,M,Lavender,Fall,4.3,No,Express,No,No,29,Debit Card,Monthly,0.0,1410,1,30,1.0,12,0,0.26237161531279174,21.9540945745792,Low Value,1,0,Loyalist
3619,28,Female,Gloves,Accessories,67,Nevada,M,Maroon,Fall,4.0,No,2-Day Shipping,No,No,47,PayPal,Bi-Weekly,0.0,3216,1,48,1.0,26,0,0.4763238628784847,43.77394297228071,Mid Value,1,0,Loyalist
3620,44,Female,Scarf,Accessories,75,North Carolina,S,Magenta,Winter,4.9,No,2-Day Shipping,No,No,50,Venmo,Weekly,0.0,3825,1,51,1.0,52,0,0.6666666666666666,57.31027998868651,High Value,1,0,Champion
3621,60,Female,Sandals,Footwear,82,Louisiana,M,Turquoise,Summer,2.9,No,Express,No,No,28,Credit Card,Fortnightly,0.0,2378,0,29,1.0,24,0,0.334000266773376,31.110404505243867,Mid Value,1,0,Loyalist
3622,38,Female,Sneakers,Footwear,32,New Jersey,XL,Silver,Summer,4.0,No,2-Day Shipping,No,No,5,Cash,Fortnightly,0.0,192,1,6,1.0,24,0,0.1775376817393624,10.34651416390256,Low Value,0,0,Potential Loyalist
3623,46,Female,Dress,Clothing,41,Wisconsin,M,Purple,Fall,4.3,No,Store Pickup,No,No,12,Credit Card,Annually,0.0,533,1,13,1.0,1,0,0.07482993197278912,6.985875429544,Low Value,0,0,Passive
3624,39,Female,Jewelry,Accessories,89,Arkansas,M,Violet,Winter,2.7,No,2-Day Shipping,No,No,4,PayPal,Weekly,0.0,445,0,5,1.0,52,0,0.35374149659863946,20.758517772931746,Low Value,0,0,Potential Loyalist
3625,22,Female,Hat,Accessories,82,Texas,XL,Peach,Fall,5.0,No,Store Pickup,No,No,22,Bank Transfer,Bi-Weekly,0.0,1886,1,23,1.0,26,0,0.30625583566760034,27.05131918508711,Mid Value,0,0,Potential Loyalist
3626,44,Female,Scarf,Accessories,99,Illinois,L,Green,Winter,4.4,No,Express,No,No,32,PayPal,Weekly,0.0,3267,1,33,1.0,52,0,0.5442176870748299,47.62331498464609,High Value,1,0,Champion
3627,69,Female,Blouse,Clothing,98,Mississippi,L,Teal,Fall,3.5,No,Express,No,No,32,Venmo,Quarterly,0.0,3234,0,33,1.0,4,0,0.2304921968787515,30.740868276922246,Mid Value,1,0,Loyalist
3628,39,Female,Belt,Accessories,54,Delaware,M,Silver,Winter,3.3,No,Next Day Air,No,No,48,Cash,Every 3 Months,0.0,2646,0,49,1.0,4,0,0.33933573429371744,32.967611571181756,Mid Value,1,0,Loyalist
3629,53,Female,Blouse,Clothing,88,Georgia,L,Purple,Summer,3.8,No,Free Shipping,No,No,35,Credit Card,Monthly,0.0,3168,0,36,1.0,12,0,0.30318794184340403,34.15221538545581,Mid Value,1,0,Loyalist
3630,52,Female,T-shirt,Clothing,43,Kansas,L,Lavender,Summer,4.5,No,Standard,No,No,44,Debit Card,Fortnightly,0.0,1935,1,45,1.0,24,0,0.442843804188342,34.47977087571639,Mid Value,1,0,Loyalist
3631,65,Female,Hat,Accessories,73,Oklahoma,M,Lavender,Winter,4.8,No,Store Pickup,No,No,29,Cash,Weekly,0.0,2190,1,30,1.0,52,0,0.5238095238095237,40.21384850305388,Mid Value,1,0,Loyalist
3632,48,Female,Hat,Accessories,50,New Jersey,M,Peach,Fall,2.9,No,Store Pickup,No,No,26,Credit Card,Monthly,0.0,1350,0,27,1.0,12,0,0.24196345204748565,20.245254843157095,Low Value,1,0,Loyalist
3633,27,Female,Sneakers,Footwear,73,Utah,L,Green,Spring,3.2,No,Express,No,No,3,Debit Card,Quarterly,0.0,292,0,4,1.0,4,0,0.03321328531412565,3.102456734487425,Low Value,0,0,Passive
3634,39,Female,Gloves,Accessories,51,Montana,M,Orange,Spring,2.8,No,Free Shipping,No,No,1,Bank Transfer,Bi-Weekly,0.0,102,0,2,1.0,26,0,0.1633986928104575,8.788707825216054,Low Value,0,0,Potential Loyalist
3635,59,Female,Socks,Clothing,22,Ohio,M,Pink,Winter,3.3,No,Standard,No,No,17,PayPal,Annually,0.0,396,0,18,1.0,1,0,0.10884353741496597,7.6683636381304225,Low Value,0,0,Passive
3636,52,Female,Sandals,Footwear,32,Colorado,L,Cyan,Fall,3.3,No,Free Shipping,No,No,17,Credit Card,Fortnightly,0.0,576,0,18,1.0,24,0,0.2591703348005869,16.586472079547367,Low Value,0,0,Potential Loyalist
3637,50,Female,Sandals,Footwear,38,California,L,Lavender,Summer,4.2,No,2-Day Shipping,No,No,36,Cash,Weekly,0.0,1406,1,37,1.0,52,0,0.5714285714285714,38.08591285432056,Mid Value,1,0,Loyalist
3638,32,Female,Boots,Footwear,66,Utah,L,Yellow,Winter,3.6,No,Express,No,No,32,Credit Card,Fortnightly,0.0,2178,0,33,1.0,24,0,0.36121115112711755,31.354962754971993,Mid Value,1,0,Loyalist
3639,40,Female,Backpack,Accessories,20,Kansas,M,Olive,Spring,4.6,No,Express,No,No,50,PayPal,Bi-Weekly,0.0,1020,1,51,1.0,26,0,0.4967320261437908,31.908059469576923,Mid Value,1,0,Loyalist
3640,26,Female,Coat,Outerwear,44,Illinois,M,Brown,Summer,3.6,No,2-Day Shipping,No,No,39,Venmo,Annually,0.0,1760,0,40,1.0,1,0,0.25850340136054417,23.524421595290885,Low Value,1,0,Loyalist
3641,47,Female,Sunglasses,Accessories,31,Minnesota,L,Pink,Spring,4.0,No,Next Day Air,No,No,17,PayPal,Monthly,0.0,558,1,18,1.0,12,0,0.18073896225156727,12.6693021421691,Low Value,0,0,Potential Loyalist
3642,51,Female,Jacket,Outerwear,45,New York,M,Cyan,Fall,2.7,No,Free Shipping,No,No,39,Bank Transfer,Every 3 Months,0.0,1800,0,40,1.0,4,0,0.27811124449779906,24.78495294905894,Mid Value,1,0,Loyalist
3643,47,Female,Dress,Clothing,71,Arizona,L,Maroon,Summer,4.4,No,Store Pickup,No,No,5,PayPal,Annually,0.0,426,1,6,1.0,1,0,0.027210884353741492,3.8665343181160843,Low Value,0,0,Passive
3644,53,Female,Scarf,Accessories,96,Tennessee,XL,Magenta,Fall,3.2,No,Standard,No,No,47,Debit Card,Annually,0.0,4608,0,48,1.0,1,0,0.3129251700680272,43.14165809138429,Mid Value,1,0,Loyalist
3645,35,Female,Blouse,Clothing,32,Arkansas,M,Violet,Winter,2.6,No,Next Day Air,No,No,18,Venmo,Weekly,0.0,608,0,19,1.0,52,0,0.44897959183673464,26.69685082096352,Mid Value,0,0,Potential Loyalist
3646,38,Female,Backpack,Accessories,90,Colorado,L,Silver,Summer,3.4,No,Free Shipping,No,No,31,Credit Card,Every 3 Months,0.0,2880,0,32,1.0,4,0,0.22368947579031612,28.300492113923276,Mid Value,1,0,Loyalist
3647,69,Female,Jewelry,Accessories,68,Nevada,M,Maroon,Spring,5.0,No,2-Day Shipping,No,No,39,Debit Card,Fortnightly,0.0,2720,1,40,1.0,24,0,0.4088301987461651,37.32479479945551,Mid Value,1,0,Loyalist
3648,47,Female,Shorts,Clothing,45,Kansas,M,Gray,Winter,2.9,No,Store Pickup,No,No,12,Bank Transfer,Weekly,0.0,585,0,13,1.0,52,0,0.40816326530612246,24.427802005819053,Mid Value,0,0,Potential Loyalist
3649,31,Female,Skirt,Clothing,67,New York,M,White,Winter,5.0,No,Free Shipping,No,No,45,Cash,Bi-Weekly,0.0,3082,1,46,1.0,26,0,0.46271842070161395,42.27359116292986,Mid Value,1,0,Loyalist
3650,68,Female,Skirt,Clothing,57,Minnesota,M,Brown,Fall,4.4,No,Standard,No,No,33,Credit Card,Fortnightly,0.0,1938,1,34,1.0,24,0,0.3680138722155528,30.585843558988508,Mid Value,1,0,Loyalist
3651,51,Female,Jeans,Clothing,60,Ohio,M,Silver,Summer,3.5,No,2-Day Shipping,No,No,3,PayPal,Annually,0.0,240,0,4,1.0,1,0,0.013605442176870746,1.7712549866431277,Low Value,0,0,Passive
3652,20,Female,Handbag,Accessories,32,Arizona,M,Yellow,Spring,3.8,No,Express,No,No,5,Venmo,Every 3 Months,0.0,192,0,6,1.0,4,0,0.046818727490996394,3.224735859351492,Low Value,0,0,Passive
3653,27,Female,Handbag,Accessories,29,Kentucky,S,Magenta,Fall,3.8,No,Store Pickup,No,No,23,Debit Card,Monthly,0.0,696,0,24,1.0,12,0,0.22155528878217953,15.326919752752543,Low Value,0,0,Potential Loyalist
3654,67,Female,Coat,Outerwear,20,Minnesota,M,Blue,Spring,3.9,No,Next Day Air,No,No,39,Credit Card,Fortnightly,0.0,800,0,40,1.0,24,0,0.4088301987461651,25.728842599464503,Mid Value,1,0,Loyalist
3655,21,Female,Jewelry,Accessories,98,Arkansas,M,Green,Winter,3.3,No,Next Day Air,No,No,10,Credit Card,Annually,0.0,1078,0,11,1.0,1,0,0.061224489795918366,9.19560093721567,Low Value,0,0,Passive
3656,20,Female,Sweater,Clothing,27,Wyoming,M,Yellow,Fall,2.9,No,Next Day Air,No,No,4,Credit Card,Bi-Weekly,0.0,135,0,5,1.0,26,0,0.1838068560757636,10.049850022174896,Low Value,0,0,Potential Loyalist
3657,35,Female,Jacket,Outerwear,67,North Dakota,XL,Cyan,Spring,3.7,No,2-Day Shipping,No,No,18,Credit Card,Monthly,0.0,1273,0,19,1.0,12,0,0.18754168334000265,16.94699017917008,Low Value,0,0,Potential Loyalist
3658,58,Female,Shoes,Footwear,82,Alabama,L,Gold,Winter,3.7,No,Express,No,No,1,Debit Card,Every 3 Months,0.0,164,0,2,1.0,4,0,0.0196078431372549,1.637440122174693,Low Value,0,0,Passive
3659,28,Female,T-shirt,Clothing,72,Mississippi,M,Magenta,Fall,4.6,No,Standard,No,No,18,PayPal,Fortnightly,0.0,1368,1,19,1.0,24,0,0.26597305588902226,21.89500677412102,Low Value,0,0,Potential Loyalist
3660,27,Female,Sandals,Footwear,77,Illinois,S,Gray,Fall,4.9,No,Store Pickup,No,No,46,Bank Transfer,Annually,0.0,3619,1,47,1.0,1,0,0.30612244897959184,37.250329389642374,Mid Value,1,0,Loyalist
3661,19,Female,Shoes,Footwear,74,Arkansas,L,Indigo,Winter,3.1,No,2-Day Shipping,No,No,13,Bank Transfer,Fortnightly,0.0,1036,0,14,1.0,24,0,0.2319594504468454,17.873105701471236,Low Value,0,0,Potential Loyalist
3662,63,Female,Sandals,Footwear,39,Kansas,S,White,Winter,3.5,No,Next Day Air,No,No,5,Credit Card,Fortnightly,0.0,234,0,6,1.0,24,0,0.1775376817393624,10.305171395377712,Low Value,0,0,Potential Loyalist
3663,69,Female,Shorts,Clothing,80,Rhode Island,M,Indigo,Spring,4.9,No,Next Day Air,No,No,11,Debit Card,Weekly,0.0,960,1,12,1.0,52,0,0.4013605442176871,26.569341430743716,Mid Value,0,0,Potential Loyalist
3664,65,Female,Backpack,Accessories,59,Florida,M,Green,Summer,4.4,No,Express,No,No,49,Credit Card,Weekly,0.0,2950,1,50,1.0,52,0,0.6598639455782312,51.80163088287721,High Value,1,0,Champion
3665,63,Female,Jacket,Outerwear,68,Missouri,M,Turquoise,Fall,4.4,No,Store Pickup,No,No,1,Debit Card,Fortnightly,0.0,136,1,2,1.0,24,0,0.1503267973856209,8.594320840547862,Low Value,0,0,Potential Loyalist
3666,28,Female,Socks,Clothing,77,North Carolina,M,Peach,Fall,3.4,No,Next Day Air,No,No,11,Credit Card,Quarterly,0.0,924,0,12,1.0,4,0,0.08763505402160864,9.669227124500807,Low Value,0,0,Passive
3667,67,Female,Jewelry,Accessories,50,Alabama,M,Olive,Winter,3.0,No,2-Day Shipping,No,No,47,Cash,Every 3 Months,0.0,2400,0,48,1.0,4,0,0.3325330132052821,31.163268954869,Mid Value,1,0,Loyalist
3668,51,Female,Pants,Clothing,45,Washington,L,Cyan,Fall,2.6,No,Next Day Air,No,No,20,Venmo,Monthly,0.0,945,0,21,1.0,12,0,0.2011471255168734,15.726531816585473,Low Value,0,0,Potential Loyalist
3669,59,Female,Blouse,Clothing,71,Michigan,XL,Magenta,Summer,3.2,No,Store Pickup,No,No,18,Venmo,Annually,0.0,1349,0,19,1.0,1,0,0.11564625850340135,13.636370305435323,Low Value,0,0,Passive
3670,25,Female,Socks,Clothing,52,Washington,S,Silver,Fall,4.6,No,Store Pickup,No,No,43,PayPal,Quarterly,0.0,2288,1,44,1.0,4,0,0.3053221288515406,29.369969606950196,Mid Value,1,0,Loyalist
3671,31,Female,Shoes,Footwear,50,Vermont,S,White,Winter,3.8,No,Free Shipping,No,No,4,PayPal,Every 3 Months,0.0,250,0,5,1.0,4,0,0.04001600640256102,3.2107098929702835,Low Value,0,0,Passive
3672,62,Female,Handbag,Accessories,66,Illinois,L,Pink,Summer,4.8,No,2-Day Shipping,No,No,20,Venmo,Quarterly,0.0,1386,1,21,1.0,4,0,0.14885954381752697,15.879122283975464,Low Value,0,0,Passive
3673,51,Female,Sandals,Footwear,81,New York,S,Pink,Fall,4.5,No,Free Shipping,No,No,7,PayPal,Monthly,0.0,648,1,8,1.0,12,0,0.11271175136721354,9.643334720243722,Low Value,0,0,Potential Loyalist
3674,32,Female,Socks,Clothing,28,Rhode Island,M,Pink,Summer,4.2,No,2-Day Shipping,No,No,31,Bank Transfer,Fortnightly,0.0,896,1,32,1.0,24,0,0.35440843003868217,23.738098597868408,Low Value,1,0,Loyalist
3675,35,Female,Handbag,Accessories,65,Washington,M,Blue,Winter,2.7,No,2-Day Shipping,No,No,41,Venmo,Fortnightly,0.0,2730,0,42,1.0,24,0,0.42243564092303587,37.80619672222678,Mid Value,1,0,Loyalist
3676,70,Female,Hat,Accessories,80,Virginia,M,White,Winter,4.5,No,Express,No,No,3,Bank Transfer,Monthly,0.0,320,1,4,1.0,12,0,0.08550086701347205,6.289279131160792,Low Value,0,0,Potential Loyalist
3677,19,Female,Jewelry,Accessories,94,Wisconsin,S,Teal,Spring,4.9,No,Free Shipping,No,No,16,PayPal,Monthly,0.0,1598,1,17,1.0,12,0,0.17393624116313192,18.438470091027334,Low Value,0,0,Potential Loyalist
3678,32,Female,Backpack,Accessories,30,Michigan,M,Gray,Fall,2.8,No,Standard,No,No,43,Cash,Annually,0.0,1320,0,44,1.0,1,0,0.2857142857142857,22.3555719634941,Low Value,1,0,Loyalist
3679,56,Female,Shirt,Clothing,45,Texas,S,Beige,Fall,3.5,No,Standard,No,No,29,Bank Transfer,Fortnightly,0.0,1350,0,30,1.0,24,0,0.3408029878618114,25.411906950461876,Mid Value,1,0,Loyalist
3680,53,Female,Coat,Outerwear,91,Idaho,M,Violet,Summer,2.5,No,Store Pickup,No,No,5,Cash,Bi-Weekly,0.0,546,0,6,1.0,26,0,0.190609577164199,12.825910557036032,Low Value,0,0,Potential Loyalist
3681,22,Female,Sunglasses,Accessories,36,Iowa,S,Blue,Winter,2.9,No,Standard,No,No,30,Debit Card,Quarterly,0.0,1116,0,31,1.0,4,0,0.21688675470188074,17.55634464696545,Low Value,1,0,Loyalist
3682,26,Female,Gloves,Accessories,73,Connecticut,XL,Magenta,Fall,4.2,No,Next Day Air,No,No,33,Debit Card,Monthly,0.0,2482,1,34,1.0,12,0,0.28958249966653327,29.68971459638936,Mid Value,1,0,Loyalist
3683,42,Female,Shirt,Clothing,60,Wyoming,M,Maroon,Fall,4.6,No,Store Pickup,No,No,46,Venmo,Bi-Weekly,0.0,2820,1,47,1.0,26,0,0.46952114179004933,41.08622043001488,Mid Value,1,0,Loyalist
3684,30,Female,Socks,Clothing,77,Mississippi,M,Purple,Winter,3.0,No,Free Shipping,No,No,17,Venmo,Fortnightly,0.0,1386,0,18,1.0,24,0,0.2591703348005869,21.35672367969395,Low Value,0,0,Potential Loyalist
3685,29,Female,Skirt,Clothing,86,Pennsylvania,L,Charcoal,Spring,4.4,No,Free Shipping,No,No,47,Credit Card,Bi-Weekly,0.0,4128,1,48,1.0,26,0,0.4763238628784847,49.14489292207538,High Value,1,0,Champion
3686,47,Female,Shorts,Clothing,42,Tennessee,L,Red,Summer,2.6,No,Standard,No,No,17,Cash,Bi-Weekly,0.0,756,0,18,1.0,26,0,0.2722422302254235,18.32983690636699,Low Value,0,0,Potential Loyalist
3687,59,Female,Sandals,Footwear,70,Louisiana,M,Charcoal,Spring,4.8,No,Free Shipping,No,No,17,Cash,Bi-Weekly,0.0,1260,1,18,1.0,26,0,0.2722422302254235,21.58668260536102,Low Value,0,0,Potential Loyalist
3688,34,Female,Shirt,Clothing,44,Arkansas,L,Lavender,Summer,2.9,No,Next Day Air,No,No,28,Bank Transfer,Every 3 Months,0.0,1276,0,29,1.0,4,0,0.20328131252500997,17.78741749248261,Low Value,1,0,Loyalist
3689,52,Female,Sunglasses,Accessories,91,West Virginia,L,White,Spring,3.0,No,Next Day Air,No,No,8,Cash,Monthly,0.0,819,0,9,1.0,12,0,0.11951447245564892,10.717298225788234,Low Value,0,0,Potential Loyalist
3690,47,Female,Jewelry,Accessories,30,South Carolina,L,Red,Fall,4.5,No,Standard,No,No,8,Bank Transfer,Quarterly,0.0,270,1,9,1.0,4,0,0.06722689075630252,5.039581181887966,Low Value,0,0,Passive
3691,24,Female,Blouse,Clothing,23,Kansas,S,Violet,Fall,3.7,No,Store Pickup,No,No,4,Bank Transfer,Bi-Weekly,0.0,115,0,5,1.0,26,0,0.1838068560757636,9.93206603204782,Low Value,0,0,Potential Loyalist
3692,63,Female,Sandals,Footwear,21,Michigan,XL,Orange,Summer,4.8,No,Next Day Air,No,No,24,PayPal,Weekly,0.0,525,1,25,1.0,52,0,0.4897959183673469,28.630333636226197,Mid Value,0,0,Potential Loyalist
3693,59,Female,Coat,Outerwear,34,Alabama,L,Turquoise,Spring,4.8,No,Free Shipping,No,No,29,Cash,Fortnightly,0.0,1020,1,30,1.0,24,0,0.3408029878618114,23.757160261156837,Low Value,1,0,Loyalist
3694,66,Female,Blouse,Clothing,46,South Dakota,M,Violet,Summer,4.7,No,2-Day Shipping,No,No,10,Venmo,Weekly,0.0,506,1,11,1.0,52,0,0.3945578231292517,23.54004531710937,Low Value,0,0,Potential Loyalist
3695,45,Female,Sweater,Clothing,41,Rhode Island,M,Blue,Winter,2.6,No,Express,No,No,11,PayPal,Bi-Weekly,0.0,492,0,12,1.0,26,0,0.23142590369481122,14.641491010191254,Low Value,0,0,Potential Loyalist
3696,38,Female,Skirt,Clothing,33,Florida,M,White,Fall,4.6,No,Standard,No,No,18,Bank Transfer,Fortnightly,0.0,627,1,19,1.0,24,0,0.26597305588902226,17.531109939912852,Low Value,0,0,Potential Loyalist
3697,63,Female,Blouse,Clothing,48,Connecticut,L,Turquoise,Fall,3.4,No,Next Day Air,No,No,26,Bank Transfer,Annually,0.0,1296,0,27,1.0,1,0,0.17006802721088435,16.16903903359634,Low Value,1,0,Loyalist
3698,55,Female,Hoodie,Clothing,66,Pennsylvania,L,Pink,Winter,3.0,No,Standard,No,No,39,Cash,Weekly,0.0,2640,0,40,1.0,52,0,0.5918367346938775,46.13129451061861,High Value,1,0,Champion
3699,25,Female,Skirt,Clothing,54,California,XL,Maroon,Spring,4.0,No,2-Day Shipping,No,No,4,Venmo,Annually,0.0,270,1,5,1.0,1,0,0.02040816326530612,2.592219657375175,Low Value,0,0,Passive
3700,51,Female,Backpack,Accessories,55,Oklahoma,M,Olive,Fall,2.6,No,Store Pickup,No,No,24,Bank Transfer,Weekly,0.0,1375,0,25,1.0,52,0,0.4897959183673469,33.34746406883522,Mid Value,0,0,Potential Loyalist
3701,28,Female,Handbag,Accessories,84,North Dakota,XL,Charcoal,Summer,3.4,No,Store Pickup,No,No,2,Bank Transfer,Every 3 Months,0.0,252,0,3,1.0,4,0,0.026410564225690276,2.511289216483556,Low Value,0,0,Passive
3702,46,Female,Sandals,Footwear,66,New Mexico,M,Charcoal,Spring,4.5,No,Store Pickup,No,No,36,Cash,Annually,0.0,2442,1,37,1.0,1,0,0.23809523809523808,26.76274619316673,Mid Value,1,0,Loyalist
3703,58,Female,Shoes,Footwear,65,South Carolina,M,Indigo,Spring,2.7,No,Store Pickup,No,No,36,Venmo,Weekly,0.0,2405,0,37,1.0,52,0,0.5714285714285714,43.68053401337629,Mid Value,1,0,Loyalist
3704,30,Female,Sandals,Footwear,83,Michigan,S,Teal,Fall,2.9,No,Standard,No,No,23,PayPal,Every 3 Months,0.0,1992,0,24,1.0,4,0,0.16926770708283312,20.226086650283328,Low Value,0,0,Passive
3705,68,Female,Sunglasses,Accessories,61,Missouri,L,Black,Winter,4.0,No,Store Pickup,No,No,36,Credit Card,Quarterly,0.0,2257,1,37,1.0,4,0,0.25770308123249297,26.69820765800518,Mid Value,1,0,Loyalist
3706,28,Female,Skirt,Clothing,65,Colorado,L,Teal,Summer,3.2,No,Free Shipping,No,No,2,Debit Card,Annually,0.0,195,0,3,1.0,1,0,0.006802721088435373,1.150641471107485,Low Value,0,0,Passive
3707,26,Female,Sandals,Footwear,55,Kansas,M,Green,Spring,4.0,No,Store Pickup,No,No,17,Cash,Bi-Weekly,0.0,990,1,18,1.0,26,0,0.2722422302254235,19.996598738645492,Low Value,0,0,Potential Loyalist
3708,35,Female,Gloves,Accessories,79,Illinois,M,Gold,Fall,3.4,No,2-Day Shipping,No,No,19,Venmo,Weekly,0.0,1580,0,20,1.0,52,0,0.45578231292517,32.776752278889134,Mid Value,0,0,Potential Loyalist
3709,40,Female,Hoodie,Clothing,96,South Carolina,M,Red,Fall,4.9,No,Express,No,No,41,PayPal,Monthly,0.0,4032,1,42,1.0,12,0,0.3440042683740162,41.662770133235526,Mid Value,1,0,Loyalist
3710,31,Female,Socks,Clothing,43,Utah,M,Silver,Fall,3.6,No,Free Shipping,No,No,27,PayPal,Quarterly,0.0,1204,0,28,1.0,4,0,0.19647859143657465,17.007795590275418,Low Value,1,0,Loyalist
3711,60,Female,Jewelry,Accessories,40,Hawaii,M,Yellow,Summer,3.6,No,2-Day Shipping,No,No,32,Bank Transfer,Fortnightly,0.0,1320,0,33,1.0,24,0,0.36121115112711755,26.30202957852043,Mid Value,1,0,Loyalist
3712,69,Female,Hat,Accessories,62,Texas,XL,Peach,Fall,3.2,No,Free Shipping,No,No,33,Cash,Annually,0.0,2108,0,34,1.0,1,0,0.21768707482993194,23.440265797003683,Low Value,1,0,Loyalist
3713,51,Female,Blouse,Clothing,72,Oregon,M,Turquoise,Spring,3.7,No,2-Day Shipping,No,No,24,PayPal,Quarterly,0.0,1800,0,25,1.0,4,0,0.1760704281712685,19.45095988281312,Low Value,0,0,Passive
3714,49,Female,Shoes,Footwear,87,Arizona,M,Peach,Spring,2.6,No,Express,No,No,31,Debit Card,Every 3 Months,0.0,2784,0,32,1.0,4,0,0.22368947579031612,27.73512896131331,Mid Value,1,0,Loyalist
3715,18,Female,Hat,Accessories,31,New York,S,Peach,Winter,3.9,No,Express,No,No,35,Credit Card,Weekly,0.0,1116,0,36,1.0,52,0,0.564625850340136,35.733756311936524,Mid Value,1,0,Loyalist
3716,63,Female,Sunglasses,Accessories,34,Nebraska,S,Orange,Fall,3.4,No,Free Shipping,No,No,2,Bank Transfer,Monthly,0.0,102,0,3,1.0,12,0,0.07869814592503667,4.361144953234224,Low Value,0,0,Potential Loyalist
3717,57,Female,Shirt,Clothing,53,Vermont,M,Charcoal,Fall,3.4,No,Next Day Air,No,No,42,Debit Card,Every 3 Months,0.0,2279,0,43,1.0,4,0,0.2985194077631052,28.67267812585158,Mid Value,1,0,Loyalist
3718,45,Female,T-shirt,Clothing,85,Maryland,XL,White,Summer,4.2,No,Express,No,No,47,Bank Transfer,Every 3 Months,0.0,4080,1,48,1.0,4,0,0.3325330132052821,41.3458132733351,Mid Value,1,0,Loyalist
3719,36,Female,Pants,Clothing,50,Tennessee,L,Turquoise,Fall,2.9,No,Standard,No,No,44,Bank Transfer,Bi-Weekly,0.0,2250,0,45,1.0,26,0,0.45591569961317857,36.72948848810206,Mid Value,1,0,Loyalist
3720,20,Female,Pants,Clothing,91,Pennsylvania,M,Red,Summer,4.1,No,Free Shipping,No,No,8,Bank Transfer,Every 3 Months,0.0,819,1,9,1.0,4,0,0.06722689075630252,8.272751710876204,Low Value,0,0,Passive
3721,21,Female,Hat,Accessories,56,South Carolina,M,Peach,Fall,3.6,No,Free Shipping,No,No,13,Credit Card,Quarterly,0.0,784,0,14,1.0,4,0,0.10124049619847938,9.555938269110715,Low Value,0,0,Passive
3722,62,Female,Coat,Outerwear,60,Connecticut,L,Pink,Fall,4.0,No,Next Day Air,No,No,10,Cash,Annually,0.0,660,1,11,1.0,1,0,0.061224489795918366,7.022604691351492,Low Value,0,0,Passive
3723,23,Female,Jacket,Outerwear,34,Kentucky,XL,Yellow,Fall,4.0,No,Standard,No,No,1,Credit Card,Fortnightly,0.0,68,1,2,1.0,24,0,0.1503267973856209,8.193855274115808,Low Value,0,0,Potential Loyalist
3724,26,Female,Sandals,Footwear,30,Rhode Island,M,Beige,Spring,3.6,No,Free Shipping,No,No,1,Debit Card,Monthly,0.0,60,0,2,1.0,12,0,0.0718954248366013,3.758199036217644,Low Value,0,0,Potential Loyalist
3725,30,Female,Gloves,Accessories,71,Colorado,L,Green,Winter,3.1,No,Express,No,No,18,Bank Transfer,Annually,0.0,1349,0,19,1.0,1,0,0.11564625850340135,13.636370305435323,Low Value,0,0,Passive
3726,18,Female,Dress,Clothing,100,Oklahoma,S,Turquoise,Winter,4.4,No,Next Day Air,No,No,2,PayPal,Annually,0.0,300,1,3,1.0,1,0,0.006802721088435373,2.0576965670663387,Low Value,0,0,Passive
3727,47,Female,Belt,Accessories,85,Idaho,XL,Orange,Fall,4.3,No,Next Day Air,No,No,36,Debit Card,Every 3 Months,0.0,3145,1,37,1.0,4,0,0.25770308123249297,31.927816819647358,Mid Value,1,0,Loyalist
3728,41,Female,Socks,Clothing,83,Maine,M,Gold,Summer,3.5,No,Next Day Air,No,No,17,Debit Card,Bi-Weekly,0.0,1494,0,18,1.0,26,0,0.2722422302254235,22.676066142056097,Low Value,0,0,Potential Loyalist
3729,62,Female,Jacket,Outerwear,31,Vermont,L,Red,Winter,3.0,No,Standard,No,No,1,Debit Card,Annually,0.0,62,0,2,1.0,1,0,0.0,0.011778399012701094,Low Value,0,0,Passive
3730,28,Female,Boots,Footwear,82,Rhode Island,M,Teal,Spring,4.7,No,2-Day Shipping,No,No,50,Cash,Quarterly,0.0,4182,1,51,1.0,4,0,0.3529411764705882,43.01331023623235,Mid Value,1,0,Loyalist
3731,46,Female,Shirt,Clothing,79,Florida,M,Teal,Summer,2.5,No,2-Day Shipping,No,No,3,Credit Card,Bi-Weekly,0.0,316,0,4,1.0,26,0,0.17700413498732823,10.760195595075214,Low Value,0,0,Potential Loyalist
3732,54,Female,Hat,Accessories,62,West Virginia,M,Lavender,Spring,3.1,No,2-Day Shipping,No,No,45,PayPal,Quarterly,0.0,2852,0,46,1.0,4,0,0.31892757102841135,33.113988056241475,Mid Value,1,0,Loyalist
3733,36,Female,Shoes,Footwear,92,Indiana,L,Pink,Spring,3.3,No,Free Shipping,No,No,28,PayPal,Annually,0.0,2668,0,29,1.0,1,0,0.18367346938775508,24.960219831813205,Mid Value,1,0,Loyalist
3734,25,Female,Socks,Clothing,58,Illinois,M,Maroon,Fall,4.7,No,Next Day Air,No,No,6,Debit Card,Every 3 Months,0.0,406,1,7,1.0,4,0,0.05362144857943177,5.12931323925264,Low Value,0,0,Passive
3735,38,Female,Hoodie,Clothing,88,California,M,Beige,Spring,3.4,No,Next Day Air,No,No,33,Debit Card,Every 3 Months,0.0,2992,0,34,1.0,4,0,0.23729491796718682,29.671281534134348,Mid Value,1,0,Loyalist
3736,38,Female,Sandals,Footwear,44,Massachusetts,L,Orange,Spring,3.1,No,2-Day Shipping,No,No,29,PayPal,Annually,0.0,1320,0,30,1.0,1,0,0.19047619047619047,17.377178434997997,Low Value,1,0,Loyalist
3737,42,Female,Jeans,Clothing,56,Idaho,M,Red,Spring,4.6,No,Store Pickup,No,No,2,PayPal,Every 3 Months,0.0,168,1,3,1.0,4,0,0.026410564225690276,2.305285605741542,Low Value,0,0,Passive
3738,19,Female,Jewelry,Accessories,23,Kentucky,S,Maroon,Winter,4.9,No,Free Shipping,No,No,43,PayPal,Bi-Weekly,0.0,1012,1,44,1.0,26,0,0.4491129785247432,29.37174910927804,Mid Value,1,0,Loyalist
3739,34,Female,Shorts,Clothing,45,Delaware,M,Brown,Spring,2.7,No,Free Shipping,No,No,48,Cash,Fortnightly,0.0,2205,0,49,1.0,24,0,0.47005468854208343,37.20356374563909,Mid Value,1,0,Loyalist
3740,38,Female,Sunglasses,Accessories,31,Idaho,M,Olive,Fall,4.2,No,Free Shipping,No,No,43,Credit Card,Weekly,0.0,1364,1,44,1.0,52,0,0.6190476190476191,40.32776323930175,Mid Value,1,0,Loyalist
3741,42,Female,Pants,Clothing,96,Virginia,M,Silver,Summer,2.6,No,Store Pickup,No,No,26,Debit Card,Bi-Weekly,0.0,2592,0,27,1.0,26,0,0.3334667200213418,32.342803039780065,Mid Value,1,0,Loyalist
3742,58,Female,Shirt,Clothing,96,Arizona,M,Purple,Spring,3.2,No,2-Day Shipping,No,No,26,Debit Card,Bi-Weekly,0.0,2592,0,27,1.0,26,0,0.3334667200213418,32.342803039780065,Mid Value,1,0,Loyalist
3743,56,Female,Shirt,Clothing,80,Maryland,M,Gray,Fall,4.4,No,Standard,No,No,50,Credit Card,Bi-Weekly,0.0,4080,1,51,1.0,26,0,0.4967320261437908,49.92900995901956,High Value,1,0,Champion
3744,62,Female,Pants,Clothing,28,Idaho,L,Cyan,Fall,3.6,No,Free Shipping,No,No,36,Debit Card,Quarterly,0.0,1036,0,37,1.0,4,0,0.25770308123249297,19.218805912955474,Low Value,1,0,Loyalist
3745,24,Female,Hoodie,Clothing,51,New Jersey,M,Gray,Summer,2.7,No,Next Day Air,No,No,26,Bank Transfer,Fortnightly,0.0,1377,0,27,1.0,24,0,0.32039482459650526,24.504116723884266,Mid Value,1,0,Loyalist
3746,60,Female,Socks,Clothing,41,Washington,L,Gold,Spring,4.3,No,Express,No,No,2,Debit Card,Monthly,0.0,123,1,3,1.0,12,0,0.07869814592503667,4.773507290659367,Low Value,0,0,Potential Loyalist
3747,53,Female,Coat,Outerwear,99,Idaho,XL,Cyan,Summer,2.6,No,Next Day Air,No,No,49,PayPal,Monthly,0.0,4950,0,50,1.0,12,0,0.39842603708149926,49.62516243427439,High Value,1,0,Champion
3748,26,Female,Sweater,Clothing,53,Rhode Island,L,Olive,Spring,4.3,No,Store Pickup,No,No,32,Bank Transfer,Bi-Weekly,0.0,1749,1,33,1.0,26,0,0.3742830465519541,29.800494230213857,Mid Value,1,0,Loyalist
3749,34,Female,Backpack,Accessories,25,Delaware,M,Violet,Fall,3.9,No,2-Day Shipping,No,No,3,Venmo,Annually,0.0,100,0,4,1.0,1,0,0.013605442176870746,0.9467670557535908,Low Value,0,0,Passive
3750,24,Female,Blouse,Clothing,95,Alaska,L,Yellow,Winter,2.9,No,2-Day Shipping,No,No,38,Venmo,Every 3 Months,0.0,3705,0,39,1.0,4,0,0.2713085234093637,35.64827847091321,Mid Value,1,0,Loyalist
3751,42,Female,Hoodie,Clothing,88,Arizona,M,Gold,Fall,3.1,No,Free Shipping,No,No,5,PayPal,Monthly,0.0,528,0,6,1.0,12,0,0.0991063091903428,7.9367425561901115,Low Value,0,0,Potential Loyalist
3752,36,Female,Jewelry,Accessories,97,Alabama,S,Silver,Fall,4.2,No,Free Shipping,No,No,8,Credit Card,Every 3 Months,0.0,873,1,9,1.0,4,0,0.06722689075630252,8.590768484219307,Low Value,0,0,Passive
3753,24,Female,Coat,Outerwear,81,Washington,L,Pink,Winter,4.1,No,2-Day Shipping,No,No,43,Venmo,Weekly,0.0,3564,1,44,1.0,52,0,0.6190476190476191,53.284002153280106,High Value,1,0,Champion
3754,39,Female,Sunglasses,Accessories,26,Louisiana,S,Turquoise,Winter,4.2,No,Next Day Air,No,No,22,Bank Transfer,Fortnightly,0.0,598,1,23,1.0,24,0,0.29318394024276373,18.782721305227476,Low Value,0,0,Potential Loyalist
3755,46,Female,Shoes,Footwear,41,Nebraska,M,Turquoise,Summer,4.4,No,Express,No,No,10,Cash,Every 3 Months,0.0,451,1,11,1.0,4,0,0.08083233293317327,6.8167253680374476,Low Value,0,0,Passive
3756,64,Female,Skirt,Clothing,93,Pennsylvania,M,Peach,Fall,3.4,No,Free Shipping,No,No,26,Credit Card,Monthly,0.0,2511,0,27,1.0,12,0,0.24196345204748565,27.08261547003386,Mid Value,1,0,Loyalist
3757,64,Female,Skirt,Clothing,69,South Carolina,L,Teal,Spring,4.8,No,Express,No,No,42,Debit Card,Bi-Weekly,0.0,2967,1,43,1.0,26,0,0.4423102574363078,40.52953460645001,Mid Value,1,0,Loyalist
3758,61,Female,Skirt,Clothing,44,California,L,Red,Fall,4.5,No,2-Day Shipping,No,No,33,Cash,Weekly,0.0,1496,1,34,1.0,52,0,0.5510204081632653,37.54914219664323,Mid Value,1,0,Loyalist
3759,61,Female,Sandals,Footwear,54,Indiana,S,Black,Spring,2.7,No,Store Pickup,No,No,23,Bank Transfer,Quarterly,0.0,1296,0,24,1.0,4,0,0.16926770708283312,16.12720379386108,Low Value,0,0,Passive
3760,44,Female,Sneakers,Footwear,61,Missouri,M,Pink,Spring,3.5,No,Store Pickup,No,No,30,Venmo,Quarterly,0.0,1891,0,31,1.0,4,0,0.21688675470188074,22.120474264389646,Low Value,1,0,Loyalist
3761,65,Female,Socks,Clothing,80,Connecticut,M,Peach,Fall,3.1,No,Next Day Air,No,No,36,PayPal,Weekly,0.0,2960,0,37,1.0,52,0,0.5714285714285714,46.94903973940265,High Value,1,0,Champion
3762,60,Female,Backpack,Accessories,30,Nevada,M,Green,Summer,2.8,No,Next Day Air,No,No,3,Venmo,Every 3 Months,0.0,120,0,4,1.0,4,0,0.03321328531412565,2.0895144193945727,Low Value,0,0,Passive
3763,65,Female,Shorts,Clothing,94,New York,L,Green,Fall,2.9,No,Store Pickup,No,No,13,PayPal,Annually,0.0,1316,0,14,1.0,1,0,0.08163265306122448,11.664029032977034,Low Value,0,0,Passive
3764,27,Female,Shirt,Clothing,24,Oklahoma,XL,Red,Winter,4.5,No,Standard,No,No,38,Cash,Every 3 Months,0.0,936,1,39,1.0,4,0,0.2713085234093637,19.629774185611247,Low Value,1,0,Loyalist
3765,36,Female,Socks,Clothing,21,South Dakota,M,Maroon,Fall,3.5,No,Next Day Air,No,No,19,Venmo,Monthly,0.0,420,0,20,1.0,12,0,0.19434440442843803,12.279102538000005,Low Value,0,0,Potential Loyalist
3766,22,Female,Jewelry,Accessories,52,Missouri,M,Green,Summer,4.3,No,Standard,No,No,14,Bank Transfer,Bi-Weekly,0.0,780,1,15,1.0,26,0,0.25183406696011734,17.693068229062032,Low Value,0,0,Potential Loyalist
3767,62,Female,Handbag,Accessories,59,Texas,M,Black,Fall,4.9,No,Next Day Air,No,No,43,Debit Card,Annually,0.0,2596,1,44,1.0,1,0,0.2857142857142857,30.15887968139327,Mid Value,1,0,Loyalist
3768,59,Female,Shorts,Clothing,51,New York,XL,Black,Summer,3.1,No,Free Shipping,No,No,10,Bank Transfer,Fortnightly,0.0,561,0,11,1.0,24,0,0.21155128718153926,14.008937322704012,Low Value,0,0,Potential Loyalist
3769,50,Female,Sweater,Clothing,35,Vermont,M,Yellow,Winter,4.0,No,Free Shipping,No,No,34,Bank Transfer,Quarterly,0.0,1225,1,35,1.0,4,0,0.2440976390556222,19.909354691948614,Low Value,1,0,Loyalist
3770,51,Female,Gloves,Accessories,87,Arizona,L,Green,Summer,3.6,No,Standard,No,No,31,Venmo,Annually,0.0,2784,0,32,1.0,1,0,0.20408163265306123,26.710165587799413,Mid Value,1,0,Loyalist
3771,23,Female,Pants,Clothing,42,Montana,L,Black,Summer,4.0,No,Store Pickup,No,No,34,Bank Transfer,Weekly,0.0,1470,1,35,1.0,52,0,0.5578231292517006,37.751622547227754,Mid Value,1,0,Loyalist
3772,21,Female,T-shirt,Clothing,86,Oklahoma,M,Red,Winter,2.6,No,Express,No,No,28,Venmo,Bi-Weekly,0.0,2494,0,29,1.0,26,0,0.3470721621982126,32.47686056365684,Mid Value,1,0,Loyalist
3773,44,Female,Pants,Clothing,26,New Hampshire,L,Yellow,Fall,3.1,No,Next Day Air,No,No,35,Cash,Annually,0.0,936,0,36,1.0,1,0,0.2312925170068027,17.249323051056468,Low Value,1,0,Loyalist
3774,25,Female,Sweater,Clothing,60,Wisconsin,M,Violet,Summer,3.5,No,Store Pickup,No,No,41,Cash,Quarterly,0.0,2520,0,42,1.0,4,0,0.2917166866746698,29.736375669133125,Mid Value,1,0,Loyalist
3775,57,Female,Gloves,Accessories,83,Alaska,S,Cyan,Winter,3.9,No,Standard,No,No,48,PayPal,Fortnightly,0.0,4067,0,49,1.0,24,0,0.47005468854208343,48.16925322646987,High Value,1,0,Champion
3776,41,Female,Belt,Accessories,63,South Dakota,S,Pink,Spring,2.7,No,2-Day Shipping,No,No,45,Cash,Quarterly,0.0,2898,0,46,1.0,4,0,0.31892757102841135,33.38489123353375,Mid Value,1,0,Loyalist
3777,19,Female,Sneakers,Footwear,25,Alaska,L,Olive,Spring,4.1,No,Standard,No,No,10,Credit Card,Fortnightly,0.0,275,1,11,1.0,24,0,0.21155128718153926,12.613315411678535,Low Value,0,0,Potential Loyalist
3778,43,Female,Shorts,Clothing,65,Utah,M,Maroon,Fall,4.3,No,Express,No,No,9,Cash,Weekly,0.0,650,1,10,1.0,52,0,0.3877551020408163,24.0324905082746,Low Value,0,0,Potential Loyalist
3779,25,Female,Sneakers,Footwear,60,South Dakota,M,Cyan,Fall,2.9,No,Free Shipping,No,No,30,Debit Card,Annually,0.0,1860,0,31,1.0,1,0,0.19727891156462585,20.912945706178775,Low Value,1,0,Loyalist
3780,60,Female,Jeans,Clothing,75,California,XL,Lavender,Spring,4.0,No,Express,No,No,45,PayPal,Annually,0.0,3450,1,46,1.0,1,0,0.29931972789115646,35.89945513531886,Mid Value,1,0,Loyalist
3781,54,Female,Sneakers,Footwear,57,Mississippi,L,Yellow,Fall,4.1,No,Free Shipping,No,No,41,Venmo,Quarterly,0.0,2394,1,42,1.0,4,0,0.2917166866746698,29.283025679124258,Mid Value,1,0,Loyalist
3782,52,Female,Boots,Footwear,99,Tennessee,M,Pink,Winter,3.7,No,Standard,No,No,40,PayPal,Fortnightly,0.0,4059,0,41,1.0,24,0,0.4156329198346005,45.27734332842127,High Value,1,0,Champion
3783,40,Female,Jacket,Outerwear,45,Alabama,L,Orange,Spring,2.8,No,Free Shipping,No,No,42,PayPal,Fortnightly,0.0,1935,0,43,1.0,24,0,0.42923836201147125,33.47988265242523,Mid Value,1,0,Loyalist
3784,39,Female,Gloves,Accessories,66,Maine,XL,Orange,Summer,3.2,No,Free Shipping,No,No,17,Debit Card,Fortnightly,0.0,1188,0,18,1.0,24,0,0.2591703348005869,20.190662177435893,Low Value,0,0,Potential Loyalist
3785,54,Female,Socks,Clothing,53,Virginia,M,Violet,Winter,4.5,No,Next Day Air,No,No,4,Venmo,Annually,0.0,265,1,5,1.0,1,0,0.02040816326530612,2.562773659843401,Low Value,0,0,Passive
3786,64,Female,Jeans,Clothing,94,New Hampshire,L,Lavender,Winter,3.8,No,Standard,No,No,6,Cash,Monthly,0.0,658,0,7,1.0,12,0,0.10590903027877817,9.05793802976583,Low Value,0,0,Potential Loyalist
3787,31,Female,Boots,Footwear,47,Tennessee,L,Yellow,Fall,3.6,No,2-Day Shipping,No,No,22,Venmo,Weekly,0.0,1081,0,23,1.0,52,0,0.47619047619047616,30.904840338467753,Mid Value,0,0,Potential Loyalist
3788,37,Female,Blouse,Clothing,80,New York,M,Pink,Fall,3.6,No,2-Day Shipping,No,No,46,PayPal,Every 3 Months,0.0,3760,0,47,1.0,4,0,0.32573029211684673,38.816980745760446,Mid Value,1,0,Loyalist
3789,43,Female,Hat,Accessories,65,Kansas,XL,Teal,Spring,3.2,No,Next Day Air,No,No,27,Debit Card,Monthly,0.0,1820,0,28,1.0,12,0,0.24876617313592103,23.368778148893103,Low Value,1,0,Loyalist
3790,56,Female,Shirt,Clothing,75,North Dakota,M,Magenta,Summer,3.8,No,Express,No,No,18,Bank Transfer,Every 3 Months,0.0,1425,0,19,1.0,4,0,0.13525410164065627,15.108912841432112,Low Value,0,0,Passive
3791,27,Female,Handbag,Accessories,45,Alaska,XL,Beige,Summer,4.4,No,Standard,No,No,31,Credit Card,Weekly,0.0,1440,1,32,1.0,52,0,0.5374149659863945,36.50814794878797,Mid Value,1,0,Loyalist
3792,40,Female,Sunglasses,Accessories,51,Texas,M,Gray,Spring,3.7,No,Store Pickup,No,No,1,Venmo,Weekly,0.0,102,0,2,1.0,52,0,0.3333333333333333,17.671723729003226,Low Value,0,0,Potential Loyalist
3793,43,Female,Scarf,Accessories,58,Massachusetts,S,Turquoise,Summer,2.6,No,Express,No,No,2,PayPal,Fortnightly,0.0,174,0,3,1.0,24,0,0.1571295184740563,8.885020811747316,Low Value,0,0,Potential Loyalist
3794,62,Female,Sunglasses,Accessories,20,Delaware,M,Pink,Fall,4.0,No,Standard,No,No,46,Bank Transfer,Annually,0.0,940,1,47,1.0,1,0,0.30612244897959184,21.47316391212054,Low Value,1,0,Loyalist
3795,44,Female,Scarf,Accessories,82,South Dakota,M,Violet,Summer,3.6,No,2-Day Shipping,No,No,27,Venmo,Weekly,0.0,2296,0,28,1.0,52,0,0.5102040816326531,39.83821542743623,Mid Value,1,0,Loyalist
3796,45,Female,Gloves,Accessories,92,Arkansas,M,Charcoal,Spring,2.5,No,Express,No,No,3,Cash,Weekly,0.0,368,0,4,1.0,52,0,0.3469387755102041,19.94944987319278,Low Value,0,0,Potential Loyalist
3797,40,Female,Shorts,Clothing,81,Utah,M,Lavender,Fall,3.2,No,Free Shipping,No,No,47,Bank Transfer,Quarterly,0.0,3888,0,48,1.0,4,0,0.3325330132052821,39.92639782032346,Mid Value,1,0,Loyalist
3798,68,Female,Sunglasses,Accessories,44,California,M,Gray,Summer,2.5,No,Next Day Air,No,No,20,Cash,Quarterly,0.0,924,0,21,1.0,4,0,0.14885954381752697,12.8696229642483,Low Value,0,0,Passive
3799,63,Female,Jewelry,Accessories,72,Rhode Island,S,Brown,Winter,3.2,No,Next Day Air,No,No,23,Credit Card,Annually,0.0,1728,0,24,1.0,1,0,0.14965986394557823,17.64637460709202,Low Value,0,0,Passive
3800,60,Female,Jacket,Outerwear,26,Oklahoma,L,Violet,Winter,2.6,No,Store Pickup,No,No,13,Credit Card,Monthly,0.0,364,0,14,1.0,12,0,0.1535280778978258,9.815710139145864,Low Value,0,0,Potential Loyalist
3801,19,Female,Sweater,Clothing,26,Vermont,M,Turquoise,Fall,4.8,No,Next Day Air,No,No,12,Venmo,Bi-Weekly,0.0,338,1,13,1.0,26,0,0.2382286247832466,14.378842971754208,Low Value,0,0,Potential Loyalist
3802,26,Female,Blouse,Clothing,84,Kentucky,M,Peach,Spring,5.0,No,Store Pickup,No,No,36,PayPal,Fortnightly,0.0,3108,1,37,1.0,24,0,0.38842203548085896,38.54300559467162,Mid Value,1,0,Loyalist
3803,70,Female,Scarf,Accessories,72,Illinois,S,Turquoise,Spring,3.2,No,2-Day Shipping,No,No,1,Bank Transfer,Monthly,0.0,144,0,2,1.0,12,0,0.0718954248366013,4.25289179475137,Low Value,0,0,Potential Loyalist
3804,48,Female,Handbag,Accessories,55,Connecticut,M,Violet,Spring,3.6,No,Standard,No,No,14,Debit Card,Weekly,0.0,825,0,15,1.0,52,0,0.42176870748299317,26.552408962843405,Mid Value,0,0,Potential Loyalist
3805,37,Female,Hat,Accessories,77,Florida,M,Olive,Fall,2.7,No,2-Day Shipping,No,No,45,Cash,Annually,0.0,3542,0,46,1.0,1,0,0.29931972789115646,36.1525723421117,Mid Value,1,0,Loyalist
3806,48,Female,Scarf,Accessories,57,New Jersey,M,Green,Fall,3.1,No,Standard,No,No,31,Credit Card,Quarterly,0.0,1824,0,32,1.0,4,0,0.22368947579031612,22.081497435213663,Low Value,1,0,Loyalist
3807,18,Female,Boots,Footwear,71,Missouri,M,Teal,Spring,3.0,No,Standard,No,No,41,PayPal,Weekly,0.0,2982,0,42,1.0,52,0,0.6054421768707483,48.85659981729105,High Value,1,0,Champion
3808,38,Female,Blouse,Clothing,39,Michigan,L,Peach,Spring,2.9,No,Next Day Air,No,No,36,PayPal,Annually,0.0,1443,0,37,1.0,1,0,0.23809523809523808,20.590746738527567,Low Value,1,0,Loyalist
3809,33,Female,Socks,Clothing,28,Washington,M,Pink,Winter,4.7,No,Express,No,No,6,Debit Card,Bi-Weekly,0.0,196,1,7,1.0,26,0,0.19741229825263434,11.408979415353636,Low Value,0,0,Potential Loyalist
3810,57,Female,Shoes,Footwear,33,New York,S,Maroon,Winter,3.7,No,Standard,No,No,28,Credit Card,Annually,0.0,957,0,29,1.0,1,0,0.18367346938775508,14.883799476441844,Low Value,1,0,Loyalist
3811,46,Female,Skirt,Clothing,79,Wisconsin,L,Peach,Fall,3.9,No,Free Shipping,No,No,29,Venmo,Monthly,0.0,2370,0,30,1.0,12,0,0.26237161531279174,27.31903695288714,Mid Value,1,0,Loyalist
3812,46,Female,Belt,Accessories,30,Idaho,M,Maroon,Winter,4.0,No,Standard,No,No,14,Cash,Monthly,0.0,450,1,15,1.0,12,0,0.16033079898626118,10.966469982233724,Low Value,0,0,Potential Loyalist
3813,50,Female,Skirt,Clothing,75,Michigan,M,Pink,Spring,2.8,No,Next Day Air,No,No,7,Bank Transfer,Every 3 Months,0.0,600,0,8,1.0,4,0,0.06042416966786714,6.338728333443289,Low Value,0,0,Passive
3814,61,Female,Pants,Clothing,89,Georgia,M,Orange,Summer,4.1,No,Express,No,No,31,Venmo,Bi-Weekly,0.0,2848,1,32,1.0,26,0,0.3674803254635187,35.91712494994696,Mid Value,1,0,Loyalist
3815,45,Female,Dress,Clothing,95,Michigan,M,Orange,Winter,4.2,No,Free Shipping,No,No,26,Bank Transfer,Every 3 Months,0.0,2565,1,27,1.0,4,0,0.18967587034813926,24.956085728464934,Mid Value,1,0,Loyalist
3816,32,Female,Hat,Accessories,44,Maine,M,Brown,Fall,4.3,No,Express,No,No,12,Venmo,Fortnightly,0.0,572,1,13,1.0,24,0,0.22515672935841002,15.073606740565063,Low Value,0,0,Potential Loyalist
3817,29,Female,Coat,Outerwear,86,Maryland,S,Silver,Summer,4.3,No,Store Pickup,No,No,45,Credit Card,Fortnightly,0.0,3956,1,46,1.0,24,0,0.4496465252767774,46.737442615807154,High Value,1,0,Champion
3818,66,Female,Scarf,Accessories,91,Missouri,M,Magenta,Fall,2.6,No,Express,No,No,40,PayPal,Annually,0.0,3731,0,41,1.0,1,0,0.26530612244897955,35.48763336006395,Mid Value,1,0,Loyalist
3819,70,Female,Sneakers,Footwear,41,Oregon,XL,Indigo,Winter,3.8,No,Free Shipping,No,No,42,Cash,Monthly,0.0,1763,0,43,1.0,12,0,0.3508069894624516,28.367086843276763,Mid Value,1,0,Loyalist
3820,36,Female,Pants,Clothing,99,Arkansas,S,Gold,Spring,2.9,No,Express,No,No,45,Cash,Quarterly,0.0,4554,0,46,1.0,4,0,0.31892757102841135,43.137405616055645,Mid Value,1,0,Loyalist
3821,34,Female,Belt,Accessories,65,New Hampshire,M,Purple,Winter,5.0,No,Standard,No,No,34,Debit Card,Quarterly,0.0,2275,1,35,1.0,4,0,0.2440976390556222,26.093014173620105,Mid Value,1,0,Loyalist
3822,20,Female,Sneakers,Footwear,48,Oregon,M,Gold,Summer,4.6,No,Free Shipping,No,No,34,Credit Card,Every 3 Months,0.0,1680,1,35,1.0,4,0,0.2440976390556222,22.58894046733959,Low Value,1,0,Loyalist
3823,70,Female,Hat,Accessories,41,Kansas,S,Gold,Spring,3.2,No,Free Shipping,No,No,17,PayPal,Every 3 Months,0.0,738,0,18,1.0,4,0,0.12845138055222088,10.707433242817327,Low Value,0,0,Passive
3824,50,Female,Shirt,Clothing,42,California,M,Gold,Summer,3.0,No,Standard,No,No,27,Bank Transfer,Weekly,0.0,1176,0,28,1.0,52,0,0.5102040816326531,33.24231198031997,Mid Value,1,0,Loyalist
3825,54,Female,Shorts,Clothing,26,Georgia,M,Olive,Summer,4.0,No,Free Shipping,No,No,31,Credit Card,Quarterly,0.0,832,1,32,1.0,4,0,0.22368947579031612,16.528100672702404,Low Value,1,0,Loyalist
3826,49,Female,Shorts,Clothing,35,Hawaii,L,Green,Fall,4.1,No,Express,No,No,47,Debit Card,Fortnightly,0.0,1680,1,48,1.0,24,0,0.46325196745364816,34.044823614845335,Mid Value,1,0,Loyalist
3827,50,Female,Jacket,Outerwear,31,Montana,M,Gray,Summer,4.0,No,Express,No,No,25,Bank Transfer,Annually,0.0,806,1,26,1.0,1,0,0.16326530612244897,13.216420885524972,Low Value,0,0,Passive
3828,62,Female,Jewelry,Accessories,73,Montana,M,Red,Summer,4.1,No,Standard,No,No,47,Cash,Fortnightly,0.0,3504,1,48,1.0,24,0,0.46325196745364816,44.78672351443468,High Value,1,0,Champion
3829,42,Female,Blouse,Clothing,82,Mississippi,M,Charcoal,Spring,3.4,No,Free Shipping,No,No,8,Cash,Weekly,0.0,738,0,9,1.0,52,0,0.38095238095238093,23.906451379292292,Low Value,0,0,Potential Loyalist
3830,69,Female,Pants,Clothing,32,Washington,M,Indigo,Spring,2.9,No,Free Shipping,No,No,32,Debit Card,Fortnightly,0.0,1056,0,33,1.0,24,0,0.36121115112711755,24.747280908843027,Mid Value,1,0,Loyalist
3831,22,Female,Hat,Accessories,27,Pennsylvania,M,Indigo,Summer,3.0,No,2-Day Shipping,No,No,33,Bank Transfer,Every 3 Months,0.0,918,0,34,1.0,4,0,0.23729491796718682,17.457081757956562,Low Value,1,0,Loyalist
3832,36,Female,Backpack,Accessories,86,Nevada,L,Silver,Spring,4.0,No,Next Day Air,No,No,16,Debit Card,Every 3 Months,0.0,1462,1,17,1.0,4,0,0.12164865946378552,14.904303295459473,Low Value,0,0,Passive
3833,64,Female,Boots,Footwear,38,Kansas,XL,Purple,Winter,4.8,No,2-Day Shipping,No,No,27,Cash,Weekly,0.0,1064,1,28,1.0,52,0,0.5102040816326531,32.871410783400066,Mid Value,1,0,Loyalist
3834,44,Female,Jacket,Outerwear,93,Arizona,L,Gray,Summer,4.6,No,Free Shipping,No,No,17,PayPal,Every 3 Months,0.0,1674,1,18,1.0,4,0,0.12845138055222088,16.508413128556203,Low Value,0,0,Passive
3835,43,Female,Hoodie,Clothing,59,Tennessee,M,Magenta,Winter,4.1,No,2-Day Shipping,No,No,17,Cash,Quarterly,0.0,1062,1,18,1.0,4,0,0.12845138055222088,12.904223030667673,Low Value,0,0,Passive
3836,58,Female,Sandals,Footwear,58,Pennsylvania,L,Silver,Winter,2.6,No,Express,No,No,28,PayPal,Bi-Weekly,0.0,1682,0,29,1.0,26,0,0.3470721621982126,27.69483056449755,Mid Value,1,0,Loyalist
3837,62,Female,Skirt,Clothing,84,Alaska,M,Violet,Spring,2.5,No,Free Shipping,No,No,38,PayPal,Fortnightly,0.0,3276,0,39,1.0,24,0,0.4020274776577297,39.9549010394468,Mid Value,1,0,Loyalist
3838,45,Female,Hoodie,Clothing,100,New Mexico,M,Green,Spring,4.8,No,Free Shipping,No,No,33,Bank Transfer,Fortnightly,0.0,3400,1,34,1.0,24,0,0.3680138722155528,39.19585323727777,Mid Value,1,0,Loyalist
3839,47,Female,Dress,Clothing,25,Rhode Island,L,Green,Summer,4.2,No,Express,No,No,24,Venmo,Every 3 Months,0.0,625,1,25,1.0,4,0,0.1760704281712685,12.819839610639114,Low Value,0,0,Passive
3840,66,Female,Sandals,Footwear,29,Connecticut,M,Peach,Spring,3.9,No,Free Shipping,No,No,14,Venmo,Quarterly,0.0,435,0,15,1.0,4,0,0.10804321728691477,7.856207179142959,Low Value,0,0,Passive
3841,30,Female,Jeans,Clothing,42,Idaho,M,Turquoise,Spring,3.7,No,Express,No,No,5,Venmo,Fortnightly,0.0,252,0,6,1.0,24,0,0.1775376817393624,10.411176986492078,Low Value,0,0,Potential Loyalist
3842,68,Female,Jeans,Clothing,57,Mississippi,L,Pink,Fall,4.2,No,2-Day Shipping,No,No,8,Bank Transfer,Monthly,0.0,513,1,9,1.0,12,0,0.11951447245564892,9.20389232463568,Low Value,0,0,Potential Loyalist
3843,35,Female,Jacket,Outerwear,84,Colorado,L,Lavender,Winter,4.2,No,Next Day Air,No,No,42,Debit Card,Monthly,0.0,3612,1,43,1.0,12,0,0.3508069894624516,39.544905878316655,Mid Value,1,0,Loyalist
3844,64,Female,Hat,Accessories,71,Georgia,L,Silver,Winter,4.0,No,Free Shipping,No,No,48,Venmo,Every 3 Months,0.0,3479,1,49,1.0,4,0,0.33933573429371744,38.16200390776619,Mid Value,1,0,Loyalist
3845,30,Female,Shorts,Clothing,87,Montana,S,Cyan,Fall,5.0,No,Next Day Air,No,No,40,Venmo,Quarterly,0.0,3567,1,41,1.0,4,0,0.28491396558623444,35.83545716232754,Mid Value,1,0,Loyalist
3846,58,Female,Sweater,Clothing,52,California,M,Green,Winter,4.9,No,Standard,No,No,46,Venmo,Annually,0.0,2444,1,47,1.0,1,0,0.30612244897959184,30.330519969676654,Mid Value,1,0,Loyalist
3847,57,Female,Blouse,Clothing,58,Pennsylvania,L,Orange,Summer,4.0,No,Express,No,No,40,PayPal,Every 3 Months,0.0,2378,1,41,1.0,4,0,0.28491396558623444,28.833198949272877,Mid Value,1,0,Loyalist
3848,60,Female,Sweater,Clothing,34,Delaware,S,Blue,Fall,3.2,No,2-Day Shipping,No,No,31,PayPal,Fortnightly,0.0,1088,0,32,1.0,24,0,0.35440843003868217,24.580135755296624,Mid Value,1,0,Loyalist
3849,22,Female,Jewelry,Accessories,60,New Hampshire,M,Magenta,Winter,3.0,No,Next Day Air,No,No,39,Cash,Every 3 Months,0.0,2400,0,40,1.0,4,0,0.27811124449779906,28.318472652871225,Mid Value,1,0,Loyalist
3850,46,Female,Hoodie,Clothing,68,Florida,S,Cyan,Winter,2.6,No,Express,No,No,36,PayPal,Fortnightly,0.0,2516,0,37,1.0,24,0,0.38842203548085896,34.767910339118465,Mid Value,1,0,Loyalist
3851,27,Female,Jewelry,Accessories,74,Mississippi,L,Indigo,Summer,4.4,No,2-Day Shipping,No,No,25,Debit Card,Every 3 Months,0.0,1924,1,26,1.0,4,0,0.18287314925970388,20.825509307142422,Low Value,0,0,Passive
3852,50,Female,Scarf,Accessories,83,Montana,M,Pink,Summer,3.9,No,Free Shipping,No,No,24,Debit Card,Annually,0.0,2075,0,25,1.0,1,0,0.1564625850340136,20.04552637354651,Low Value,0,0,Passive
3853,65,Female,Hat,Accessories,79,Mississippi,M,Peach,Fall,4.0,No,2-Day Shipping,No,No,19,PayPal,Weekly,0.0,1580,1,20,1.0,52,0,0.45578231292517,33.06544142668085,Mid Value,0,0,Potential Loyalist
3854,61,Female,Sunglasses,Accessories,76,Tennessee,M,Lavender,Fall,4.0,No,Store Pickup,No,No,49,Debit Card,Bi-Weekly,0.0,3800,1,50,1.0,26,0,0.4899293050553554,47.92443455949077,High Value,1,0,Champion
3855,57,Female,T-shirt,Clothing,20,Florida,M,Black,Spring,4.2,No,Free Shipping,No,No,4,Venmo,Annually,0.0,100,1,5,1.0,1,0,0.02040816326530612,1.5910557412950235,Low Value,0,0,Passive
3856,40,Female,Shirt,Clothing,61,Illinois,XL,Lavender,Summer,4.4,No,Next Day Air,No,No,36,Cash,Quarterly,0.0,2257,1,37,1.0,4,0,0.25770308123249297,26.69820765800518,Mid Value,1,0,Loyalist
3857,39,Female,Sandals,Footwear,78,Virginia,S,Brown,Summer,2.5,No,Free Shipping,No,No,8,Debit Card,Quarterly,0.0,702,0,9,1.0,4,0,0.06722689075630252,7.295026220841095,Low Value,0,0,Passive
3858,42,Female,Hat,Accessories,21,Texas,S,Yellow,Summer,3.1,No,Store Pickup,No,No,29,Credit Card,Every 3 Months,0.0,630,0,30,1.0,4,0,0.21008403361344535,14.338594149127779,Low Value,1,0,Loyalist
3859,30,Female,T-shirt,Clothing,77,Missouri,M,Olive,Winter,3.5,No,Store Pickup,No,No,26,Credit Card,Quarterly,0.0,2079,0,27,1.0,4,0,0.18967587034813926,21.80524562058527,Low Value,1,0,Loyalist
3860,65,Female,Shorts,Clothing,88,Mississippi,S,Blue,Fall,3.0,No,2-Day Shipping,No,No,47,Bank Transfer,Bi-Weekly,0.0,4224,0,48,1.0,26,0,0.4763238628784847,49.421566926893625,High Value,1,0,Champion
3861,57,Female,Sunglasses,Accessories,64,Pennsylvania,M,Turquoise,Summer,4.4,No,Next Day Air,No,No,44,Cash,Annually,0.0,2880,1,45,1.0,1,0,0.2925170068027211,32.187011878947466,Mid Value,1,0,Loyalist
3862,64,Female,Jacket,Outerwear,57,Wyoming,M,Yellow,Spring,4.9,No,Standard,No,No,49,Credit Card,Monthly,0.0,2850,1,50,1.0,12,0,0.39842603708149926,37.54653261872311,Mid Value,1,0,Loyalist
3863,56,Female,Shirt,Clothing,49,Idaho,L,Turquoise,Winter,2.8,No,Next Day Air,No,No,9,Venmo,Monthly,0.0,490,0,10,1.0,12,0,0.12631719354408427,9.135351125947551,Low Value,0,0,Potential Loyalist
3864,40,Female,Scarf,Accessories,35,New Hampshire,M,Orange,Summer,3.3,No,Free Shipping,No,No,28,Cash,Fortnightly,0.0,1015,0,29,1.0,24,0,0.334000266773376,23.08342557808363,Low Value,1,0,Loyalist
3865,55,Female,T-shirt,Clothing,99,Wyoming,S,Blue,Winter,4.9,No,Express,No,No,1,Debit Card,Fortnightly,0.0,198,1,2,1.0,24,0,0.1503267973856209,8.959451209941799,Low Value,0,0,Potential Loyalist
3866,25,Female,Shorts,Clothing,42,Nebraska,M,Olive,Spring,4.2,No,Store Pickup,No,No,28,Cash,Every 3 Months,0.0,1218,1,29,1.0,4,0,0.20328131252500997,17.7345330689058,Low Value,1,0,Loyalist
3867,58,Female,Hat,Accessories,32,Alaska,M,Beige,Winter,3.3,No,2-Day Shipping,No,No,33,Credit Card,Fortnightly,0.0,1088,0,34,1.0,24,0,0.3680138722155528,25.291334830796064,Mid Value,1,0,Loyalist
3868,46,Female,Jacket,Outerwear,21,Maryland,L,Lavender,Summer,2.7,No,Standard,No,No,28,Credit Card,Monthly,0.0,609,0,29,1.0,12,0,0.25556889422435636,16.592557084448366,Low Value,1,0,Loyalist
3869,18,Female,Dress,Clothing,29,Maryland,XL,Magenta,Winter,3.3,No,2-Day Shipping,No,No,9,Cash,Annually,0.0,290,0,10,1.0,1,0,0.054421768707482984,4.199312188459146,Low Value,0,0,Passive
3870,26,Female,Coat,Outerwear,64,Arizona,L,Cyan,Spring,3.8,No,Free Shipping,No,No,28,Bank Transfer,Annually,0.0,1856,0,29,1.0,1,0,0.18367346938775508,20.178189832653914,Low Value,1,0,Loyalist
3871,61,Female,Sandals,Footwear,46,Ohio,L,Lavender,Fall,3.2,No,Next Day Air,No,No,19,Cash,Every 3 Months,0.0,920,0,20,1.0,4,0,0.14205682272909165,12.490466628473163,Low Value,0,0,Passive
3872,55,Female,T-shirt,Clothing,97,Minnesota,M,Black,Fall,4.1,No,2-Day Shipping,No,No,20,Bank Transfer,Every 3 Months,0.0,2037,1,21,1.0,4,0,0.14885954381752697,19.712991162611793,Low Value,0,0,Passive
3873,41,Female,Jacket,Outerwear,94,New Hampshire,M,Green,Spring,4.3,No,Standard,No,No,3,Cash,Monthly,0.0,376,1,4,1.0,12,0,0.08550086701347205,6.619074303516608,Low Value,0,0,Potential Loyalist
3874,42,Female,Sandals,Footwear,43,Louisiana,L,Silver,Summer,4.0,No,Standard,No,No,22,Credit Card,Weekly,0.0,989,1,23,1.0,52,0,0.47619047619047616,30.651723131674917,Mid Value,0,0,Potential Loyalist
3875,70,Female,Sweater,Clothing,54,Nevada,XL,Beige,Summer,3.9,No,2-Day Shipping,No,No,33,Credit Card,Bi-Weekly,0.0,1836,0,34,1.0,26,0,0.38108576764038943,30.379764977224642,Mid Value,1,0,Loyalist
3876,63,Female,Hat,Accessories,51,New Hampshire,M,Pink,Winter,3.3,No,2-Day Shipping,No,No,21,Credit Card,Annually,0.0,1122,0,22,1.0,1,0,0.13605442176870747,13.366320630742171,Low Value,0,0,Passive
3877,60,Female,Shoes,Footwear,85,Wisconsin,S,Cyan,Fall,2.6,No,2-Day Shipping,No,No,7,Cash,Annually,0.0,680,0,8,1.0,1,0,0.04081632653061224,5.7849009204376864,Low Value,0,0,Passive
3878,28,Female,Hoodie,Clothing,96,Nevada,M,Olive,Spring,4.2,No,Next Day Air,No,No,46,Debit Card,Monthly,0.0,4512,1,47,1.0,12,0,0.3780178738161931,46.26758358503396,High Value,1,0,Champion
3879,60,Female,Hat,Accessories,42,South Carolina,M,Pink,Summer,3.4,No,2-Day Shipping,No,No,24,Credit Card,Annually,0.0,1050,0,25,1.0,1,0,0.1564625850340136,14.009096879533864,Low Value,0,0,Passive
3880,26,Female,Skirt,Clothing,63,Florida,L,Maroon,Winter,4.1,No,Free Shipping,No,No,6,Debit Card,Quarterly,0.0,441,1,7,1.0,4,0,0.05362144857943177,5.3354352219750245,Low Value,0,0,Passive
3881,42,Female,Shirt,Clothing,20,Massachusetts,M,Red,Winter,3.9,No,Free Shipping,No,No,40,PayPal,Monthly,0.0,820,0,41,1.0,12,0,0.3372015472855808,22.102372633285682,Low Value,1,0,Loyalist
3882,56,Female,Scarf,Accessories,25,Georgia,L,Silver,Spring,2.8,No,2-Day Shipping,No,No,17,Debit Card,Weekly,0.0,450,0,18,1.0,52,0,0.44217687074829926,25.410757761209897,Mid Value,0,0,Potential Loyalist
3883,35,Female,Pants,Clothing,95,North Dakota,L,Blue,Fall,2.6,No,Free Shipping,No,No,24,Cash,Fortnightly,0.0,2375,0,25,1.0,24,0,0.3067893824196345,29.67033875572591,Mid Value,0,0,Potential Loyalist
3884,34,Female,Hat,Accessories,38,North Dakota,XL,Purple,Fall,4.0,No,Next Day Air,No,No,22,Cash,Fortnightly,0.0,874,1,23,1.0,24,0,0.29318394024276373,20.408140368981122,Low Value,0,0,Potential Loyalist
3885,47,Female,Sandals,Footwear,29,Maryland,M,Brown,Fall,4.9,No,Express,No,No,3,PayPal,Weekly,0.0,116,1,4,1.0,52,0,0.3469387755102041,18.754060745383335,Low Value,0,0,Potential Loyalist
3886,49,Female,Socks,Clothing,64,New Mexico,L,Purple,Winter,3.2,No,Free Shipping,No,No,39,Cash,Quarterly,0.0,2560,0,40,1.0,4,0,0.27811124449779906,29.26074457388783,Mid Value,1,0,Loyalist
3887,37,Female,Jewelry,Accessories,92,Iowa,S,Brown,Summer,3.9,No,Express,No,No,40,Debit Card,Quarterly,0.0,3772,0,41,1.0,4,0,0.28491396558623444,36.75405391333836,Mid Value,1,0,Loyalist
3888,40,Female,Shirt,Clothing,34,Kansas,M,Charcoal,Spring,2.7,No,Express,No,No,1,Credit Card,Quarterly,0.0,68,0,2,1.0,4,0,0.0196078431372549,1.0720769695647332,Low Value,0,0,Passive
3889,45,Female,Sneakers,Footwear,69,Virginia,M,Violet,Spring,3.4,No,Standard,No,No,14,Venmo,Bi-Weekly,0.0,1035,0,15,1.0,26,0,0.25183406696011734,18.90612495539054,Low Value,0,0,Potential Loyalist
3890,57,Female,Dress,Clothing,65,Alaska,S,Yellow,Spring,3.5,No,Express,No,No,49,Bank Transfer,Annually,0.0,3250,0,50,1.0,1,0,0.32653061224489793,35.855324237255275,Mid Value,1,0,Loyalist
3891,35,Female,Shirt,Clothing,81,Nebraska,XL,Green,Winter,2.6,No,Standard,No,No,33,Debit Card,Annually,0.0,2754,0,34,1.0,1,0,0.21768707482993194,27.244688678108236,Mid Value,1,0,Loyalist
3892,36,Female,Dress,Clothing,30,Colorado,L,Peach,Winter,4.7,No,Free Shipping,No,No,6,Bank Transfer,Quarterly,0.0,210,1,7,1.0,4,0,0.05362144857943177,3.97503013600729,Low Value,0,0,Passive
3893,35,Female,Jewelry,Accessories,86,Michigan,L,Indigo,Summer,3.5,No,Standard,No,No,5,PayPal,Fortnightly,0.0,516,0,6,1.0,24,0,0.1775376817393624,11.96592565616948,Low Value,0,0,Potential Loyalist
3894,21,Female,Hat,Accessories,64,Massachusetts,L,White,Fall,3.3,No,Store Pickup,No,No,29,Bank Transfer,Bi-Weekly,0.0,1920,0,30,1.0,26,0,0.35387488328664796,29.45205958475948,Mid Value,1,0,Loyalist
3895,66,Female,Skirt,Clothing,78,Connecticut,L,White,Spring,3.9,No,2-Day Shipping,No,No,44,Credit Card,Every 3 Months,0.0,3510,0,45,1.0,4,0,0.31212484993997597,36.63348179367256,Mid Value,1,0,Loyalist
3896,40,Female,Hoodie,Clothing,28,Virginia,L,Turquoise,Summer,4.2,No,2-Day Shipping,No,No,32,Venmo,Weekly,0.0,924,1,33,1.0,52,0,0.5442176870748299,33.82492054125914,Mid Value,1,0,Loyalist
3897,52,Female,Backpack,Accessories,49,Iowa,L,White,Spring,4.5,No,Store Pickup,No,No,41,Bank Transfer,Bi-Weekly,0.0,2058,1,42,1.0,26,0,0.4355075363478724,34.82065271742468,Mid Value,1,0,Loyalist
3898,46,Female,Belt,Accessories,33,New Jersey,L,Green,Spring,2.9,No,Standard,No,No,24,Venmo,Quarterly,0.0,825,0,25,1.0,4,0,0.1760704281712685,13.708990364118161,Low Value,0,0,Passive
3899,44,Female,Shoes,Footwear,77,Minnesota,S,Brown,Summer,3.8,No,Express,No,No,24,Venmo,Weekly,0.0,1925,0,25,1.0,52,0,0.4897959183673469,36.586523797329804,Mid Value,0,0,Potential Loyalist
3900,52,Female,Handbag,Accessories,81,California,M,Beige,Spring,3.1,No,Store Pickup,No,No,33,Venmo,Quarterly,0.0,2754,0,34,1.0,4,0,0.23729491796718682,28.269652051622142,Mid Value,1,0,Loyalist
